Refund_ID,Return_ID,Refund_Date,Refund_Amount,Refund_Status
950001,900001,2025-08-13,1683.32,Pending
950002,900002,2024-08-05,11001.01,
950003,900003,2025-05-02,2821.34,Failed
950004,900004,2024-08-17,3434.15,pending
950005,900005,2026-01-04,28347.69,pending
950006,900006,2025-09-04,22979.26,Failed
950007,900007,2024-09-03,1376.13,Processed
950008,900008,2025-06-05,5777.37,processed
950009,900009,2024-04-21,1404.07,Failed
950010,900010,2025-03-31,4474.28,pending
950011,900011,2025-05-29,2037.48,Processed
950012,900012,2025-03-13,0.0,processed
950013,900013,2025-11-01,14870.79,Processed
950014,900014,2024-05-27,330.38,Pending
950015,900015,2024-05-27,5511.22,Processed
950016,900016,2024-06-23,3109.48,Failed
950017,900017,2024-09-17,841.44,
950018,900018,2025-03-14,1197.23,Processed
950019,900019,2024-02-14,3781.08,Processed
950020,900020,2024-11-21,0.0,
950021,900021,2025-12-10,4852.28,Processed
950022,900022,2024-06-25,2786.41,pending
950023,900023,2024-11-14,1092.9,Pending
950024,900024,2024-06-25,1043.03,Pending
950025,900025,2026-01-10,1513.73,Failed
950026,900026,2025-12-08,636.25,Processed
950027,900027,2024-07-13,49743.09,Pending
950028,900028,2025-10-07,2278.89,Pending
950029,900029,2024-02-20,3283.7,Pending
950030,900030,2024-05-31,11157.61,Processed
950031,900031,2024-07-06,838.48,Failed
950032,900032,2025-05-17,1106.26,pending
950033,900033,2024-11-02,2170.95,Pending
950034,900034,2024-05-15,4064.38,pending
950035,900035,2024-11-15,1010.41,Processed
950036,900036,2025-04-24,1872.76,
950037,900037,2025-08-08,8310.72,Pending
950038,900038,2025-08-24,0.0,Pending
950039,900039,2025-03-02,1054.6,processed
950040,900040,2025-11-12,9122.72,Pending
950041,900041,2025-08-04,1554.37,Failed
950042,900042,2024-10-25,6720.42,processed
950043,900043,2024-05-01,5799.9,pending
950044,900044,2024-04-12,3014.55,Processed
950045,900045,2024-07-16,5226.62,Processed
950046,900046,2024-07-07,0.0,processed
950047,900047,2025-08-29,7326.98,Failed
950048,900048,2024-09-04,500000.0,Failed
950049,900049,2024-06-08,11185.08,Processed
950050,900050,2024-10-23,10961.48,Processed
950051,900051,2024-01-18,16130.78,Pending
950052,900052,2024-01-26,2284.63,Pending
950053,900053,2024-11-01,1310.92,Processed
950054,900054,2024-08-16,4330.93,
950055,900055,2025-09-26,7484.12,Pending
950056,900056,2025-06-23,2741.06,Pending
950057,900057,2024-02-07,373.57,Pending
950058,900058,2024-11-22,1755.62,processed
950059,900059,2024-07-14,10295.33,Pending
950060,900060,2025-04-06,4080.63,Processed
950061,900061,2025-12-05,20369.93,Processed
950062,900062,2025-01-13,5530.19,Failed
950063,900063,2024-06-16,958.62,pending
950064,900064,2025-05-27,443.08,Processed
950065,900065,2025-04-18,414.86,Pending
950066,900066,2025-12-05,1131.1,Pending
950067,900067,2024-01-06,324.79,processed
950068,900068,2025-04-08,793.04,Failed
950069,900069,2024-08-16,1210.12,
950070,900070,2024-11-20,679.86,Processed
950071,900071,2025-01-12,558019.06,
950072,900072,2025-02-20,2291.66,Failed
950073,900073,2024-09-25,3253.77,pending
950074,900074,2025-07-25,4315.06,Failed
950075,900075,2024-06-30,2296.2,processed
950076,900076,2025-10-11,7434.05,pending
950077,900077,2025-09-12,25536.52,pending
950078,900078,2025-06-30,5183.4,Pending
950079,900079,2025-04-30,2466.68,pending
950080,900080,2024-07-14,773.26,Failed
950081,900081,2025-05-16,3330.93,Processed
950082,900082,2025-03-08,10792.43,processed
950083,900083,2025-01-08,2365.28,Pending
950084,900084,2024-10-26,2776.7,processed
950085,900085,2024-05-22,1801.12,Processed
950086,900086,2025-04-26,1991.75,processed
950087,900087,2024-02-20,1461.06,Processed
950088,900088,2024-12-12,3704.66,processed
950089,900089,2025-06-20,588.31,processed
950090,900090,2025-10-15,2366.79,Pending
950091,900091,2025-07-30,10022.01,Failed
950092,900092,2024-03-22,2673.73,
950093,900093,2024-09-16,1071.43,Processed
950094,900094,2025-11-18,902.55,Processed
950095,900095,2025-04-22,0.0,Pending
950096,900096,2025-07-27,3219.38,Processed
950097,900097,2025-03-11,3247.89,Processed
950098,900098,2024-11-11,4191.18,Failed
950099,900099,2025-03-29,2211.86,pending
950100,900100,2024-07-15,26738.5,Processed
950101,900101,2025-10-06,5450.15,pending
950102,900102,2024-12-13,1976.06,
950103,900103,2024-09-15,2104.67,Failed
950104,900104,2025-02-25,4047.61,processed
950105,900105,2024-11-06,2653.26,Failed
950106,900106,2025-06-05,12195.26,processed
950107,900107,2025-05-29,500000.0,pending
950108,900108,2026-01-02,1632.98,Failed
950109,900109,2025-07-11,4353.26,pending
950110,900110,2024-05-14,4131.84,
950111,900111,2025-08-29,19087.37,Processed
950112,900112,2025-07-19,4187.54,Failed
950113,900113,2024-03-08,1712.49,
950114,900114,2025-10-18,9221.53,Processed
950115,900115,2025-11-27,0.0,
950116,900116,2025-05-27,699.65,processed
950117,900117,2025-11-17,12608.48,
950118,900118,2024-06-04,3424.45,Processed
950119,900119,2026-01-02,1052.83,pending
950120,900120,2025-07-29,5870.38,processed
950121,900121,2025-06-19,12888.07,
950122,900122,2025-05-31,3439.38,Failed
950123,900123,2025-03-06,3283.36,
950124,900124,2025-01-02,17495.45,
950125,900125,2024-05-02,876.47,processed
950126,900126,2025-05-18,16975.65,Processed
950127,900127,2024-07-09,8016.12,processed
950128,900128,2024-09-24,2112.1,
950129,900129,2024-08-15,21005.71,processed
950130,900130,2024-12-28,12081.42,processed
950131,900131,2025-12-04,25535.89,Pending
950132,900132,2025-09-24,3016.2,Pending
950133,900133,2024-07-05,11893.68,processed
950134,900134,2025-07-14,3773.68,pending
950135,900135,2024-05-08,6602.63,pending
950136,900136,2025-02-19,6253.94,Processed
950137,900137,2024-02-07,273.94,
950138,900138,2024-08-03,472.86,Failed
950139,900139,2025-12-20,2258.1,Pending
950140,900140,2024-12-06,701.68,pending
950141,900141,2025-07-23,1038.72,processed
950142,900142,2025-12-04,1243.35,Processed
950143,900143,2025-02-11,10317.64,processed
950144,900144,2025-12-14,18407.13,Processed
950145,900145,2025-10-20,1811.67,
950146,900146,2025-08-14,385.66,
950147,900147,2025-03-21,7145.61,Processed
950148,900148,2024-12-14,1066.06,Processed
950149,900149,2024-10-15,1750.77,processed
950150,900150,2025-07-25,695.4,processed
950151,900151,2024-12-13,3684.96,
950152,900152,2025-09-12,2053.58,Pending
950153,900153,2024-07-09,39038.71,processed
950154,900154,2026-01-14,3765311.96,Processed
950155,900155,2024-01-27,500000.0,
950156,900156,2024-03-06,49153.91,Pending
950157,900157,2024-06-05,9610.76,
950158,900158,2026-01-13,21944.67,Failed
950159,900159,2024-04-05,4608.11,processed
950160,900160,2024-05-15,5183.06,Processed
950161,900161,2025-05-13,3761.68,pending
950162,900162,2025-06-02,1031.75,
950163,900163,2024-10-30,4749.15,Processed
950164,900164,2025-12-12,4753.97,pending
950165,900165,2025-07-09,819.71,Processed
950166,900166,2024-09-10,4520.92,Failed
950167,900167,2024-10-26,4185.51,Failed
950168,900168,2024-06-08,9304.75,processed
950169,900169,2024-09-10,9277.28,processed
950170,900170,2024-05-13,234.36,Processed
950171,900171,2024-06-04,27463.58,Failed
950172,900172,2024-10-03,2473.06,processed
950173,900173,2025-09-08,4990.37,processed
950174,900174,2025-10-06,10840.43,processed
950175,900175,2024-07-10,3922.16,pending
950176,900176,2025-10-13,28142.28,Pending
950177,900177,2024-04-04,5268.61,
950178,900178,2025-05-02,2677.61,Pending
950179,900179,2025-05-08,4170.16,pending
950180,900180,2025-08-20,324.7,Processed
950181,900181,2025-07-16,731.37,Processed
950182,900182,2025-11-10,1404.43,pending
950183,900183,2025-09-24,1757.13,processed
950184,900184,2024-06-05,10186.73,Processed
950185,900185,2024-08-21,1293.92,Failed
950186,900186,2025-02-03,4701.11,pending
950187,900187,2025-04-18,9115.93,Pending
950188,900188,2025-07-17,633.11,
950189,900189,2025-09-15,3336.94,processed
950190,900190,2024-10-19,871.52,pending
950191,900191,2024-07-30,2347.77,processed
950192,900192,2025-07-21,1152.78,processed
950193,900193,2024-04-04,6596.23,Processed
950194,900194,2024-04-21,315.23,Processed
950195,900195,2025-01-25,3590.76,pending
950196,900196,2025-03-26,27055.16,Pending
950197,900197,2024-12-02,7954.67,Processed
950198,900198,2024-09-22,14691.39,Processed
950199,900199,2024-07-19,2443.66,Failed
950200,900200,2025-04-08,50676.1,Processed
950201,900201,2026-01-02,1578.08,Failed
950202,900202,2024-12-18,28293.43,processed
950203,900203,2025-08-12,1988.57,Processed
950204,900204,2025-10-12,1336.22,Failed
950205,900205,2024-12-21,2665.31,Pending
950206,900206,2024-10-10,9211.13,Pending
950207,900207,2024-08-20,5299.7,
950208,900208,2024-06-02,836.54,pending
950209,900209,2025-04-22,1459.47,Pending
950210,900210,2024-02-22,3906.97,Failed
950211,900211,2024-07-18,3881.39,processed
950212,900212,2024-07-08,4625.73,
950213,900213,2025-09-03,9892.11,
950214,900214,2025-03-21,1475.88,pending
950215,900215,2025-02-08,804.52,
950216,900216,2024-10-19,2153.27,Processed
950217,900217,2025-02-25,0.0,processed
950218,900218,2025-05-07,4864.82,Pending
950219,900219,2024-04-18,0.0,Failed
950220,900220,2025-06-10,14394.9,processed
950221,900221,2026-01-16,818.95,processed
950222,900222,2024-09-16,764.92,Failed
950223,900223,2025-02-21,5826.19,Processed
950224,900224,2025-08-19,2546.12,pending
950225,900225,2024-06-26,9927.16,pending
950226,900226,2024-05-28,3987.03,Processed
950227,900227,2024-03-06,7737.49,Failed
950228,900228,2024-12-11,942.5,
950229,900229,2025-01-16,7072.67,pending
950230,900230,2024-02-24,3110.65,Pending
950231,900231,2024-03-23,4723.83,Failed
950232,900232,2025-10-08,2762.63,pending
950233,900233,2024-01-24,7266.86,
950234,900234,2024-12-12,7012.56,Processed
950235,900235,2025-09-01,5071.3,pending
950236,900236,2024-07-04,2024.07,
950237,900237,2024-09-29,3114.98,pending
950238,900238,2024-05-19,4657.7,
950239,900239,2025-01-24,8326.45,Processed
950240,900240,2025-08-29,1751.9,pending
950241,900241,2025-12-04,5969.08,Pending
950242,900242,2025-06-18,5327.1,processed
950243,900243,2025-12-30,8652.56,
950244,900244,2024-11-05,1772.98,Processed
950245,900245,2025-01-23,1082.2,Processed
950246,900246,2025-06-05,2379.57,pending
950247,900247,2025-04-21,3368.79,Pending
950248,900248,2025-05-22,2470.75,Failed
950249,900249,2024-05-28,909710.47,pending
950250,900250,2024-04-26,835.54,Failed
950251,900251,2024-05-25,2568.07,processed
950252,900252,2024-05-02,6522.34,processed
950253,900253,2025-07-29,27021.61,
950254,900254,2025-03-16,903.48,processed
950255,900255,2025-08-08,966.51,Pending
950256,900256,2025-11-12,624.0,processed
950257,900257,2024-07-27,2183.16,processed
950258,900258,2025-05-25,4656.82,pending
950259,900259,2024-07-29,12321.43,pending
950260,900260,2025-12-18,1043.78,
950261,900261,2025-01-27,11569.19,Failed
950262,900262,2024-05-29,1593.29,processed
950263,900263,2025-06-06,1492.23,pending
950264,900264,2025-12-22,1910.88,
950265,900265,2025-06-18,5129.51,Failed
950266,900266,2024-06-20,1317.13,Processed
950267,900267,2024-05-05,13686.59,pending
950268,900268,2025-02-26,15685.95,Processed
950269,900269,2025-06-29,21918.69,pending
950270,900270,2024-08-31,10282.01,
950271,900271,2024-07-06,1846.74,Pending
950272,900272,2025-12-02,1188.03,pending
950273,900273,2024-05-16,1462.29,pending
950274,900274,2024-04-19,3698.26,Pending
950275,900275,2025-08-20,7150.54,
950276,900276,2024-08-28,978.95,Failed
950277,900277,2025-07-04,3997.84,processed
950278,900278,2024-12-02,12142.13,pending
950279,900279,2024-06-30,617.05,Failed
950280,900280,2024-05-27,1836.51,processed
950281,900281,2025-09-24,8206.2,processed
950282,900282,2025-10-11,1353.06,
950283,900283,2025-07-19,3527.8,Failed
950284,900284,2024-11-29,1286.71,
950285,900285,2024-02-04,3632.95,Processed
950286,900286,2024-02-08,9581.18,processed
950287,900287,2024-10-05,3734.16,Processed
950288,900288,2024-04-05,3042.07,pending
950289,900289,2024-03-06,6262.16,Processed
950290,900290,2024-01-22,1407.26,pending
950291,900291,2024-12-07,21564.34,Failed
950292,900292,2025-10-06,242.87,processed
950293,900293,2024-10-29,1828.17,Processed
950294,900294,2024-05-21,674.48,Pending
950295,900295,2026-01-03,5734.37,processed
950296,900296,2025-11-07,1418267.41,
950297,900297,2025-05-17,1353.53,Failed
950298,900298,2024-01-21,17905.55,
950299,900299,2024-09-23,898.6,processed
950300,900300,2024-04-17,2515.64,Failed
950301,900301,2025-05-05,4179.34,Failed
950302,900302,2025-08-24,1353.59,Processed
950303,900303,2025-01-19,882.67,Failed
950304,900304,2024-02-20,2178.0,Processed
950305,900305,2024-06-07,5485.23,pending
950306,900306,2025-06-24,1788.69,Pending
950307,900307,2024-12-01,26806.37,Failed
950308,900308,2024-09-26,14174.21,processed
950309,900309,2024-03-16,4023.57,Pending
950310,900310,2025-07-03,1946.33,processed
950311,900311,2025-07-07,11830.67,Pending
950312,900312,2025-07-18,10585.04,processed
950313,900313,2024-06-22,0.0,Processed
950314,900314,2024-08-17,2186.46,processed
950315,900315,2024-07-29,5201.19,Processed
950316,900316,2024-03-17,6753.57,pending
950317,900317,2025-03-16,14882.05,Failed
950318,900318,2025-07-30,30171.42,Processed
950319,900319,2026-01-18,1982.16,Processed
950320,900320,2025-08-20,5792.6,pending
950321,900321,2025-09-10,9183.59,Pending
950322,900322,2024-11-19,1658.22,Processed
950323,900323,2025-02-06,2304.46,Processed
950324,900324,2024-06-26,1150.87,Failed
950325,900325,2024-10-13,10479.63,
950326,900326,2024-05-12,733187.19,Failed
950327,900327,2025-09-20,3223.2,
950328,900328,2024-08-09,2383.47,pending
950329,900329,2024-09-07,0.0,pending
950330,900330,2025-01-22,9473.05,Processed
950331,900331,2025-04-17,2064.63,
950332,900332,2024-09-15,10475.46,Failed
950333,900333,2024-11-15,493.53,
950334,900334,2024-05-25,1411.58,Pending
950335,900335,2025-06-26,14313.08,processed
950336,900336,2024-11-17,4610.03,Failed
950337,900337,2025-08-13,0.0,
950338,900338,2024-08-16,1977.88,Failed
950339,900339,2025-04-10,1276.31,Failed
950340,900340,2024-03-19,5155.04,Pending
950341,900341,2025-01-26,2607.5,Failed
950342,900342,2025-08-07,5700.6,Failed
950343,900343,2025-05-27,341.72,
950344,900344,2024-05-30,15200.06,pending
950345,900345,2025-11-16,1875.2,processed
950346,900346,2025-04-06,3816.66,
950347,900347,2025-06-15,1702.19,Processed
950348,900348,2024-03-09,7406.18,Processed
950349,900349,2024-05-22,2871.72,Failed
950350,900350,2025-09-02,1880.49,Processed
950351,900351,2025-11-12,1585.85,Failed
950352,900352,2024-03-08,1099.9,pending
950353,900353,2024-10-26,19252.8,Failed
950354,900354,2025-05-21,2213.79,
950355,900355,2025-07-17,61687.58,Failed
950356,900356,2025-11-17,1886.67,pending
950357,900357,2024-05-28,3946.85,pending
950358,900358,2025-08-26,2178.85,Failed
950359,900359,2025-11-05,1042.97,pending
950360,900360,2025-09-18,7902.09,pending
950361,900361,2024-04-02,3711.73,
950362,900362,2024-02-20,1914.95,processed
950363,900363,2024-03-30,3569.01,Failed
950364,900364,2025-04-18,1646.31,pending
950365,900365,2024-11-08,14732.32,
950366,900366,2025-07-07,2282.35,pending
950367,900367,2025-02-03,747.29,Failed
950368,900368,2025-06-13,6054.76,
950369,900369,2024-03-06,1370.37,Processed
950370,900370,2025-12-21,5517.56,Pending
950371,900371,2024-06-04,788.01,
950372,900372,2025-12-07,469.74,Pending
950373,900373,2025-01-07,1026.13,Processed
950374,900374,2025-08-24,4673.87,Processed
950375,900375,2025-06-15,8109.93,processed
950376,900376,2026-01-10,3978.62,Processed
950377,900377,2024-02-25,11248.93,processed
950378,900378,2025-07-14,4439.21,Processed
950379,900379,2024-01-18,22070.72,Failed
950380,900380,2025-09-22,7453.92,
950381,900381,2024-05-31,1925.16,pending
950382,900382,2024-02-24,2202.6,Pending
950383,900383,2025-11-26,2200.9,Pending
950384,900384,2025-03-16,5566.37,Processed
950385,900385,2024-10-30,5301.17,Processed
950386,900386,2025-04-20,4723.28,Pending
950387,900387,2025-12-21,3757.14,Pending
950388,900388,2025-09-29,1367.1,processed
950389,900389,2025-11-21,0.0,processed
950390,900390,2024-10-17,21255.94,
950391,900391,2025-01-11,2305.8,Processed
950392,900392,2025-09-09,1800.2,Failed
950393,900393,2024-05-05,2975.47,Pending
950394,900394,2025-09-15,1550.71,
950395,900395,2025-06-05,7500.15,
950396,900396,2024-01-27,16251.81,pending
950397,900397,2025-03-26,3171.51,Processed
950398,900398,2025-01-09,2725.47,Pending
950399,900399,2024-07-29,496.88,pending
950400,900400,2025-05-22,12035.86,
950401,900401,2024-01-21,709.49,
950402,900402,2024-08-03,9279.79,processed
950403,900403,2024-02-09,4176.92,Pending
950404,900404,2025-03-10,542.87,Pending
950405,900405,2025-05-07,5092.27,processed
950406,900406,2024-04-30,5064.75,pending
950407,900407,2024-02-10,7214.08,
950408,900408,2025-12-12,10027.45,Pending
950409,900409,2024-07-27,3047.35,pending
950410,900410,2025-11-10,1599.05,Pending
950411,900411,2025-07-22,2992.97,Processed
950412,900412,2024-04-13,4997.0,pending
950413,900413,2024-06-29,0.0,processed
950414,900414,2025-04-16,707.35,Pending
950415,900415,2024-04-11,13085.02,processed
950416,900416,2025-05-31,1069.58,
950417,900417,2024-02-01,3763.56,Pending
950418,900418,2025-03-28,12697.55,pending
950419,900419,2025-08-05,7827.38,Processed
950420,900420,2024-08-05,3453.53,Failed
950421,900421,2025-02-27,1913.41,Processed
950422,900422,2025-10-25,4438.24,
950423,900423,2025-12-25,2829.6,processed
950424,900424,2024-12-17,5231.79,pending
950425,900425,2024-05-01,7023.34,Processed
950426,900426,2024-10-01,1188.01,
950427,900427,2025-09-17,11463.57,Pending
950428,900428,2025-10-03,14898.11,
950429,900429,2025-10-06,2043.14,Failed
950430,900430,2024-10-22,3389.06,processed
950431,900431,2025-05-18,0.0,Failed
950432,900432,2024-09-09,2252.96,
950433,900433,2024-06-03,1108.74,Processed
950434,900434,2024-09-01,2424.8,
950435,900435,2024-03-28,5991.03,
950436,900436,2025-08-21,619.29,
950437,900437,2024-05-15,0.0,Pending
950438,900438,2024-06-27,6522.93,Failed
950439,900439,2025-12-15,1995.56,Pending
950440,900440,2024-02-03,6504.29,Processed
950441,900441,2025-01-05,3757.87,Pending
950442,900442,2025-07-25,3212.31,pending
950443,900443,2025-08-21,8316.65,Pending
950444,900444,2024-04-26,916.25,
950445,900445,2025-12-16,11861.33,Processed
950446,900446,2025-05-05,6390.05,
950447,900447,2025-11-16,7521.74,Processed
950448,900448,2024-11-01,887.19,
950449,900449,2024-03-18,9155.22,processed
950450,900450,2025-06-13,4662.05,processed
950451,900451,2024-05-28,7251.86,Pending
950452,900452,2024-09-28,3635.6,pending
950453,900453,2024-06-21,2015.82,Processed
950454,900454,2025-12-20,1356.42,
950455,900455,2024-03-27,0.0,processed
950456,900456,2025-06-03,7408.93,Pending
950457,900457,2024-07-12,2520.26,Failed
950458,900458,2025-07-07,4013.22,Processed
950459,900459,2024-09-12,45335.75,Processed
950460,900460,2025-10-26,0.0,Processed
950461,900461,2024-12-15,4334.84,Failed
950462,900462,2025-08-14,4006.73,
950463,900463,2024-04-28,1210666.38,
950464,900464,2024-03-29,757.9,Failed
950465,900465,2025-01-15,6959.53,pending
950466,900466,2024-07-14,635.2,Processed
950467,900467,2025-09-28,1718.02,processed
950468,900468,2026-01-11,1816.91,pending
950469,900469,2024-08-24,17015.19,
950470,900470,2025-06-06,377.89,
950471,900471,2024-06-18,3587.83,
950472,900472,2024-02-07,340.53,Pending
950473,900473,2024-01-26,514.5,Failed
950474,900474,2025-07-12,6907.24,
950475,900475,2025-11-03,3669.78,Processed
950476,900476,2024-03-28,0.0,Pending
950477,900477,2025-04-02,2160.64,Pending
950478,900478,2025-06-17,2730.98,Processed
950479,900479,2025-12-17,1651.35,Pending
950480,900480,2025-08-30,4775.48,Processed
950481,900481,2025-06-23,7358.7,Pending
950482,900482,2024-05-14,6246.92,
950483,900483,2025-05-19,3601.27,Failed
950484,900484,2024-10-12,7255.18,Pending
950485,900485,2024-02-19,5303.17,pending
950486,900486,2024-11-27,39533.29,Pending
950487,900487,2025-01-16,1520.06,Processed
950488,900488,2025-03-28,6700.46,Failed
950489,900489,2025-08-12,3805.67,Failed
950490,900490,2025-05-26,7342.36,Failed
950491,900491,2025-12-10,18343.01,pending
950492,900492,2024-01-23,2743.44,Processed
950493,900493,2025-07-28,4894.12,processed
950494,900494,2025-11-17,5640.75,processed
950495,900495,2025-05-09,1317.68,Pending
950496,900496,2025-01-11,4910.77,Failed
950497,900497,2024-04-14,2861.6,Failed
950498,900498,2025-01-23,7356.24,pending
950499,900499,2024-06-25,5602.31,Processed
950500,900500,2025-09-15,5735.44,
950501,900501,2026-01-15,415.33,Processed
950502,900502,2025-08-15,17761.98,pending
950503,900503,2025-11-05,26144.67,Pending
950504,900504,2024-10-25,6258.97,
950505,900505,2025-06-03,1327.83,Failed
950506,900506,2025-06-12,3038.65,Pending
950507,900507,2024-03-04,4949.34,
950508,900508,2024-11-01,15738.61,processed
950509,900509,2025-05-05,3960.94,pending
950510,900510,2025-10-26,457.12,Pending
950511,900511,2025-09-07,14762.51,processed
950512,900512,2024-03-19,2376.14,Pending
950513,900513,2025-11-22,2665.53,processed
950514,900514,2025-04-10,1599.88,Pending
950515,900515,2025-06-02,875.73,Processed
950516,900516,2025-03-29,4535.42,Pending
950517,900517,2025-06-04,-500.0,
950518,900518,2025-05-21,10766.0,Pending
950519,900519,2025-06-13,16384.11,
950520,900520,2024-08-28,4546.48,pending
950521,900521,2024-01-09,9344.44,
950522,900522,2024-03-06,4255.17,Processed
950523,900523,2025-12-11,822.81,processed
950524,900524,2025-09-16,2523.18,Failed
950525,900525,2024-05-16,-100.0,
950526,900526,2024-10-14,2323.52,Failed
950527,900527,2024-03-09,11149.89,pending
950528,900528,2024-09-23,1817.03,
950529,900529,2024-02-24,1130.08,Pending
950530,900530,2025-06-24,2365.37,processed
950531,900531,2025-03-25,23287.84,processed
950532,900532,2024-12-05,2051.34,pending
950533,900533,2025-12-17,8205.17,Pending
950534,900534,2025-05-15,16363.18,Pending
950535,900535,2025-10-20,3123.8,pending
950536,900536,2025-05-15,661.46,
950537,900537,2025-01-06,33295.39,Processed
950538,900538,2025-03-07,25217.52,pending
950539,900539,2024-03-05,10676.28,pending
950540,900540,2024-06-19,6424.07,Pending
950541,900541,2025-11-30,16666.85,pending
950542,900542,2025-07-17,3737.07,
950543,900543,2025-09-28,8881.91,Failed
950544,900544,2025-01-16,1273.11,Pending
950545,900545,2024-06-03,14454.0,
950546,900546,2024-07-19,5587.56,pending
950547,900547,2024-02-25,342.14,processed
950548,900548,2024-10-11,13847.76,Processed
950549,900549,2025-06-20,15377.1,Processed
950550,900550,2025-02-10,1244.96,
950551,900551,2025-09-11,3247.06,Failed
950552,900552,2025-03-29,18684.93,Pending
950553,900553,2024-09-09,1451.44,Failed
950554,900554,2024-08-04,5990.52,
950555,900555,2025-02-13,6141.3,pending
950556,900556,2025-07-06,965.25,Failed
950557,900557,2025-11-13,1023.4,Processed
950558,900558,2025-02-13,2303.01,
950559,900559,2025-06-25,12295.01,Pending
950560,900560,2024-12-30,4185.56,processed
950561,900561,2025-06-09,3317.23,
950562,900562,2025-07-26,1890.46,Processed
950563,900563,2025-09-01,1113.38,
950564,900564,2025-06-14,5510.28,pending
950565,900565,2025-04-30,21749.02,Pending
950566,900566,2024-08-21,4907.31,Processed
950567,900567,2026-01-01,10197.07,Processed
950568,900568,2024-04-22,12041.63,Failed
950569,900569,2025-11-11,5060.29,Pending
950570,900570,2024-06-22,1140.79,Failed
950571,900571,2025-09-07,2185.54,pending
950572,900572,2025-06-19,500000.0,
950573,900573,2024-09-04,0.0,pending
950574,900574,2025-04-24,31166.03,Processed
950575,900575,2025-10-24,5054.73,
950576,900576,2025-09-02,11330.4,Processed
950577,900577,2025-11-07,2329.64,
950578,900578,2024-07-23,0.0,Failed
950579,900579,2024-09-10,999999.0,pending
950580,900580,2025-01-09,3645.5,Processed
950581,900581,2024-10-12,3304.59,
950582,900582,2025-09-14,3795.8,
950583,900583,2025-11-01,7724.13,pending
950584,900584,2025-08-17,0.0,processed
950585,900585,2025-08-10,6340.14,Pending
950586,900586,2024-02-16,3368.68,Failed
950587,900587,2024-10-15,0.0,pending
950588,900588,2025-06-10,549.71,Processed
950589,900589,2025-08-22,8767.9,pending
950590,900590,2025-05-10,3172.64,
950591,900591,2025-07-28,0.0,Pending
950592,900592,2024-07-28,2686.69,Pending
950593,900593,2025-01-02,17482.7,pending
950594,900594,2025-07-19,3199.51,processed
950595,900595,2024-01-21,3629.13,Pending
950596,900596,2025-04-19,1807.6,Failed
950597,900597,2024-05-22,1440.29,Pending
950598,900598,2025-02-28,148.31,Processed
950599,900599,2024-11-12,10484.59,
950600,900600,2024-09-20,1086.23,Failed
950601,900601,2025-01-30,11151.05,pending
950602,900602,2025-06-30,1062.47,Pending
950603,900603,2024-08-23,3860.1,processed
950604,900604,2024-08-20,10634.78,pending
950605,900605,2025-05-13,2538.41,Pending
950606,900606,2025-12-29,2510.66,Pending
950607,900607,2024-12-13,1836.97,pending
950608,900608,2025-06-01,1115.38,Processed
950609,900609,2025-02-10,2682.22,pending
950610,900610,2024-02-25,2900.74,Failed
950611,900611,2025-12-14,4688.38,processed
950612,900612,2024-03-12,0.0,Processed
950613,900613,2024-03-28,10327.65,processed
950614,900614,2024-08-09,9967.11,Pending
950615,900615,2025-11-15,2543.78,processed
950616,900616,2024-07-23,30756.65,
950617,900617,2025-01-01,917.41,Failed
950618,900618,2025-08-13,10234.85,Processed
950619,900619,2025-10-19,1005.35,pending
950620,900620,2024-10-22,9921.41,
950621,900621,2025-09-21,-500.0,Processed
950622,900622,2024-02-08,3845.11,
950623,900623,2024-05-03,4635.6,
950624,900624,2024-10-11,8316.54,Processed
950625,900625,2025-06-12,1030.35,pending
950626,900626,2024-03-09,1008.79,Failed
950627,900627,2024-02-12,468.77,Failed
950628,900628,2025-04-20,514.74,pending
950629,900629,2024-03-03,3722.85,Processed
950630,900630,2024-11-02,1073.85,processed
950631,900631,2025-12-07,2839.99,processed
950632,900632,2024-01-08,3733.29,pending
950633,900633,2024-03-21,546.92,pending
950634,900634,2025-07-25,425.23,Failed
950635,900635,2024-05-25,1511.12,Failed
950636,900636,2025-02-22,731.28,Failed
950637,900637,2025-06-06,-100.0,processed
950638,900638,2024-07-06,2030.1,processed
950639,900639,2024-03-31,1203.59,Pending
950640,900640,2025-08-10,12428.96,Pending
950641,900641,2024-08-06,1197.24,
950642,900642,2024-11-10,4485.69,Processed
950643,900643,2024-07-26,1099.07,
950644,900644,2025-05-21,0.0,pending
950645,900645,2025-09-14,945.89,pending
950646,900646,2024-11-01,6971.24,
950647,900647,2025-01-23,2401.85,Failed
950648,900648,2024-10-19,24002.22,Pending
950649,900649,2024-06-03,19126.55,Processed
950650,900650,2024-10-23,0.0,
950651,900651,2024-07-06,3972.36,pending
950652,900652,2024-09-25,-500.0,pending
950653,900653,2024-12-02,24182.58,Failed
950654,900654,2025-02-20,25353.69,Failed
950655,900655,2025-07-28,4429.17,Failed
950656,900656,2025-10-13,3989.79,Processed
950657,900657,2024-02-15,2642.22,Failed
950658,900658,2025-03-19,8094.43,Pending
950659,900659,2025-06-27,1259.98,Failed
950660,900660,2024-09-01,581.02,pending
950661,900661,2024-09-05,5053.73,Failed
950662,900662,2025-10-06,1110.07,Failed
950663,900663,2025-05-29,0.0,
950664,900664,2025-05-27,784.43,
950665,900665,2025-10-12,13882.11,pending
950666,900666,2024-03-12,3728.16,Pending
950667,900667,2025-04-14,11028.0,Pending
950668,900668,2026-01-01,2837.88,Processed
950669,900669,2025-06-02,5321.98,pending
950670,900670,2025-08-15,4654.88,
950671,900671,2024-10-21,3720.36,Failed
950672,900672,2024-09-19,21162.43,pending
950673,900673,2024-11-10,3203.13,pending
950674,900674,2025-09-21,812.5,Pending
950675,900675,2024-05-24,3399.14,
950676,900676,2024-09-25,1096.3,pending
950677,900677,2024-04-16,7732.59,pending
950678,900678,2024-07-21,1435.21,
950679,900679,2025-11-16,5558.6,processed
950680,900680,2025-02-12,804.94,Pending
950681,900681,2024-12-02,1490.27,Pending
950682,900682,2024-10-05,8282.64,Failed
950683,900683,2024-08-17,6446.85,
950684,900684,2025-02-05,0.0,pending
950685,900685,2025-03-25,53543.58,Processed
950686,900686,2025-12-25,0.0,pending
950687,900687,2025-11-28,2750.17,Failed
950688,900688,2024-12-29,3700.69,Failed
950689,900689,2024-10-02,2740.8,Pending
950690,900690,2025-09-19,2907.84,
950691,900691,2025-08-15,3935.65,processed
950692,900692,2025-11-10,5718.01,processed
950693,900693,2025-08-11,7996.07,
950694,900694,2025-10-23,1465.97,Failed
950695,900695,2024-07-02,0.0,Failed
950696,900696,2024-10-27,0.0,processed
950697,900697,2025-07-23,0.0,processed
950698,900698,2024-10-31,8420.76,pending
950699,900699,2025-11-14,1143.63,Failed
950700,900700,2024-11-10,5435.49,Pending
950701,900701,2024-09-10,7737.32,pending
950702,900702,2025-09-14,412.31,Processed
950703,900703,2024-07-08,17644.61,processed
950704,900704,2024-08-23,1490.97,processed
950705,900705,2025-08-10,3950.75,processed
950706,900706,2025-02-08,5675.18,Pending
950707,900707,2024-10-03,2927.25,Pending
950708,900708,2025-01-20,486.32,processed
950709,900709,2025-05-16,1396.39,Failed
950710,900710,2024-08-28,10771.76,Failed
950711,900711,2025-02-17,2064.24,
950712,900712,2025-09-17,1908.27,Processed
950713,900713,2024-02-06,4156.91,Pending
950714,900714,2025-09-11,25403.36,pending
950715,900715,2024-04-30,7875.22,pending
950716,900716,2025-11-08,7010.89,processed
950717,900717,2024-03-22,9758.42,processed
950718,900718,2024-02-08,12297.92,Pending
950719,900719,2024-06-30,11609.64,Processed
950720,900720,2024-04-20,1452.59,Processed
950721,900721,2025-06-01,4350.02,Failed
950722,900722,2025-12-10,20387.51,pending
950723,900723,2025-09-14,18741.48,Failed
950724,900724,2024-11-28,33669.03,Processed
950725,900725,2025-08-08,9906.46,Failed
950726,900726,2024-08-09,845.7,processed
950727,900727,2024-09-23,2376673.8,Pending
950728,900728,2025-06-22,2877.58,Processed
950729,900729,2024-08-11,1509.07,processed
950730,900730,2025-04-29,933.4,Processed
950731,900731,2025-05-07,1321.86,processed
950732,900732,2024-11-11,1851.38,Processed
950733,900733,2025-02-15,517.39,Pending
950734,900734,2024-04-24,14445.79,Processed
950735,900735,2024-08-20,8334.93,Processed
950736,900736,2024-06-05,6331.74,pending
950737,900737,2025-03-13,1520.95,processed
950738,900738,2025-09-07,993.05,processed
950739,900739,2024-05-29,1146.02,processed
950740,900740,2024-05-22,2839.72,
950741,900741,2024-12-02,8412.36,processed
950742,900742,2025-09-02,3858.44,
950743,900743,2024-04-04,34606.64,
950744,900744,2024-09-06,26214.12,Pending
950745,900745,2024-04-10,2331.57,Pending
950746,900746,2025-11-27,3232.67,pending
950747,900747,2024-08-15,2273.36,Failed
950748,900748,2025-03-14,879.32,processed
950749,900749,2025-06-13,956.38,Pending
950750,900750,2025-07-11,59531.15,
950751,900751,2024-05-02,5809.62,processed
950752,900752,2025-03-03,4591.3,processed
950753,900753,2025-01-02,8911.72,Pending
950754,900754,2024-02-18,8602.12,Pending
950755,900755,2025-01-25,22354.56,Failed
950756,900756,2025-02-23,3488.2,Processed
950757,900757,2024-01-19,328.45,pending
950758,900758,2024-01-31,8931.27,Failed
950759,900759,2025-07-09,0.0,Pending
950760,900760,2024-04-27,3761.05,Pending
950761,900761,2025-05-02,5819.03,Pending
950762,900762,2025-07-11,887.56,Pending
950763,900763,2025-01-23,6727.69,pending
950764,900764,2025-06-06,10469.08,Failed
950765,900765,2024-08-19,7795.66,Failed
950766,900766,2024-10-23,721.04,Processed
950767,900767,2024-11-02,6063.01,Failed
950768,900768,2025-09-11,48200.46,processed
950769,900769,2025-09-12,354.22,Processed
950770,900770,2024-02-13,865.17,pending
950771,900771,2024-04-26,1626.71,Pending
950772,900772,2025-01-17,2831.47,Pending
950773,900773,2025-02-10,0.0,Processed
950774,900774,2024-04-23,2085.96,Processed
950775,900775,2025-10-20,1134.88,
950776,900776,2024-09-13,11009.8,Failed
950777,900777,2025-05-06,1816.01,Failed
950778,900778,2025-11-14,3220.36,
950779,900779,2024-05-30,2635.4,processed
950780,900780,2025-12-23,1727.25,
950781,900781,2025-05-12,4705.08,Processed
950782,900782,2025-03-08,14076.49,Processed
950783,900783,2024-01-16,2950.79,Processed
950784,900784,2026-01-04,1075.61,pending
950785,900785,2025-12-25,19681.57,
950786,900786,2024-01-31,3620.13,pending
950787,900787,2024-07-31,3662.17,processed
950788,900788,2024-11-01,311.13,
950789,900789,2024-01-15,3266.4,Pending
950790,900790,2025-08-22,1581.13,Processed
950791,900791,2024-04-30,6505.04,Processed
950792,900792,2024-11-01,34976.9,processed
950793,900793,2025-09-24,921.75,
950794,900794,2024-07-05,6326.59,
950795,900795,2025-04-07,24078.98,processed
950796,900796,2024-08-12,2614.37,Processed
950797,900797,2024-01-20,4577.4,pending
950798,900798,2025-09-06,0.0,pending
950799,900799,2025-06-24,1471.37,Processed
950800,900800,2024-07-21,19175.15,Pending
950801,900801,2024-02-28,6377.66,pending
950802,900802,2025-08-15,4275.46,Processed
950803,900803,2025-11-19,3237.84,pending
950804,900804,2025-03-07,4466.1,pending
950805,900805,2025-04-05,4099.37,Processed
950806,900806,2024-07-02,5982.89,pending
950807,900807,2025-06-02,1124.69,pending
950808,900808,2024-12-03,2296.04,Processed
950809,900809,2025-06-27,2059.83,Pending
950810,900810,2025-02-08,3382.45,Processed
950811,900811,2025-01-11,3202.88,Pending
950812,900812,2024-04-10,13537.42,Failed
950813,900813,2024-08-23,13100.17,Processed
950814,900814,2025-07-24,5811.38,Pending
950815,900815,2025-01-29,9644.48,pending
950816,900816,2025-08-19,1446.69,pending
950817,900817,2025-10-08,1909.37,Failed
950818,900818,2024-02-02,2096.47,pending
950819,900819,2024-05-18,1239.56,Failed
950820,900820,2024-08-29,1042.7,pending
950821,900821,2025-12-02,8508.67,Processed
950822,900822,2025-10-01,2159.5,
950823,900823,2024-05-02,13414.85,pending
950824,900824,2024-10-08,551.07,Pending
950825,900825,2024-04-27,304.9,pending
950826,900826,2025-07-05,7091.62,processed
950827,900827,2025-11-19,3120.05,Pending
950828,900828,2024-11-15,4172.13,Processed
950829,900829,2024-10-15,25274.09,Pending
950830,900830,2025-07-28,0.0,Processed
950831,900831,2025-04-09,20866.42,
950832,900832,2025-07-04,12379.84,pending
950833,900833,2025-03-17,2090.19,processed
950834,900834,2025-08-08,537.92,Pending
950835,900835,2025-12-27,341.21,Failed
950836,900836,2026-01-07,480.42,processed
950837,900837,2025-09-27,2377.75,
950838,900838,2024-01-31,5668.14,Failed
950839,900839,2025-07-17,3370.04,Processed
950840,900840,2024-06-02,7547.06,Pending
950841,900841,2025-04-18,716.42,Pending
950842,900842,2024-11-17,660.66,Failed
950843,900843,2024-04-09,1795.52,Processed
950844,900844,2025-12-14,1251.2,Processed
950845,900845,2025-10-14,991.29,Pending
950846,900846,2025-10-03,6790.7,Failed
950847,900847,2025-01-16,2689.62,processed
950848,900848,2024-02-14,3529.87,Processed
950849,900849,2025-06-16,29998.08,
950850,900850,2024-09-01,5189.78,processed
950851,900851,2024-07-25,0.0,pending
950852,900852,2025-02-06,3396.11,
950853,900853,2025-02-15,14912.86,Processed
950854,900854,2025-05-08,2624.45,processed
950855,900855,2025-09-17,7801.35,Failed
950856,900856,2025-09-06,8947.03,Pending
950857,900857,2025-03-14,3053.05,processed
950858,900858,2024-10-25,22226.99,pending
950859,900859,2024-09-13,9297.81,
950860,900860,2025-03-28,4369.53,
950861,900861,2025-03-01,988.73,
950862,900862,2024-02-11,459.29,pending
950863,900863,2024-07-15,1424.69,processed
950864,900864,2025-05-23,2619.89,
950865,900865,2025-08-23,9178.07,Processed
950866,900866,2024-12-14,382.95,Processed
950867,900867,2026-01-08,25696.11,Processed
950868,900868,2025-12-27,1181.59,Pending
950869,900869,2024-04-02,739403.82,
950870,900870,2025-10-29,2106.82,processed
950871,900871,2024-12-19,1735.83,Processed
950872,900872,2025-06-11,1028.38,Processed
950873,900873,2025-04-28,4141.94,Processed
950874,900874,2024-06-19,493.01,
950875,900875,2024-12-15,695.24,pending
950876,900876,2025-01-09,1818.97,processed
950877,900877,2024-06-13,1217.91,pending
950878,900878,2024-02-01,5630.1,Pending
950879,900879,2024-08-14,2492.0,Failed
950880,900880,2024-07-15,1959.01,
950881,900881,2025-08-03,6341.26,pending
950882,900882,2025-06-30,4297.53,Failed
950883,900883,2025-06-09,18348.07,Processed
950884,900884,2024-02-15,7552.72,Processed
950885,900885,2025-01-02,2415.51,Pending
950886,900886,2024-03-01,2699.84,Pending
950887,900887,2025-05-05,1177.65,
950888,900888,2024-07-29,1413.73,Processed
950889,900889,2024-09-03,15220.36,pending
950890,900890,2025-11-27,3234.41,
950891,900891,2024-12-12,0.0,Processed
950892,900892,2025-09-10,382.69,Failed
950893,900893,2025-08-24,1945.98,
950894,900894,2024-08-10,1643.04,Failed
950895,900895,2024-02-18,3652.47,Processed
950896,900896,2024-06-09,0.0,pending
950897,900897,2024-10-18,964.28,pending
950898,900898,2025-02-14,6437.85,Pending
950899,900899,2024-11-08,3669.8,processed
950900,900900,2025-12-14,954.46,Processed
950901,900901,2025-07-12,22751.67,Pending
950902,900902,2025-11-16,1841.23,processed
950903,900903,2024-10-04,5375.2,Failed
950904,900904,2025-08-17,12714.55,
950905,900905,2025-07-15,2548.22,Pending
950906,900906,2024-02-16,1027.91,Processed
950907,900907,2024-03-20,6625.91,Pending
950908,900908,2024-11-18,0.0,Pending
950909,900909,2025-08-14,10867.99,processed
950910,900910,2025-10-31,17830.08,Failed
950911,900911,2025-09-08,813.82,Pending
950912,900912,2024-06-03,12168.34,
950913,900913,2024-12-14,2321.54,processed
950914,900914,2024-12-16,2449.21,Pending
950915,900915,2025-06-18,4755.6,Failed
950916,900916,2025-04-13,1796.88,pending
950917,900917,2024-04-12,780.91,
950918,900918,2024-12-17,8332.93,Pending
950919,900919,2024-10-31,6668.83,processed
950920,900920,2025-08-27,17112.84,
950921,900921,2024-05-16,1256.9,
950922,900922,2025-05-20,1910.43,
950923,900923,2025-01-28,646.28,Failed
950924,900924,2024-07-27,3168.26,processed
950925,900925,2024-02-28,115.7,
950926,900926,2026-01-19,4697.63,Processed
950927,900927,2025-08-18,943.32,processed
950928,900928,2024-11-15,3490.77,
950929,900929,2024-02-07,4996.24,Pending
950930,900930,2024-02-26,14577.77,Failed
950931,900931,2025-05-01,3315.2,pending
950932,900932,2025-12-14,6419.01,Processed
950933,900933,2024-08-20,3924.18,
950934,900934,2024-10-06,1377.54,Failed
950935,900935,2025-11-21,2153.88,Pending
950936,900936,2026-01-09,3530.52,Processed
950937,900937,2025-09-06,1120.22,Pending
950938,900938,2024-02-26,5019.07,Failed
950939,900939,2024-11-13,1695.14,pending
950940,900940,2024-05-03,1686.49,processed
950941,900941,2024-08-05,7969.35,Processed
950942,900942,2024-12-05,3581.68,Pending
950943,900943,2024-03-07,1305.81,Failed
950944,900944,2024-10-10,1704.37,pending
950945,900945,2024-07-11,3796.75,Processed
950946,900946,2025-09-15,1735.87,Pending
950947,900947,2024-08-02,2917.78,
950948,900948,2025-02-20,1827.14,processed
950949,900949,2024-08-18,6831.28,pending
950950,900950,2024-07-30,3635.98,Pending
950951,900951,2025-08-25,5922.73,Processed
950952,900952,2024-06-26,1278039.21,Processed
950953,900953,2024-01-12,1939.33,processed
950954,900954,2025-12-21,4450.29,pending
950955,900955,2024-10-03,1002.7,Pending
950956,900956,2024-02-27,12219.66,Processed
950957,900957,2024-11-04,6124.35,
950958,900958,2025-04-23,5393.63,pending
950959,900959,2025-02-22,4331.58,Failed
950960,900960,2024-05-01,4615.85,pending
950961,900961,2024-07-16,3110.85,processed
950962,900962,2024-05-18,3979.23,pending
950963,900963,2025-03-12,1712.03,processed
950964,900964,2025-11-27,16151.2,Processed
950965,900965,2025-04-27,8174.74,processed
950966,900966,2025-09-03,4552.45,
950967,900967,2024-04-28,2150.21,pending
950968,900968,2024-04-07,4766.48,pending
950969,900969,2025-06-15,5140.04,
950970,900970,2024-09-11,0.0,Processed
950971,900971,2024-03-21,28391.1,Failed
950972,900972,2025-08-29,10237.42,Processed
950973,900973,2024-07-05,714.29,processed
950974,900974,2025-01-26,1634.1,processed
950975,900975,2025-02-20,5545.05,Failed
950976,900976,2025-01-22,1296.7,Processed
950977,900977,2024-02-25,2791.09,processed
950978,900978,2024-11-11,2129.84,Processed
950979,900979,2025-11-07,9653.32,Processed
950980,900980,2025-06-30,2621.26,Failed
950981,900981,2024-11-02,3852.52,processed
950982,900982,2024-11-03,3637.98,Failed
950983,900983,2024-08-04,11162.04,Processed
950984,900984,2024-04-01,5196.8,pending
950985,900985,2025-09-25,16647.57,pending
950986,900986,2024-08-26,2854.45,processed
950987,900987,2025-10-04,3979.91,processed
950988,900988,2024-04-11,0.0,Failed
950989,900989,2025-04-22,1406.83,
950990,900990,2024-06-01,683.27,Pending
950991,900991,2025-12-13,0.0,Pending
950992,900992,2025-01-25,803.91,Failed
950993,900993,2025-02-07,5513.19,
950994,900994,2024-11-16,1238.88,processed
950995,900995,2024-03-07,1779.52,Processed
950996,900996,2025-10-01,3248.05,pending
950997,900997,2025-02-01,3174.63,Processed
950998,900998,2024-11-16,1813.58,processed
950999,900999,2024-06-25,239.93,Failed
951000,901000,2025-08-04,17704.28,processed
951001,901001,2025-10-06,16332.87,
951002,901002,2024-08-17,848.91,Pending
951003,901003,2025-02-02,3655.64,processed
951004,901004,2025-09-08,4095.13,pending
951005,901005,2025-11-29,5573.7,pending
951006,901006,2024-12-24,1348.62,
951007,901007,2024-12-08,-100.0,
951008,901008,2025-03-30,0.0,
951009,901009,2026-01-15,4043.98,
951010,901010,2025-04-09,3215.75,Pending
951011,901011,2025-07-02,701.84,
951012,901012,2026-01-24,1316.01,processed
951013,901013,2024-06-30,1958.92,Pending
951014,901014,2025-12-29,1887.7,processed
951015,901015,2024-02-04,2205.34,
951016,901016,2025-12-20,11066.96,processed
951017,901017,2025-05-24,2721.23,pending
951018,901018,2024-06-14,14325.43,processed
951019,901019,2024-06-01,2436.77,Processed
951020,901020,2024-03-27,2099.78,Failed
951021,901021,2024-06-30,1638.59,
951022,901022,2024-06-01,3750.08,Failed
951023,901023,2025-07-31,290.58,processed
951024,901024,2025-09-24,18350.64,Processed
951025,901025,2025-10-23,17094.72,Processed
951026,901026,2024-11-19,1375.07,processed
951027,901027,2025-11-26,12885.97,Pending
951028,901028,2024-06-21,1931.81,Processed
951029,901029,2024-03-13,944.51,
951030,901030,2025-07-18,1552.39,Pending
951031,901031,2026-01-27,5604.2,Failed
951032,901032,2025-12-04,370.05,
951033,901033,2026-01-14,4060.05,Failed
951034,901034,2024-07-27,4298.42,pending
951035,901035,2024-04-10,9368.09,
951036,901036,2024-07-18,2176.27,pending
951037,901037,2025-11-12,3705.85,Failed
951038,901038,2025-12-31,1420.44,
951039,901039,2025-06-19,4629.42,pending
951040,901040,2025-08-26,3697.06,Processed
951041,901041,2024-05-06,6669.26,Failed
951042,901042,2024-04-02,21205.21,Pending
951043,901043,2025-10-10,12782.43,Failed
951044,901044,2024-06-25,0.0,pending
951045,901045,2025-04-09,7339.96,Pending
951046,901046,2025-03-12,13767.36,Processed
951047,901047,2024-09-06,466.63,processed
951048,901048,2025-04-12,3310.28,pending
951049,901049,2024-03-11,21736.41,Failed
951050,901050,2024-02-15,322.84,Processed
951051,901051,2025-04-10,1754.42,Pending
951052,901052,2025-08-22,3342.17,Pending
951053,901053,2024-07-16,257.13,Pending
951054,901054,2025-05-09,18732.13,Failed
951055,901055,2025-10-11,20109.17,Processed
951056,901056,2024-06-11,2209.17,processed
951057,901057,2025-06-05,5236.46,pending
951058,901058,2025-11-02,3414.6,
951059,901059,2025-10-30,3616.55,
951060,901060,2025-11-23,19467.36,
951061,901061,2025-10-04,7222.61,
951062,901062,2025-02-13,3465.52,pending
951063,901063,2025-10-07,4777.92,
951064,901064,2025-11-03,3609.48,pending
951065,901065,2025-04-06,1655.39,Failed
951066,901066,2025-02-14,19980.92,
951067,901067,2024-04-19,4589.72,processed
951068,901068,2024-12-04,538.21,
951069,901069,2025-12-09,1618.29,pending
951070,901070,2024-12-10,2584.73,Pending
951071,901071,2025-10-06,23685.39,processed
951072,901072,2025-12-14,24396.71,
951073,901073,2025-03-18,0.0,Pending
951074,901074,2025-09-18,5867.23,Processed
951075,901075,2025-05-22,4296.98,processed
951076,901076,2025-03-10,3554.66,Failed
951077,901077,2024-08-03,1554.94,Pending
951078,901078,2024-03-18,844.48,Failed
951079,901079,2025-02-07,6967.48,Pending
951080,901080,2025-07-05,500000.0,processed
951081,901081,2025-02-14,36597.85,Failed
951082,901082,2024-08-13,49446.09,pending
951083,901083,2025-03-19,681.62,
951084,901084,2025-07-26,1500.64,processed
951085,901085,2025-01-07,27004.69,Pending
951086,901086,2025-08-24,36084.47,Pending
951087,901087,2024-12-12,0.0,Processed
951088,901088,2025-07-07,5223.8,processed
951089,901089,2026-01-08,494.59,Pending
951090,901090,2024-05-04,679.47,Failed
951091,901091,2024-10-10,914.55,
951092,901092,2025-06-14,1652.98,Failed
951093,901093,2024-02-13,7559.01,
951094,901094,2024-10-27,12444.92,Failed
951095,901095,2024-05-17,2518.05,
951096,901096,2025-04-01,6803.49,
951097,901097,2025-05-21,297.21,Failed
951098,901098,2025-06-10,4426.68,processed
951099,901099,2024-05-12,725.45,pending
951100,901100,2025-01-19,2291.83,Processed
951101,901101,2024-05-08,5946.92,Pending
951102,901102,2024-10-02,6475.54,Processed
951103,901103,2025-08-02,6716.15,Pending
951104,901104,2025-05-05,4357.91,processed
951105,901105,2025-05-05,8755.18,Processed
951106,901106,2026-01-05,6078.56,Failed
951107,901107,2025-01-24,9939.33,
951108,901108,2025-03-14,18061.9,Failed
951109,901109,2025-07-30,1915.67,
951110,901110,2025-06-29,1077.42,Pending
951111,901111,2025-04-19,47387.23,Pending
951112,901112,2025-09-07,5041.25,pending
951113,901113,2024-02-17,3652.16,Failed
951114,901114,2025-07-15,4943.19,Processed
951115,901115,2024-02-04,15263.93,Pending
951116,901116,2024-05-30,13924.14,pending
951117,901117,2025-11-26,19729.38,Pending
951118,901118,2025-01-11,1800.58,pending
951119,901119,2025-04-21,1126.31,
951120,901120,2024-07-22,2774.24,Processed
951121,901121,2024-07-17,4661.32,processed
951122,901122,2024-01-31,1572.62,
951123,901123,2024-05-04,143336.25,
951124,901124,2024-02-20,17319.27,
951125,901125,2024-10-09,336.31,
951126,901126,2024-11-15,0.0,Processed
951127,901127,2025-09-08,1914.6,Failed
951128,901128,2025-04-07,2730.16,pending
951129,901129,2025-07-26,-100.0,processed
951130,901130,2024-12-09,19773.5,
951131,901131,2025-03-10,1266.62,Pending
951132,901132,2024-07-21,3559.36,pending
951133,901133,2025-05-25,0.0,processed
951134,901134,2024-07-07,10628.57,
951135,901135,2024-01-30,2399.18,Processed
951136,901136,2025-06-20,3323.63,Pending
951137,901137,2025-04-03,3230.9,Pending
951138,901138,2025-06-11,405.32,Processed
951139,901139,2024-12-06,3373.15,pending
951140,901140,2025-06-14,1022.97,processed
951141,901141,2025-08-04,1139.73,Processed
951142,901142,2024-09-18,3566.72,Pending
951143,901143,2024-07-02,6709.86,Failed
951144,901144,2025-07-14,27208.9,Processed
951145,901145,2026-01-27,1964.72,Processed
951146,901146,2024-11-01,1560.0,processed
951147,901147,2024-02-05,11131.95,
951148,901148,2025-05-18,5054.05,processed
951149,901149,2024-07-16,255.69,pending
951150,901150,2024-02-14,7564.14,pending
951151,901151,2025-03-28,6535.75,
951152,901152,2024-11-10,9128.24,pending
951153,901153,2026-01-01,2287.59,pending
951154,901154,2024-12-16,3569.49,processed
951155,901155,2024-06-09,20513.85,pending
951156,901156,2025-01-22,6128.97,Pending
951157,901157,2025-09-10,771.34,pending
951158,901158,2024-04-14,1302.16,
951159,901159,2024-04-26,10398.37,Processed
951160,901160,2024-05-28,1423.62,Failed
951161,901161,2025-06-25,8216.48,Failed
951162,901162,2025-04-13,13108.88,Processed
951163,901163,2024-11-05,3112.55,processed
951164,901164,2025-03-17,1505.54,Processed
951165,901165,2025-02-25,7169.24,processed
951166,901166,2025-09-04,1089.89,
951167,901167,2025-07-31,4960.26,Pending
951168,901168,2025-11-30,800.62,Failed
951169,901169,2024-11-14,3630.76,Failed
951170,901170,2024-06-15,1870.18,processed
951171,901171,2025-03-24,922.31,pending
951172,901172,2025-01-20,828.45,pending
951173,901173,2025-07-03,16038.56,Processed
951174,901174,2024-04-11,9029.5,Failed
951175,901175,2024-10-14,1182.13,processed
951176,901176,2025-10-25,3332.87,Processed
951177,901177,2024-04-16,6673.62,
951178,901178,2025-10-22,6377.79,processed
951179,901179,2024-07-07,4698.03,pending
951180,901180,2025-10-03,1250.09,
951181,901181,2024-10-20,2584.18,Failed
951182,901182,2025-08-06,6961.53,processed
951183,901183,2025-01-22,5439.46,processed
951184,901184,2024-05-12,9992.04,pending
951185,901185,2025-03-27,829.69,pending
951186,901186,2024-11-23,21491.83,Pending
951187,901187,2024-05-06,5984.24,Failed
951188,901188,2025-12-29,869.94,processed
951189,901189,2025-02-04,13432.33,processed
951190,901190,2025-12-19,4770.86,Pending
951191,901191,2024-05-18,562.96,pending
951192,901192,2024-11-02,1770.02,Failed
951193,901193,2025-07-20,11332.58,Processed
951194,901194,2024-03-18,6617.36,Processed
951195,901195,2024-04-06,5121.7,
951196,901196,2024-03-09,5962.75,Failed
951197,901197,2025-04-13,3964.52,Pending
951198,901198,2024-01-21,2732.03,Processed
951199,901199,2025-04-12,4146.72,processed
951200,901200,2024-05-20,2445.9,Processed
951201,901201,2024-04-27,1674.18,Processed
951202,901202,2024-04-18,3419.84,Pending
951203,901203,2024-09-15,9189.92,pending
951204,901204,2024-02-08,1426.9,Failed
951205,901205,2024-09-02,316.3,processed
951206,901206,2025-11-13,1697.36,Failed
951207,901207,2025-10-04,1089.24,Processed
951208,901208,2025-12-23,14464.29,processed
951209,901209,2025-11-25,17615.97,pending
951210,901210,2025-06-01,1928.01,Failed
951211,901211,2025-07-15,61473.19,pending
951212,901212,2025-10-29,762.96,Failed
951213,901213,2025-06-04,0.0,Pending
951214,901214,2025-02-02,5463.02,processed
951215,901215,2024-06-15,2651.59,Failed
951216,901216,2024-03-26,943.02,
951217,901217,2024-03-31,15418.72,pending
951218,901218,2024-11-06,2851.18,Failed
951219,901219,2025-11-15,4434.93,Failed
951220,901220,2024-03-14,5383.45,
951221,901221,2024-08-25,4968.55,pending
951222,901222,2024-08-31,776.59,Pending
951223,901223,2025-02-28,6804.51,processed
951224,901224,2024-08-19,7427.09,Processed
951225,901225,2025-10-17,5734.81,Pending
951226,901226,2024-11-13,20122.44,Processed
951227,901227,2024-07-08,1892.11,Processed
951228,901228,2025-03-07,2836.54,Failed
951229,901229,2024-07-04,6292.95,Pending
951230,901230,2025-08-02,0.0,Pending
951231,901231,2025-07-11,2676.15,processed
951232,901232,2024-05-23,836.77,pending
951233,901233,2024-08-30,3511.17,Processed
951234,901234,2025-02-02,4866.94,processed
951235,901235,2024-03-02,4023.68,Failed
951236,901236,2024-12-02,625.46,Pending
951237,901237,2024-09-27,2979.83,Pending
951238,901238,2025-10-11,7347.59,Failed
951239,901239,2025-03-08,2598.05,Failed
951240,901240,2024-09-04,7230.77,Failed
951241,901241,2024-09-04,5855.3,Failed
951242,901242,2025-05-30,4195.68,pending
951243,901243,2024-11-17,1188.05,pending
951244,901244,2024-02-09,6723.29,pending
951245,901245,2025-12-18,2002.06,processed
951246,901246,2025-08-27,1581.15,processed
951247,901247,2026-01-02,5490.47,pending
951248,901248,2025-04-02,10398.22,Processed
951249,901249,2025-01-19,547.65,
951250,901250,2024-09-13,15940.03,Failed
951251,901251,2025-09-20,1949.62,Processed
951252,901252,2024-04-02,740.44,
951253,901253,2024-05-11,4729.85,
951254,901254,2026-01-04,4284.34,pending
951255,901255,2025-10-05,13728.1,Pending
951256,901256,2025-09-28,957.57,
951257,901257,2024-12-28,8235.34,Processed
951258,901258,2024-11-09,6815.85,pending
951259,901259,2024-05-14,1963.65,pending
951260,901260,2024-09-23,9365.0,Pending
951261,901261,2025-11-06,701.41,Pending
951262,901262,2025-01-07,3479.96,
951263,901263,2024-10-30,17096.3,processed
951264,901264,2025-08-10,5490.39,
951265,901265,2025-07-03,4672.91,processed
951266,901266,2025-10-23,943.82,processed
951267,901267,2025-05-21,2186.22,processed
951268,901268,2025-01-25,24801.77,
951269,901269,2025-05-26,1120.1,Pending
951270,901270,2024-03-27,397.03,Processed
951271,901271,2025-08-30,600.91,Failed
951272,901272,2024-12-19,9193.88,pending
951273,901273,2024-10-05,5833.85,Failed
951274,901274,2024-06-16,493.84,Failed
951275,901275,2025-11-22,0.0,processed
951276,901276,2024-06-28,4887.22,processed
951277,901277,2024-03-21,4092.35,processed
951278,901278,2024-03-21,4480.05,Processed
951279,901279,2025-05-01,3663.69,processed
951280,901280,2025-09-25,9340.18,Pending
951281,901281,2024-11-29,12631.7,
951282,901282,2024-05-24,2789.43,Pending
951283,901283,2025-06-03,7544.87,processed
951284,901284,2024-07-14,19137.3,Processed
951285,901285,2025-10-28,4037563.87,Failed
951286,901286,2024-05-24,637.64,pending
951287,901287,2024-10-09,14801.62,Processed
951288,901288,2024-08-30,3764850.06,
951289,901289,2025-04-17,2841616.99,processed
951290,901290,2025-09-07,1038.89,processed
951291,901291,2025-12-11,500000.0,
951292,901292,2025-11-29,2146.28,Processed
951293,901293,2025-02-05,1911361.27,Processed
951294,901294,2024-10-29,1680.18,processed
951295,901295,2025-07-16,893.21,processed
951296,901296,2025-01-22,0.0,Pending
951297,901297,2025-09-08,9678.63,Processed
951298,901298,2025-09-14,16603.77,
951299,901299,2025-02-02,687.72,pending
951300,901300,2025-06-23,4566.43,
951301,901301,2025-10-25,24460.5,Failed
951302,901302,2024-04-01,11947.55,
951303,901303,2024-06-22,1671.54,
951304,901304,2024-08-16,1128.61,Failed
951305,901305,2025-05-29,1838.85,processed
951306,901306,2025-04-19,3964.27,pending
951307,901307,2025-08-23,14147.11,processed
951308,901308,2025-01-07,10453.28,
951309,901309,2024-07-10,2849.82,pending
951310,901310,2025-07-01,10059.06,Pending
951311,901311,2025-07-13,3994.44,
951312,901312,2024-03-01,43307.86,Processed
951313,901313,2025-04-23,10475.86,Processed
951314,901314,2024-08-01,1343.62,Processed
951315,901315,2024-12-04,1255.14,processed
951316,901316,2025-01-04,1783.79,
951317,901317,2025-12-11,1678.65,
951318,901318,2025-12-20,0.0,Processed
951319,901319,2025-01-26,4623.16,pending
951320,901320,2024-08-30,2732.6,Processed
951321,901321,2025-11-20,3711.51,Pending
951322,901322,2024-07-21,5085.0,processed
951323,901323,2025-04-27,909.25,processed
951324,901324,2025-08-23,1573.91,pending
951325,901325,2025-08-16,3085.66,processed
951326,901326,2024-07-04,403.62,pending
951327,901327,2024-11-26,10158.35,Pending
951328,901328,2024-12-02,9016.83,Pending
951329,901329,2024-03-20,9207.7,pending
951330,901330,2024-05-27,3844.93,Failed
951331,901331,2025-09-22,18938.73,Pending
951332,901332,2024-10-09,1979.95,Pending
951333,901333,2025-10-26,9660.89,Pending
951334,901334,2025-05-24,1392.72,Pending
951335,901335,2025-01-01,1419.72,Failed
951336,901336,2025-02-25,1100.08,processed
951337,901337,2025-01-25,3595.95,processed
951338,901338,2025-12-16,1111.08,Processed
951339,901339,2024-06-11,0.0,pending
951340,901340,2025-07-13,1387.15,processed
951341,901341,2024-09-07,10588.76,processed
951342,901342,2025-09-16,9426.37,pending
951343,901343,2024-10-14,8637.32,Pending
951344,901344,2024-11-26,419.96,processed
951345,901345,2024-12-01,8163.11,Processed
951346,901346,2025-01-08,1884.79,
951347,901347,2025-10-04,742.97,Failed
951348,901348,2024-05-12,8759.19,processed
951349,901349,2024-11-06,11108.65,Failed
951350,901350,2024-06-10,1101.14,Processed
951351,901351,2024-12-31,500000.0,processed
951352,901352,2024-11-02,2918.99,processed
951353,901353,2025-11-22,2061.99,Pending
951354,901354,2025-08-01,8663.54,Pending
951355,901355,2024-02-06,329.71,
951356,901356,2025-08-31,800.08,
951357,901357,2025-07-26,2767.26,Processed
951358,901358,2024-02-04,1584.99,processed
951359,901359,2026-01-07,0.0,processed
951360,901360,2024-05-04,2149.25,processed
951361,901361,2025-03-03,5309.31,pending
951362,901362,2025-09-21,2473772.11,processed
951363,901363,2025-03-11,623.32,processed
951364,901364,2025-06-27,2758.61,pending
951365,901365,2025-03-13,417.37,Processed
951366,901366,2025-09-30,28042.01,Pending
951367,901367,2025-03-05,2010.73,Failed
951368,901368,2024-05-07,2130.69,
951369,901369,2025-01-24,41461.03,Processed
951370,901370,2024-10-22,2050.57,pending
951371,901371,2024-07-31,23303.44,Processed
951372,901372,2024-12-06,293.94,
951373,901373,2025-02-07,3223.2,Processed
951374,901374,2024-10-21,11722.04,
951375,901375,2024-01-17,2746.38,Failed
951376,901376,2025-11-12,7512.87,Processed
951377,901377,2024-02-12,1501.94,Processed
951378,901378,2025-05-04,1830.64,Failed
951379,901379,2026-01-17,17013.5,pending
951380,901380,2024-02-18,674.72,Pending
951381,901381,2025-03-09,5203.55,Failed
951382,901382,2025-06-21,4928.16,pending
951383,901383,2024-08-04,1735.1,
951384,901384,2025-11-29,285.27,processed
951385,901385,2025-01-29,7021.27,processed
951386,901386,2024-12-18,11707.91,Failed
951387,901387,2024-01-06,5423.36,processed
951388,901388,2025-10-21,3378.01,Pending
951389,901389,2025-07-08,1602.69,Processed
951390,901390,2024-04-14,3948.22,Failed
951391,901391,2025-05-20,3387949.24,Failed
951392,901392,2025-12-03,5063.07,processed
951393,901393,2024-06-07,12507.75,Failed
951394,901394,2024-11-24,20150.68,
951395,901395,2025-12-20,15337.83,Processed
951396,901396,2026-01-03,924.01,pending
951397,901397,2024-08-21,882.06,pending
951398,901398,2024-06-11,0.0,processed
951399,901399,2025-03-04,709.81,processed
951400,901400,2024-03-19,2302.63,Processed
951401,901401,2025-02-18,1022.01,Failed
951402,901402,2025-11-17,2238.57,Pending
951403,901403,2025-03-08,8425.53,Processed
951404,901404,2026-01-03,5627.95,Processed
951405,901405,2024-06-28,6205.82,processed
951406,901406,2024-08-19,7559.12,Pending
951407,901407,2024-12-24,2744.43,pending
951408,901408,2025-05-30,18628.43,pending
951409,901409,2024-01-26,2268.29,
951410,901410,2025-10-23,274.72,Pending
951411,901411,2025-10-19,2408.95,Processed
951412,901412,2024-06-23,9266.97,Pending
951413,901413,2024-04-20,20154.18,processed
951414,901414,2024-04-27,1323.78,Failed
951415,901415,2025-05-14,4411.39,
951416,901416,2025-01-07,11789.58,
951417,901417,2024-06-13,789.55,Processed
951418,901418,2025-11-07,5678.08,Failed
951419,901419,2025-09-09,466.2,Processed
951420,901420,2024-07-24,2382.12,pending
951421,901421,2025-01-21,973.16,Pending
951422,901422,2025-03-26,1263.07,Failed
951423,901423,2025-02-13,5264.35,pending
951424,901424,2025-11-01,9149.39,processed
951425,901425,2024-09-21,5392.43,
951426,901426,2025-07-31,6313.63,Pending
951427,901427,2025-12-25,5292.55,processed
951428,901428,2024-09-02,1638.86,processed
951429,901429,2024-08-23,5171.48,Processed
951430,901430,2024-09-11,0.0,processed
951431,901431,2024-05-20,24040.75,Failed
951432,901432,2025-03-12,5664.52,processed
951433,901433,2024-04-06,6432.5,Pending
951434,901434,2024-10-05,4433.05,Processed
951435,901435,2024-10-03,7777.76,Failed
951436,901436,2024-07-08,1296.08,Processed
951437,901437,2024-07-06,5764.21,Pending
951438,901438,2025-05-21,4494.97,Pending
951439,901439,2025-12-14,1950.67,Pending
951440,901440,2025-02-11,1711.69,Failed
951441,901441,2025-02-27,987.98,Processed
951442,901442,2024-03-17,1669.23,Pending
951443,901443,2025-11-30,7268.57,Pending
951444,901444,2025-05-24,14591.21,
951445,901445,2024-10-12,39032.92,pending
951446,901446,2025-08-04,772.79,Pending
951447,901447,2024-09-28,6439.18,
951448,901448,2025-11-26,4678.54,Processed
951449,901449,2025-03-20,75369.48,pending
951450,901450,2024-05-25,1483.59,Failed
951451,901451,2025-07-11,12559.03,
951452,901452,2025-12-02,8759.41,
951453,901453,2025-12-07,2996.87,Pending
951454,901454,2025-01-08,1540.21,Failed
951455,901455,2026-01-24,6974.08,Processed
951456,901456,2025-11-16,783.15,Pending
951457,901457,2025-11-24,0.0,Failed
951458,901458,2024-12-09,2821.96,Pending
951459,901459,2024-08-22,652.64,processed
951460,901460,2026-01-06,730.95,Pending
951461,901461,2024-05-30,4927.59,pending
951462,901462,2025-01-28,2091.06,Pending
951463,901463,2024-03-18,6263.0,Processed
951464,901464,2024-09-11,575.3,Pending
951465,901465,2024-11-04,13658.37,processed
951466,901466,2024-08-18,838.65,Pending
951467,901467,2024-08-15,5113.28,
951468,901468,2024-01-20,275.91,Processed
951469,901469,2025-12-05,11791.4,processed
951470,901470,2024-09-20,6113.55,pending
951471,901471,2024-09-24,983.78,pending
951472,901472,2024-12-10,3038.74,Processed
951473,901473,2024-12-28,22331.84,Processed
951474,901474,2025-11-17,1622.67,
951475,901475,2025-01-20,5130.08,Failed
951476,901476,2024-10-26,1079.74,Processed
951477,901477,2024-08-21,726.82,pending
951478,901478,2026-01-05,3349.61,Pending
951479,901479,2024-05-27,1132.05,processed
951480,901480,2024-10-18,1662.25,pending
951481,901481,2024-10-12,3203.45,Pending
951482,901482,2025-06-03,14189.59,Failed
951483,901483,2025-08-15,2450.98,pending
951484,901484,2024-09-30,1503.51,
951485,901485,2026-01-01,1198.74,Processed
951486,901486,2025-02-09,5503.91,Processed
951487,901487,2024-10-26,1585.13,
951488,901488,2025-03-29,1415.37,
951489,901489,2025-11-22,394.99,Processed
951490,901490,2024-07-20,15806.97,processed
951491,901491,2025-07-29,5969.36,Processed
951492,901492,2025-01-27,16903.13,Pending
951493,901493,2024-04-02,4599.78,Processed
951494,901494,2024-11-20,-100.0,Processed
951495,901495,2024-07-10,2064.67,Pending
951496,901496,2025-07-23,4384.25,Pending
951497,901497,2025-08-20,4736.79,processed
951498,901498,2026-01-07,3578.41,processed
951499,901499,2024-08-09,10338.22,Failed
951500,901500,2024-01-27,2341.87,pending
951501,901501,2025-12-25,1072.26,pending
951502,901502,2025-02-08,14924.25,pending
951503,901503,2025-05-11,8805.86,pending
951504,901504,2026-01-08,4413.44,
951505,901505,2025-05-30,1078.04,Pending
951506,901506,2025-11-03,1235.53,Failed
951507,901507,2024-11-18,6890.6,
951508,901508,2024-10-30,6593.94,pending
951509,901509,2024-01-23,2593.85,processed
951510,901510,2024-10-03,5541.81,processed
951511,901511,2025-02-25,3223.75,Pending
951512,901512,2025-06-09,1076.51,
951513,901513,2025-10-25,1699.79,Processed
951514,901514,2025-05-16,6238.5,
951515,901515,2024-02-11,16636.74,Processed
951516,901516,2024-06-21,1461.94,Failed
951517,901517,2025-06-09,21430.28,Pending
951518,901518,2025-11-26,4176.47,Failed
951519,901519,2025-01-31,13740.88,Pending
951520,901520,2025-07-26,1617.32,processed
951521,901521,2024-07-17,3529.51,Processed
951522,901522,2024-04-27,3173.13,
951523,901523,2024-12-17,3836.89,Failed
951524,901524,2024-09-16,21669.11,Processed
951525,901525,2024-03-26,1413.72,processed
951526,901526,2025-12-31,10941.15,Processed
951527,901527,2025-07-13,3563.5,pending
951528,901528,2024-06-05,5429.99,processed
951529,901529,2024-09-16,1784.16,pending
951530,901530,2024-02-03,5474.23,pending
951531,901531,2025-12-12,7745.39,Failed
951532,901532,2024-09-11,738.35,Failed
951533,901533,2024-08-01,1610.26,processed
951534,901534,2025-07-19,11651.55,
951535,901535,2024-02-19,22365.67,Pending
951536,901536,2025-12-02,6702.97,processed
951537,901537,2025-10-25,5527.27,Processed
951538,901538,2024-11-19,0.0,
951539,901539,2024-03-02,38514.6,Pending
951540,901540,2024-05-04,3105.34,
951541,901541,2024-04-25,1025.61,
951542,901542,2024-02-06,6598.75,Pending
951543,901543,2025-11-24,13134.18,Processed
951544,901544,2024-12-04,0.0,Pending
951545,901545,2024-05-12,873.51,Processed
951546,901546,2024-06-26,88.59,
951547,901547,2024-12-04,6854.43,Pending
951548,901548,2025-03-07,7714.31,processed
951549,901549,2025-12-08,4844.61,
951550,901550,2025-05-06,3191.69,processed
951551,901551,2024-05-17,1249.75,Processed
951552,901552,2026-01-04,5350.23,pending
951553,901553,2025-01-20,1308.2,Pending
951554,901554,2025-09-10,0.0,Processed
951555,901555,2024-12-04,11745.4,
951556,901556,2025-12-21,3090.22,pending
951557,901557,2025-07-10,1123.46,processed
951558,901558,2026-01-16,4380.25,pending
951559,901559,2024-06-10,2434.38,Failed
951560,901560,2024-06-18,1659.04,processed
951561,901561,2024-06-02,26823.53,Pending
951562,901562,2024-06-18,1721.58,Pending
951563,901563,2025-10-12,15690.07,Pending
951564,901564,2024-12-21,1115.26,pending
951565,901565,2024-11-15,7078.92,pending
951566,901566,2025-03-27,1899.88,pending
951567,901567,2024-11-04,2171.62,pending
951568,901568,2025-08-27,11592.72,Pending
951569,901569,2025-12-02,1593.69,Failed
951570,901570,2025-07-02,26436.35,
951571,901571,2024-09-07,1315.55,
951572,901572,2024-04-29,758.31,Failed
951573,901573,2025-04-19,5203.04,processed
951574,901574,2024-10-13,2338.36,Failed
951575,901575,2025-09-07,5879.97,pending
951576,901576,2025-03-23,3707.66,Processed
951577,901577,2025-05-30,2998.28,Processed
951578,901578,2024-09-26,4166.77,
951579,901579,2024-07-04,3650.75,pending
951580,901580,2025-06-17,342.36,Failed
951581,901581,2024-04-07,597.53,pending
951582,901582,2025-04-23,1822.42,Pending
951583,901583,2025-01-08,894.49,Pending
951584,901584,2025-06-05,11131.5,Failed
951585,901585,2025-10-12,2235.43,processed
951586,901586,2025-05-02,1150.01,
951587,901587,2024-03-29,6735.19,pending
951588,901588,2025-01-30,12946.49,Pending
951589,901589,2024-08-20,5422.98,pending
951590,901590,2024-01-11,6550.8,
951591,901591,2025-07-30,1017.74,
951592,901592,2024-06-04,7691.2,Processed
951593,901593,2024-08-16,7674.5,Processed
951594,901594,2024-10-27,4961.79,
951595,901595,2025-03-08,5176.95,processed
951596,901596,2025-09-06,813260.55,processed
951597,901597,2025-07-06,6634.67,
951598,901598,2025-06-21,500000.0,
951599,901599,2025-08-15,6024.59,processed
951600,901600,2024-01-31,1473.94,Processed
951601,901601,2025-03-15,0.0,pending
951602,901602,2024-12-07,0.0,Pending
951603,901603,2025-09-29,0.0,pending
951604,901604,2024-05-27,2835.3,pending
951605,901605,2025-05-18,4683.68,Processed
951606,901606,2025-04-12,0.0,Pending
951607,901607,2025-06-25,5581.98,
951608,901608,2024-08-23,4335.33,Processed
951609,901609,2025-10-07,9460.96,Pending
951610,901610,2025-03-26,3066.43,Failed
951611,901611,2024-07-18,1445.85,Failed
951612,901612,2025-01-22,2010.52,
951613,901613,2025-11-22,772.39,Processed
951614,901614,2024-09-13,4127.33,
951615,901615,2026-01-18,14054.07,
951616,901616,2024-07-15,8909.25,Pending
951617,901617,2024-12-05,6426.4,processed
951618,901618,2024-01-12,3301.88,Processed
951619,901619,2024-02-25,3782.87,Failed
951620,901620,2025-03-29,12680.91,Failed
951621,901621,2024-04-22,1497.97,Pending
951622,901622,2025-12-07,3061.99,Processed
951623,901623,2025-04-06,8378.68,
951624,901624,2025-08-03,2993.51,Failed
951625,901625,2025-12-05,5694.62,Processed
951626,901626,2025-12-11,14391.94,Pending
951627,901627,2025-07-08,678.32,pending
951628,901628,2024-09-04,6967.08,processed
951629,901629,2025-05-12,1105.73,pending
951630,901630,2025-06-07,14434.4,Processed
951631,901631,2025-02-07,1781.9,processed
951632,901632,2025-03-13,1267.87,Processed
951633,901633,2026-01-24,420.09,Pending
951634,901634,2024-05-09,5141.55,processed
951635,901635,2025-08-06,5150.86,Pending
951636,901636,2025-09-17,1177.02,Processed
951637,901637,2024-04-14,1865.39,pending
951638,901638,2025-03-27,2166.35,Processed
951639,901639,2025-07-21,4199.16,processed
951640,901640,2025-01-06,2097.16,processed
951641,901641,2024-11-12,10901.65,Processed
951642,901642,2025-11-14,7584.09,Pending
951643,901643,2024-07-26,3058.06,Pending
951644,901644,2024-01-28,9624.58,processed
951645,901645,2025-03-13,4862.71,Pending
951646,901646,2024-03-31,1819.03,Failed
951647,901647,2024-04-05,3871.19,pending
951648,901648,2026-01-09,3833.29,Processed
951649,901649,2025-04-12,1303.01,processed
951650,901650,2025-03-06,2490.37,Pending
951651,901651,2024-08-26,335.22,processed
951652,901652,2025-04-24,2759.64,Failed
951653,901653,2024-12-29,27880.58,
951654,901654,2024-05-28,3883.5,processed
951655,901655,2024-02-29,1126.89,Failed
951656,901656,2024-01-30,1941.37,Processed
951657,901657,2024-11-28,53946.16,Processed
951658,901658,2024-09-05,975.98,pending
951659,901659,2024-06-23,8014.22,Failed
951660,901660,2024-03-18,3518.03,processed
951661,901661,2024-09-09,0.0,pending
951662,901662,2024-05-24,657.55,
951663,901663,2024-04-12,2306.42,pending
951664,901664,2025-09-08,506.76,
951665,901665,2025-12-23,949.94,Failed
951666,901666,2024-04-27,10999.49,Processed
951667,901667,2025-01-08,2189.7,Pending
951668,901668,2025-04-08,10825.4,processed
951669,901669,2024-06-13,14975.47,Failed
951670,901670,2024-10-26,32356.62,Pending
951671,901671,2024-04-09,9960.99,Pending
951672,901672,2025-01-17,8509.79,pending
951673,901673,2024-08-17,3648.29,Processed
951674,901674,2025-01-13,5007.18,pending
951675,901675,2024-07-14,10025.96,Failed
951676,901676,2024-02-17,1729.48,pending
951677,901677,2025-01-15,239.51,pending
951678,901678,2025-08-13,3903.86,Processed
951679,901679,2025-11-12,2401.28,Processed
951680,901680,2025-09-18,9827.67,processed
951681,901681,2025-09-19,2007.13,Failed
951682,901682,2025-05-21,550.7,Processed
951683,901683,2025-10-30,1351.26,
951684,901684,2024-08-04,781.64,
951685,901685,2025-03-10,600.74,pending
951686,901686,2024-09-02,10081.97,Failed
951687,901687,2024-08-18,1916.86,processed
951688,901688,2025-04-10,9519.45,
951689,901689,2025-01-09,1301.53,processed
951690,901690,2024-10-21,661.84,Failed
951691,901691,2024-03-03,1848.71,pending
951692,901692,2024-09-03,2648.33,Processed
951693,901693,2025-09-07,5208.39,Pending
951694,901694,2024-07-26,273.92,Processed
951695,901695,2025-05-11,912.31,Failed
951696,901696,2025-03-10,2157.56,Failed
951697,901697,2024-03-23,1244.42,Pending
951698,901698,2025-11-16,2819.72,Failed
951699,901699,2025-07-22,497.18,
951700,901700,2024-12-25,7503.17,pending
951701,901701,2025-11-03,5401.36,Pending
951702,901702,2024-10-10,3674.25,
951703,901703,2025-05-05,10211.15,Failed
951704,901704,2024-02-23,313.47,pending
951705,901705,2025-01-16,3452.28,processed
951706,901706,2025-03-31,12682.16,Failed
951707,901707,2025-01-12,2247.39,pending
951708,901708,2025-09-04,7880.04,
951709,901709,2024-07-26,5679.32,
951710,901710,2025-12-23,1037.9,pending
951711,901711,2024-11-09,7029.47,
951712,901712,2025-06-24,1285.43,Processed
951713,901713,2025-06-22,2431.96,Processed
951714,901714,2024-05-27,1955113.19,
951715,901715,2024-07-07,917.18,pending
951716,901716,2024-09-13,7419.12,processed
951717,901717,2025-07-19,5504.66,pending
951718,901718,2025-07-12,456.65,Processed
951719,901719,2025-01-18,7918.43,Pending
951720,901720,2025-02-18,34293.72,pending
951721,901721,2024-02-20,9299.23,processed
951722,901722,2024-11-04,5997.97,Processed
951723,901723,2025-01-23,9015.24,Failed
951724,901724,2025-05-25,2359.64,
951725,901725,2024-07-03,7050.49,Failed
951726,901726,2026-01-07,0.0,processed
951727,901727,2024-10-29,3845.97,Pending
951728,901728,2025-09-12,10836.56,Processed
951729,901729,2025-06-30,3810783.65,Processed
951730,901730,2024-06-16,5262.63,pending
951731,901731,2025-05-04,2365.68,processed
951732,901732,2024-06-21,4512.05,pending
951733,901733,2024-01-22,27299.83,Pending
951734,901734,2025-12-15,765.86,Pending
951735,901735,2025-08-22,5116.55,Failed
951736,901736,2024-12-06,1902.04,processed
951737,901737,2024-06-23,5302.62,Pending
951738,901738,2024-07-22,434.7,
951739,901739,2025-11-17,1381908.19,Failed
951740,901740,2024-07-19,702.37,
951741,901741,2025-12-20,12814.94,Processed
951742,901742,2025-10-09,966.25,Failed
951743,901743,2025-12-10,4725.46,
951744,901744,2024-08-22,2049.16,
951745,901745,2024-07-21,5457.06,Failed
951746,901746,2024-04-20,1566.85,Processed
951747,901747,2025-06-25,19517.53,pending
951748,901748,2025-04-22,2859.73,Pending
951749,901749,2025-09-15,4212.79,Pending
951750,901750,2024-02-12,9221.16,Failed
951751,901751,2024-12-15,5160.5,Processed
951752,901752,2024-10-25,2431.49,Pending
951753,901753,2024-07-20,7412.23,pending
951754,901754,2025-01-01,6241.96,
951755,901755,2025-07-01,403.2,pending
951756,901756,2024-09-27,5589.9,Failed
951757,901757,2025-06-03,2176.11,pending
951758,901758,2024-10-31,2343.57,
951759,901759,2024-04-22,3366.45,pending
951760,901760,2025-02-03,15511.72,pending
951761,901761,2025-11-20,11657.28,processed
951762,901762,2024-07-28,5410.88,
951763,901763,2025-08-06,6161.84,Failed
951764,901764,2024-07-23,2044.92,Failed
951765,901765,2025-01-27,8756.17,Processed
951766,901766,2024-08-23,4432.07,Processed
951767,901767,2024-08-06,2445.95,
951768,901768,2025-01-08,2699.02,pending
951769,901769,2024-02-23,3843.02,Processed
951770,901770,2024-01-31,1916.19,Failed
951771,901771,2025-09-19,12922.25,processed
951772,901772,2025-07-15,201.57,processed
951773,901773,2024-11-12,663.06,Pending
951774,901774,2025-07-12,2149.75,pending
951775,901775,2025-01-19,34516.69,Pending
951776,901776,2025-11-13,4907.77,Processed
951777,901777,2025-06-04,2547.41,
951778,901778,2024-06-25,4006.09,pending
951779,901779,2024-05-27,1192.95,Failed
951780,901780,2024-11-26,691.98,pending
951781,901781,2025-03-03,2551.67,Failed
951782,901782,2024-10-18,5406.87,Failed
951783,901783,2024-03-23,6999.14,processed
951784,901784,2025-12-30,8734.7,processed
951785,901785,2025-06-30,6676.18,
951786,901786,2025-05-12,11005.96,Failed
951787,901787,2025-04-25,382.84,processed
951788,901788,2025-12-12,2725.12,Pending
951789,901789,2026-01-11,5077.52,Pending
951790,901790,2024-08-20,974.56,processed
951791,901791,2025-07-07,5597.75,
951792,901792,2025-08-05,10826.4,Failed
951793,901793,2025-01-14,7178.32,processed
951794,901794,2024-11-07,8237.88,Failed
951795,901795,2024-03-17,5095.63,Processed
951796,901796,2024-05-31,16649.88,pending
951797,901797,2024-08-01,17540.16,Failed
951798,901798,2025-11-09,1365.07,processed
951799,901799,2025-09-06,3472.91,
951800,901800,2025-05-29,1045.55,pending
951801,901801,2025-02-21,43577.26,Processed
951802,901802,2024-05-15,1836.73,Failed
951803,901803,2024-01-17,4767.54,Pending
951804,901804,2024-06-19,1782.41,processed
951805,901805,2025-07-01,4053.75,processed
951806,901806,2024-02-21,3333.47,Processed
951807,901807,2026-01-18,1727.88,Failed
951808,901808,2024-02-10,5943.9,Pending
951809,901809,2024-03-21,2673.49,pending
951810,901810,2025-10-11,5698.4,
951811,901811,2025-04-02,4219.57,Pending
951812,901812,2025-05-11,9203.83,
951813,901813,2024-09-27,643.46,
951814,901814,2024-05-22,2192.5,Failed
951815,901815,2024-09-16,599.04,processed
951816,901816,2024-08-27,448.63,pending
951817,901817,2024-10-31,31679.38,Processed
951818,901818,2024-11-24,3394.85,Processed
951819,901819,2024-08-15,2825.57,processed
951820,901820,2025-04-19,1744.6,
951821,901821,2025-05-13,4046.04,Processed
951822,901822,2025-01-23,1733.49,Failed
951823,901823,2025-12-04,2246.28,Processed
951824,901824,2025-08-06,0.0,
951825,901825,2024-09-25,8558.11,
951826,901826,2024-06-28,1239.04,Processed
951827,901827,2024-01-06,714.02,Pending
951828,901828,2024-10-05,3641.72,Processed
951829,901829,2025-09-14,1848.59,
951830,901830,2025-02-07,1139.45,Failed
951831,901831,2025-11-19,9886.04,Failed
951832,901832,2025-12-05,3737.35,Pending
951833,901833,2024-02-12,207.01,pending
951834,901834,2024-04-04,4627.98,Pending
951835,901835,2025-05-19,14597.94,processed
951836,901836,2024-11-26,943.39,Processed
951837,901837,2024-11-13,1052.94,pending
951838,901838,2024-05-11,339.37,Processed
951839,901839,2025-10-21,2273.06,pending
951840,901840,2025-07-17,9182.14,Processed
951841,901841,2024-03-09,7745.6,Failed
951842,901842,2025-03-18,37790.37,pending
951843,901843,2026-01-01,17353.11,pending
951844,901844,2025-08-24,6226.96,Processed
951845,901845,2024-12-02,15476.27,processed
951846,901846,2025-03-15,5146.03,pending
951847,901847,2025-03-06,1714.92,Failed
951848,901848,2024-03-12,7288.46,pending
951849,901849,2025-11-06,16693.76,
951850,901850,2024-11-01,681.57,Processed
951851,901851,2025-02-28,1173.27,processed
951852,901852,2024-11-06,2193771.21,
951853,901853,2025-01-13,6248.59,processed
951854,901854,2025-05-05,1772.73,Processed
951855,901855,2024-07-04,15735.26,Failed
951856,901856,2025-04-29,3769.29,
951857,901857,2025-12-02,6198.67,
951858,901858,2024-12-14,1598.83,processed
951859,901859,2024-06-30,2586615.54,pending
951860,901860,2025-07-08,8821.52,Processed
951861,901861,2024-07-09,19983.33,Pending
951862,901862,2025-06-29,314.88,processed
951863,901863,2024-11-16,27148.65,processed
951864,901864,2024-10-02,0.0,processed
951865,901865,2025-02-15,6179.09,
951866,901866,2024-10-12,895.94,
951867,901867,2024-12-27,1214.06,Pending
951868,901868,2024-02-12,4196.5,Failed
951869,901869,2024-11-22,2231.11,Processed
951870,901870,2024-12-14,4192.51,Pending
951871,901871,2024-09-03,0.0,Failed
951872,901872,2025-01-12,14187.11,Failed
951873,901873,2025-06-04,2832.43,pending
951874,901874,2024-09-06,6495.52,processed
951875,901875,2025-01-31,2031.65,pending
951876,901876,2025-08-09,2148.7,
951877,901877,2025-06-11,9595.26,pending
951878,901878,2024-07-31,7775.97,Failed
951879,901879,2025-04-18,357.46,
951880,901880,2025-03-20,1025.19,Processed
951881,901881,2024-02-03,2389.52,Pending
951882,901882,2025-12-07,537.12,processed
951883,901883,2024-08-11,7632.27,processed
951884,901884,2024-04-02,634.89,pending
951885,901885,2025-01-29,4676.53,pending
951886,901886,2024-07-25,4807.35,Pending
951887,901887,2024-08-27,2552.78,Processed
951888,901888,2025-01-07,1341.42,pending
951889,901889,2025-12-28,3371.55,processed
951890,901890,2025-09-16,4957.33,processed
951891,901891,2025-07-19,1229.15,Failed
951892,901892,2024-11-24,740.02,pending
951893,901893,2025-09-06,5398.8,Pending
951894,901894,2024-03-30,4889.75,Failed
951895,901895,2024-11-30,267.38,
951896,901896,2025-03-27,8589.18,processed
951897,901897,2025-11-30,6387.44,pending
951898,901898,2025-03-16,4066.59,Pending
951899,901899,2024-05-23,812.76,Failed
951900,901900,2025-11-13,1907.4,processed
951901,901901,2025-07-24,4665.69,Pending
951902,901902,2025-11-14,2054.64,processed
951903,901903,2024-09-10,1587.82,processed
951904,901904,2025-12-31,4774.23,Failed
951905,901905,2026-01-04,0.0,Failed
951906,901906,2025-08-20,2300.37,Failed
951907,901907,2025-11-05,2523.08,processed
951908,901908,2024-05-24,20221.04,processed
951909,901909,2025-12-21,2131.82,
951910,901910,2025-01-28,2004.65,Failed
951911,901911,2024-03-09,5567.98,Pending
951912,901912,2024-03-12,4651.7,Pending
951913,901913,2024-11-18,8453.11,Processed
951914,901914,2025-04-19,4426.7,Pending
951915,901915,2024-12-02,3807.05,Failed
951916,901916,2025-08-29,2646.86,processed
951917,901917,2024-10-05,30607.67,
951918,901918,2025-05-20,2191.25,Processed
951919,901919,2025-07-16,1191.61,pending
951920,901920,2025-06-14,1647.64,Processed
951921,901921,2024-04-17,3014.79,pending
951922,901922,2025-10-30,1101.42,Failed
951923,901923,2024-09-30,2035.38,pending
951924,901924,2025-09-14,3033.87,Failed
951925,901925,2024-08-18,1252.76,Pending
951926,901926,2025-01-07,8170.94,Pending
951927,901927,2025-09-08,7567.13,
951928,901928,2024-02-18,1575.71,Pending
951929,901929,2024-12-08,2703.85,processed
951930,901930,2024-07-02,478.25,Pending
951931,901931,2025-06-13,890.6,pending
951932,901932,2024-11-04,1354.1,Failed
951933,901933,2024-05-20,4257.19,
951934,901934,2024-08-08,7954.91,Processed
951935,901935,2025-08-06,3415.31,
951936,901936,2025-02-24,6641.47,Processed
951937,901937,2025-03-21,1594.39,
951938,901938,2025-07-24,2130.25,Processed
951939,901939,2024-08-30,1990.1,pending
951940,901940,2025-07-05,2782.41,Processed
951941,901941,2025-01-06,6023.99,Failed
951942,901942,2025-11-30,8520.94,
951943,901943,2024-12-31,7511.4,processed
951944,901944,2025-07-06,28488.87,Failed
951945,901945,2025-10-10,1733.47,
951946,901946,2025-02-07,2089.69,
951947,901947,2025-10-26,21724.15,Processed
951948,901948,2025-11-29,3764.09,
951949,901949,2024-05-13,6445.73,Processed
951950,901950,2025-09-03,2672.35,pending
951951,901951,2024-06-16,3660.39,Pending
951952,901952,2024-09-21,2006.53,Processed
951953,901953,2025-08-02,238.5,processed
951954,901954,2025-04-14,1659.09,pending
951955,901955,2025-06-01,804.41,
951956,901956,2025-11-23,11834.21,processed
951957,901957,2025-05-13,7882.55,
951958,901958,2024-12-27,4553.6,pending
951959,901959,2025-06-30,2590.23,processed
951960,901960,2025-04-02,4552.63,Failed
951961,901961,2025-10-01,5910.63,processed
951962,901962,2025-04-18,4170.53,processed
951963,901963,2024-05-13,1009.4,processed
951964,901964,2025-01-30,15662.24,Failed
951965,901965,2024-06-02,2856.73,pending
951966,901966,2025-04-09,10912.93,Processed
951967,901967,2025-07-29,6928.31,processed
951968,901968,2025-05-12,841.38,Pending
951969,901969,2024-12-15,16578.36,
951970,901970,2025-09-11,0.0,Pending
951971,901971,2025-08-13,1944.97,Processed
951972,901972,2025-04-02,3842.09,processed
951973,901973,2025-09-10,2109.02,pending
951974,901974,2024-12-29,2312.06,
951975,901975,2025-04-30,3078.11,processed
951976,901976,2025-03-30,2159.88,Pending
951977,901977,2025-02-07,3872.68,Failed
951978,901978,2025-12-31,4363.3,
951979,901979,2025-02-17,6917.69,processed
951980,901980,2025-04-14,1264.13,Processed
951981,901981,2025-11-14,2154.7,Processed
951982,901982,2024-09-17,1655.03,Failed
951983,901983,2024-08-26,5482.69,Processed
951984,901984,2025-10-31,3874.63,pending
951985,901985,2025-02-20,7963.52,Processed
951986,901986,2024-09-25,7342.88,Processed
951987,901987,2025-06-17,1897.91,Processed
951988,901988,2025-08-09,3106.87,Failed
951989,901989,2024-05-23,3854.56,Processed
951990,901990,2025-04-23,3140.65,processed
951991,901991,2024-03-25,894.06,pending
951992,901992,2024-10-04,978.75,Processed
951993,901993,2025-08-17,18832.0,Pending
951994,901994,2025-02-09,828.35,pending
951995,901995,2024-09-27,2561.24,Processed
951996,901996,2024-07-27,1891.21,pending
951997,901997,2024-10-08,6407.95,Pending
951998,901998,2025-03-23,29973.3,Processed
951999,901999,2024-10-11,2069.7,processed
952000,902000,2024-05-18,4776.46,Pending
952001,902001,2025-12-20,2863.44,
952002,902002,2025-07-08,1248.44,
952003,902003,2025-10-10,1190.01,Processed
952004,902004,2025-08-07,259.96,pending
952005,902005,2024-08-17,3550.37,pending
952006,902006,2025-09-11,4996.15,
952007,902007,2024-11-28,5789.75,processed
952008,902008,2025-10-17,1244.64,Processed
952009,902009,2025-02-02,1096.99,Processed
952010,902010,2025-02-04,1420.85,
952011,902011,2024-05-12,0.0,
952012,902012,2024-06-05,3853.99,Failed
952013,902013,2024-11-06,6378.15,
952014,902014,2025-09-26,693.33,Pending
952015,902015,2024-12-17,8616.37,
952016,902016,2025-04-22,7934.14,processed
952017,902017,2024-07-19,4910.42,pending
952018,902018,2025-08-12,1513.81,pending
952019,902019,2024-05-05,14118.88,Pending
952020,902020,2024-03-28,3542.0,Pending
952021,902021,2024-01-25,3096.78,Failed
952022,902022,2024-03-05,3573.24,pending
952023,902023,2025-08-11,8069.32,Processed
952024,902024,2024-03-23,4164.28,Failed
952025,902025,2024-08-25,6358.08,processed
952026,902026,2024-12-31,5516.98,Failed
952027,902027,2024-12-21,3437.78,pending
952028,902028,2025-08-21,3701.33,Failed
952029,902029,2024-07-18,23519.6,
952030,902030,2025-09-21,8386.49,
952031,902031,2024-03-12,2054.88,Pending
952032,902032,2024-10-10,1764.23,Pending
952033,902033,2024-02-27,1245.15,Pending
952034,902034,2024-08-02,0.0,Processed
952035,902035,2024-06-09,17635.64,
952036,902036,2025-08-23,9790.78,Processed
952037,902037,2024-11-11,1715.24,Failed
952038,902038,2025-06-30,1030.63,Failed
952039,902039,2025-09-25,1990.89,
952040,902040,2025-07-12,3819.29,processed
952041,902041,2025-05-04,3539.71,
952042,902042,2025-05-13,0.0,Failed
952043,902043,2024-10-12,0.0,
952044,902044,2024-05-26,3441.21,pending
952045,902045,2025-05-26,3715.52,pending
952046,902046,2024-07-15,2101.43,processed
952047,902047,2025-10-16,4330.49,Pending
952048,902048,2025-08-16,1914.28,processed
952049,902049,2024-12-29,2923.27,processed
952050,902050,2024-05-18,669.27,Pending
952051,902051,2024-09-04,3885.3,processed
952052,902052,2024-12-01,943.78,Failed
952053,902053,2024-12-01,4888.45,Processed
952054,902054,2024-05-25,2701.05,pending
952055,902055,2025-01-10,705.57,
952056,902056,2024-06-24,3660.46,Failed
952057,902057,2024-01-20,0.0,processed
952058,902058,2024-04-06,3756.39,Failed
952059,902059,2025-08-08,1205.26,Processed
952060,902060,2024-11-22,25693.0,Failed
952061,902061,2025-07-23,-500.0,Pending
952062,902062,2025-08-08,872.75,
952063,902063,2024-05-28,2242.84,Failed
952064,902064,2024-09-15,1436.42,processed
952065,902065,2024-04-07,2285.1,processed
952066,902066,2026-01-14,3024.37,pending
952067,902067,2025-06-13,8418.43,Failed
952068,902068,2024-06-29,19276.7,
952069,902069,2025-08-01,1085.69,Failed
952070,902070,2024-07-07,3876.75,processed
952071,902071,2025-05-03,1568.47,
952072,902072,2024-12-13,2858.11,Pending
952073,902073,2025-08-04,3412.99,processed
952074,902074,2024-07-24,14561.33,Pending
952075,902075,2024-01-23,10547.41,
952076,902076,2024-02-08,10531.19,processed
952077,902077,2024-05-29,3076.22,
952078,902078,2024-12-12,27288.55,Processed
952079,902079,2025-05-21,1394.97,Failed
952080,902080,2024-08-29,9889.83,processed
952081,902081,2024-09-16,390.58,pending
952082,902082,2025-05-16,48294.58,pending
952083,902083,2024-12-21,1601.98,Processed
952084,902084,2024-12-05,41773.15,processed
952085,902085,2024-12-17,1460.3,Failed
952086,902086,2024-09-23,1196.28,
952087,902087,2025-10-02,16807.1,processed
952088,902088,2024-11-14,579.53,processed
952089,902089,2024-02-07,5615.58,pending
952090,902090,2024-09-07,6633.28,Failed
952091,902091,2024-03-26,32246.57,Failed
952092,902092,2025-10-03,938.79,pending
952093,902093,2025-09-12,2288.43,Pending
952094,902094,2025-01-27,47424.0,pending
952095,902095,2025-01-15,3657.43,
952096,902096,2024-08-20,2041.08,Failed
952097,902097,2025-06-27,2753.1,processed
952098,902098,2024-03-26,3464.59,
952099,902099,2024-05-22,6884.2,processed
952100,902100,2025-10-13,962.07,Processed
952101,902101,2024-05-04,3054.15,Pending
952102,902102,2025-03-17,3346.16,Processed
952103,902103,2024-12-25,263.16,Failed
952104,902104,2025-07-30,3861.4,
952105,902105,2026-01-08,15887.54,Processed
952106,902106,2025-05-01,8494.74,Pending
952107,902107,2024-10-19,2777.98,pending
952108,902108,2025-08-11,1694.67,Pending
952109,902109,2024-07-14,2869.45,processed
952110,902110,2024-08-20,2497.84,Failed
952111,902111,2024-01-15,6165.82,Pending
952112,902112,2025-08-05,0.0,processed
952113,902113,2024-04-05,7742.21,pending
952114,902114,2024-07-05,2899.83,processed
952115,902115,2024-10-21,2136.5,Failed
952116,902116,2024-07-13,307.82,Pending
952117,902117,2024-11-15,1046.96,processed
952118,902118,2024-06-05,3245.6,
952119,902119,2025-03-06,2399.56,Processed
952120,902120,2025-07-24,1766.48,processed
952121,902121,2024-04-28,1939.25,
952122,902122,2024-03-01,3858.25,Processed
952123,902123,2024-03-15,5528.58,
952124,902124,2024-05-16,7095.77,Failed
952125,902125,2024-12-28,2237.6,Processed
952126,902126,2024-03-10,4689.39,Pending
952127,902127,2025-12-01,8405.44,processed
952128,902128,2025-02-07,8144.68,Pending
952129,902129,2024-07-07,3245951.57,pending
952130,902130,2025-09-08,6336.06,processed
952131,902131,2025-05-08,4490.5,Failed
952132,902132,2024-02-16,11184.26,processed
952133,902133,2025-04-17,4294.87,
952134,902134,2025-11-03,999999.0,processed
952135,902135,2024-07-21,2242.38,Processed
952136,902136,2024-08-27,1717.21,Failed
952137,902137,2025-01-12,14577.02,
952138,902138,2025-08-15,1699.69,Processed
952139,902139,2024-10-19,12335.55,Pending
952140,902140,2025-10-30,4917.55,Pending
952141,902141,2025-02-20,4595.0,Processed
952142,902142,2024-09-23,816.13,pending
952143,902143,2025-09-02,1300.93,processed
952144,902144,2025-07-13,13818.24,
952145,902145,2024-04-08,303.46,pending
952146,902146,2026-01-25,2170.36,pending
952147,902147,2024-06-16,316.63,
952148,902148,2025-01-13,1991.88,Pending
952149,902149,2024-10-31,13585.0,Failed
952150,902150,2025-05-25,13217.61,pending
952151,902151,2025-01-23,1676.0,Pending
952152,902152,2024-09-02,3637.32,processed
952153,902153,2025-07-13,3494.51,processed
952154,902154,2025-12-09,22194.15,Failed
952155,902155,2025-08-10,1563.03,pending
952156,902156,2024-04-30,899.15,processed
952157,902157,2025-02-25,2354.3,processed
952158,902158,2024-08-16,2263.92,
952159,902159,2024-07-26,935.79,Processed
952160,902160,2025-12-10,2325.76,processed
952161,902161,2025-02-13,3307.8,processed
952162,902162,2025-03-29,4477.78,Processed
952163,902163,2024-07-02,9494.26,Processed
952164,902164,2025-01-10,12768.62,processed
952165,902165,2025-01-19,1609.46,Pending
952166,902166,2024-02-06,3331.26,
952167,902167,2024-03-22,726.79,processed
952168,902168,2025-07-24,5124.47,Processed
952169,902169,2024-03-22,12158.66,Failed
952170,902170,2024-06-14,1124.75,pending
952171,902171,2024-10-17,1614.4,processed
952172,902172,2024-07-18,978.09,Failed
952173,902173,2024-04-11,213.09,Pending
952174,902174,2025-12-20,6737.52,Failed
952175,902175,2025-07-29,123.91,Processed
952176,902176,2024-12-18,4040929.26,pending
952177,902177,2024-09-09,1976.83,processed
952178,902178,2024-09-16,2698.36,
952179,902179,2024-10-28,662.64,Processed
952180,902180,2026-01-12,1731.74,processed
952181,902181,2025-08-26,12750.94,pending
952182,902182,2025-12-08,2177.76,Pending
952183,902183,2024-10-10,25753.76,Processed
952184,902184,2024-08-05,2586.41,Pending
952185,902185,2025-10-31,1675.7,Processed
952186,902186,2025-10-03,1447.04,pending
952187,902187,2025-06-21,2930.22,
952188,902188,2024-08-05,6995.03,
952189,902189,2024-11-29,1569.6,Processed
952190,902190,2024-05-16,1733.63,Pending
952191,902191,2024-12-03,2084.42,pending
952192,902192,2024-01-30,1327.99,Pending
952193,902193,2025-11-29,14456.28,processed
952194,902194,2024-11-14,7253.52,processed
952195,902195,2024-04-23,1896.42,Processed
952196,902196,2025-04-09,24220.84,Failed
952197,902197,2025-11-11,0.0,pending
952198,902198,2025-07-17,2376.15,Failed
952199,902199,2024-05-29,8547.79,processed
952200,902200,2025-10-15,6345.19,Failed
952201,902201,2025-05-15,2145.14,Failed
952202,902202,2024-07-14,10547.28,Pending
952203,902203,2024-07-01,5863.37,Processed
952204,902204,2025-12-08,3330.25,processed
952205,902205,2024-04-25,2919.52,processed
952206,902206,2025-01-07,1983.39,pending
952207,902207,2025-06-07,0.0,Processed
952208,902208,2025-01-29,1067.04,Failed
952209,902209,2024-08-11,11480.11,
952210,902210,2024-04-23,45598.58,
952211,902211,2025-08-03,5062.9,pending
952212,902212,2025-07-28,2806.03,
952213,902213,2024-10-05,2444.5,Failed
952214,902214,2025-03-15,4571.9,processed
952215,902215,2025-09-19,370.09,Pending
952216,902216,2025-10-02,370.09,
952217,902217,2025-10-15,5754.61,Pending
952218,902218,2025-11-28,312.65,pending
952219,902219,2024-11-26,4489.11,Failed
952220,902220,2024-05-26,584.36,processed
952221,902221,2025-08-04,284.59,processed
952222,902222,2024-03-22,1632.39,Failed
952223,902223,2024-01-21,8569.98,pending
952224,902224,2024-09-07,440.59,Pending
952225,902225,2025-07-06,3629.48,pending
952226,902226,2025-06-18,3657.01,processed
952227,902227,2025-07-13,22435.49,processed
952228,902228,2025-08-23,2233.72,Processed
952229,902229,2024-11-17,140015.14,Pending
952230,902230,2024-01-18,10068.46,processed
952231,902231,2024-12-09,1090.52,Processed
952232,902232,2025-03-21,516.15,Processed
952233,902233,2025-04-28,0.0,Pending
952234,902234,2024-12-07,1941.12,Pending
952235,902235,2024-02-27,1368.57,processed
952236,902236,2025-07-11,3381.66,Processed
952237,902237,2024-12-28,8293.41,processed
952238,902238,2025-12-17,8885.07,processed
952239,902239,2025-11-30,4766.39,Pending
952240,902240,2024-10-22,4279.43,pending
952241,902241,2025-10-29,2967.32,Processed
952242,902242,2025-07-05,13347.99,Failed
952243,902243,2024-02-12,1701.24,processed
952244,902244,2025-11-13,3658.93,
952245,902245,2025-05-30,7206.16,Processed
952246,902246,2025-03-30,16755.31,pending
952247,902247,2025-04-06,5057.62,Processed
952248,902248,2025-09-04,5454.76,Failed
952249,902249,2025-06-16,0.0,Failed
952250,902250,2025-12-23,3576.03,Pending
952251,902251,2025-06-14,4316.77,Processed
952252,902252,2025-03-06,2786.06,processed
952253,902253,2025-11-25,13492.2,Pending
952254,902254,2024-08-08,922.61,processed
952255,902255,2025-10-01,973.7,pending
952256,902256,2025-06-09,1177.93,
952257,902257,2024-07-15,3005.65,Processed
952258,902258,2024-05-19,2510.69,Failed
952259,902259,2024-04-27,5368.36,
952260,902260,2024-04-15,917.22,
952261,902261,2025-09-26,6711.25,Processed
952262,902262,2024-10-01,43174.62,Pending
952263,902263,2025-06-02,5232.89,Pending
952264,902264,2024-02-07,17764.95,Pending
952265,902265,2025-06-11,1214.82,pending
952266,902266,2024-05-30,14118.15,processed
952267,902267,2024-03-02,8356.01,pending
952268,902268,2025-05-12,527.31,Failed
952269,902269,2025-02-12,1058.81,Failed
952270,902270,2024-09-06,3914.97,Pending
952271,902271,2024-12-11,6937.25,pending
952272,902272,2024-11-26,421.11,
952273,902273,2025-03-23,19396.23,Processed
952274,902274,2024-09-02,3078.95,Pending
952275,902275,2024-07-10,1019.98,
952276,902276,2024-06-27,2542.98,Failed
952277,902277,2024-05-21,9845.04,Processed
952278,902278,2025-02-01,7889.99,
952279,902279,2024-01-21,12682.3,processed
952280,902280,2024-06-08,3124.63,pending
952281,902281,2025-08-15,4330.75,Processed
952282,902282,2024-11-04,1044.75,Processed
952283,902283,2025-08-29,1958.95,Processed
952284,902284,2024-04-04,1082.5,Processed
952285,902285,2024-12-17,1238.8,Processed
952286,902286,2025-11-26,24714.26,
952287,902287,2024-03-28,17270.16,Pending
952288,902288,2025-09-20,1653.76,
952289,902289,2025-06-19,3799.98,pending
952290,902290,2024-06-10,3084.8,Processed
952291,902291,2025-10-18,9722.23,Processed
952292,902292,2025-12-15,4307.39,
952293,902293,2024-07-04,2227.58,Failed
952294,902294,2024-04-11,11226.77,Pending
952295,902295,2024-11-09,7759.96,Processed
952296,902296,2026-01-07,5938.93,
952297,902297,2025-04-16,4243.96,Failed
952298,902298,2024-03-22,13115.21,processed
952299,902299,2024-08-20,9399.86,Pending
952300,902300,2024-09-04,1374.45,processed
952301,902301,2025-12-11,2619.51,Failed
952302,902302,2025-08-19,10804.52,Processed
952303,902303,2025-01-24,260.82,processed
952304,902304,2024-10-28,787.23,pending
952305,902305,2025-07-18,8896.2,Processed
952306,902306,2025-09-03,425.82,
952307,902307,2025-10-23,1136.28,processed
952308,902308,2025-02-14,4861.14,Pending
952309,902309,2024-08-29,3355.44,
952310,902310,2024-05-21,1950.64,Failed
952311,902311,2024-09-07,10704.03,Failed
952312,902312,2025-01-19,5306.34,processed
952313,902313,2025-01-03,0.0,pending
952314,902314,2024-02-23,5310.42,processed
952315,902315,2025-09-07,500000.0,pending
952316,902316,2024-08-19,0.0,Processed
952317,902317,2025-01-07,1348.14,
952318,902318,2025-03-01,3518.73,
952319,902319,2024-09-27,3506.84,
952320,902320,2024-04-23,5441.84,Processed
952321,902321,2024-05-11,1224.87,Processed
952322,902322,2025-08-11,0.0,Pending
952323,902323,2024-02-06,3686.45,Pending
952324,902324,2025-11-17,2442.01,pending
952325,902325,2024-10-08,19627.09,Pending
952326,902326,2025-04-03,3041.01,Processed
952327,902327,2024-08-31,11678.62,Processed
952328,902328,2024-04-08,3277.55,pending
952329,902329,2025-03-27,2417.39,processed
952330,902330,2025-08-20,5641.26,Failed
952331,902331,2026-01-14,0.0,processed
952332,902332,2024-02-06,0.0,Failed
952333,902333,2025-08-24,3465.89,
952334,902334,2025-09-19,1374.13,Processed
952335,902335,2025-06-07,8986.13,
952336,902336,2025-06-13,12862.97,Processed
952337,902337,2024-04-27,4778.52,
952338,902338,2024-07-09,1723.73,processed
952339,902339,2025-02-20,7122.09,pending
952340,902340,2024-08-12,13025.72,pending
952341,902341,2024-08-03,5849.14,pending
952342,902342,2024-11-15,1910.12,Processed
952343,902343,2024-07-22,2383.72,processed
952344,902344,2025-07-30,486.62,Processed
952345,902345,2024-07-04,1271.01,Processed
952346,902346,2025-12-21,6714.05,Processed
952347,902347,2025-06-24,2913.1,Pending
952348,902348,2025-11-07,2292.68,Failed
952349,902349,2025-07-07,2899.34,processed
952350,902350,2024-09-15,1298.95,processed
952351,902351,2025-11-27,0.0,Failed
952352,902352,2025-12-23,3504.41,pending
952353,902353,2025-02-10,500000.0,processed
952354,902354,2024-06-25,3831.14,Pending
952355,902355,2024-04-30,1679.34,processed
952356,902356,2024-03-25,1469.01,
952357,902357,2024-07-11,346.51,Processed
952358,902358,2024-05-21,4453.8,Pending
952359,902359,2025-01-30,4683.54,Pending
952360,902360,2025-08-10,4444.08,Pending
952361,902361,2025-03-01,1935.02,Failed
952362,902362,2025-03-31,644.17,processed
952363,902363,2025-08-21,5646.07,pending
952364,902364,2025-01-25,-100.0,Failed
952365,902365,2025-02-12,3125.62,
952366,902366,2025-08-29,2408.87,Processed
952367,902367,2024-11-06,585.56,
952368,902368,2024-12-21,11366.77,processed
952369,902369,2024-04-20,3894.22,
952370,902370,2025-11-03,2401.67,Failed
952371,902371,2025-10-05,761.75,Failed
952372,902372,2025-04-07,3248.03,
952373,902373,2024-05-16,8549.73,Failed
952374,902374,2024-09-26,6874.34,processed
952375,902375,2025-02-04,3062.06,Pending
952376,902376,2025-09-26,2992.44,Failed
952377,902377,2025-08-08,1143.98,processed
952378,902378,2025-05-24,1593.46,Processed
952379,902379,2025-08-01,787.75,Pending
952380,902380,2025-02-24,1945.35,pending
952381,902381,2024-12-21,19096.43,
952382,902382,2025-06-09,12475.84,pending
952383,902383,2025-11-03,0.0,Pending
952384,902384,2024-07-14,3046.41,pending
952385,902385,2025-04-30,2489.59,Failed
952386,902386,2024-04-09,2442.9,processed
952387,902387,2024-08-23,10665.88,Pending
952388,902388,2025-11-06,1216.93,Processed
952389,902389,2024-08-08,5457.45,Failed
952390,902390,2024-05-23,24767.33,
952391,902391,2024-03-05,2038.36,Processed
952392,902392,2024-04-14,9191.61,Pending
952393,902393,2024-06-08,1351.87,Failed
952394,902394,2025-03-06,0.0,Failed
952395,902395,2024-12-26,5306.58,pending
952396,902396,2025-04-19,5659.49,pending
952397,902397,2024-10-04,1984.12,
952398,902398,2024-05-08,2896.44,
952399,902399,2025-05-30,23425.26,processed
952400,902400,2024-12-14,1280.71,processed
952401,902401,2024-03-08,5832.13,
952402,902402,2025-12-24,0.0,Processed
952403,902403,2024-11-02,16545.15,Pending
952404,902404,2025-09-24,2857.84,pending
952405,902405,2025-08-03,1967.74,
952406,902406,2025-04-23,1403.95,pending
952407,902407,2026-01-05,6861.27,Pending
952408,902408,2024-11-30,1605.14,pending
952409,902409,2024-04-08,1821.83,
952410,902410,2024-07-25,2442.01,processed
952411,902411,2024-08-03,3545.14,processed
952412,902412,2024-02-07,5942.58,Processed
952413,902413,2024-03-20,3096.77,processed
952414,902414,2024-08-17,10253.42,pending
952415,902415,2025-11-24,4309.49,Pending
952416,902416,2026-01-03,2396.82,pending
952417,902417,2025-07-10,25036.9,Pending
952418,902418,2024-02-19,10484.46,processed
952419,902419,2024-02-22,2923.65,processed
952420,902420,2025-07-16,2839.38,Failed
952421,902421,2025-12-22,2057.02,pending
952422,902422,2025-08-09,4827.89,Processed
952423,902423,2024-02-10,11958.29,
952424,902424,2025-12-14,2068.98,processed
952425,902425,2025-05-01,3188.99,
952426,902426,2024-02-11,16737.46,processed
952427,902427,2025-04-18,12906.3,Pending
952428,902428,2025-10-06,1421.68,
952429,902429,2024-07-31,3413.11,Failed
952430,902430,2025-04-10,169.59,processed
952431,902431,2025-09-19,4871.12,processed
952432,902432,2024-11-24,9871.07,processed
952433,902433,2024-12-07,19489.98,pending
952434,902434,2025-11-25,4463.44,pending
952435,902435,2024-07-10,0.0,
952436,902436,2024-11-01,829.42,processed
952437,902437,2026-01-19,19008.07,Pending
952438,902438,2025-02-27,1090.22,Pending
952439,902439,2024-07-25,3846.16,Pending
952440,902440,2025-09-30,20816.48,Failed
952441,902441,2024-02-02,8165.17,pending
952442,902442,2024-03-12,8119.37,
952443,902443,2024-03-01,20745.73,pending
952444,902444,2024-02-07,12161.43,processed
952445,902445,2024-11-06,2578.73,
952446,902446,2025-01-26,7793.01,pending
952447,902447,2024-04-21,13846.96,Pending
952448,902448,2025-03-07,516.4,Pending
952449,902449,2024-05-21,356.67,
952450,902450,2024-10-17,660.23,Pending
952451,902451,2025-02-23,1507.21,Pending
952452,902452,2025-07-03,2176.08,Processed
952453,902453,2024-07-27,6311.48,Failed
952454,902454,2025-02-25,1037.14,
952455,902455,2024-07-13,6795.66,Pending
952456,902456,2024-09-03,5490.57,
952457,902457,2024-09-29,1411.81,
952458,902458,2024-12-15,1065.89,pending
952459,902459,2024-06-28,2803712.9,Processed
952460,902460,2025-02-24,12484.26,Processed
952461,902461,2025-07-27,6349.35,
952462,902462,2025-09-23,2718.87,processed
952463,902463,2025-09-04,15915.25,pending
952464,902464,2025-09-30,1146.65,pending
952465,902465,2024-06-26,17206.25,
952466,902466,2024-04-18,6112.1,
952467,902467,2025-08-24,1693.39,processed
952468,902468,2026-01-25,19049.04,pending
952469,902469,2025-05-08,24994.17,processed
952470,902470,2025-03-22,7626.29,pending
952471,902471,2025-09-07,1586.47,processed
952472,902472,2025-03-20,4053.96,Pending
952473,902473,2025-05-31,292.98,Failed
952474,902474,2025-01-03,7128.44,pending
952475,902475,2025-12-10,11930.24,Pending
952476,902476,2025-12-11,222.34,Processed
952477,902477,2024-01-25,3999.25,processed
952478,902478,2024-12-26,14304.2,processed
952479,902479,2024-07-21,8532.52,
952480,902480,2025-01-03,10254.37,pending
952481,902481,2026-01-03,500000.0,Pending
952482,902482,2024-05-16,4731.07,Pending
952483,902483,2024-01-16,2388.6,
952484,902484,2024-02-24,2144.1,processed
952485,902485,2024-03-22,7622.77,Failed
952486,902486,2024-05-11,2754.66,pending
952487,902487,2024-03-28,1977.56,
952488,902488,2024-11-08,1111.17,Failed
952489,902489,2024-11-08,5674.95,Processed
952490,902490,2025-10-22,2349.59,Failed
952491,902491,2024-05-27,2040.07,pending
952492,902492,2024-11-26,2496.06,processed
952493,902493,2025-12-30,1005.28,
952494,902494,2025-08-21,3554.15,processed
952495,902495,2024-05-08,3047.43,Pending
952496,902496,2025-09-26,5968.6,Failed
952497,902497,2025-03-15,1685.49,Failed
952498,902498,2024-08-04,5658.74,Failed
952499,902499,2025-04-08,5918.03,pending
952500,902500,2025-12-15,22288.21,Processed
952501,902501,2024-03-06,1366.41,processed
952502,902502,2025-04-02,3308.98,
952503,902503,2026-01-07,718.88,
952504,902504,2025-10-02,30637.91,
952505,902505,2025-04-01,5509.02,pending
952506,902506,2024-10-05,1190.42,
952507,902507,2025-12-27,8382.78,Pending
952508,902508,2025-10-21,716.2,
952509,902509,2025-11-27,0.0,pending
952510,902510,2025-05-08,0.0,
952511,902511,2025-07-04,1624.2,
952512,902512,2024-05-11,3452.13,pending
952513,902513,2025-07-09,937.4,Pending
952514,902514,2025-04-23,789.37,pending
952515,902515,2024-12-18,3832.62,Failed
952516,902516,2024-05-28,9652.34,
952517,902517,2024-05-02,19601.54,Pending
952518,902518,2025-11-07,1865.96,
952519,902519,2024-10-16,44381.57,pending
952520,902520,2024-07-22,8212.14,
952521,902521,2024-07-20,4337.92,pending
952522,902522,2024-12-24,5422.94,Failed
952523,902523,2025-10-24,8319.33,Failed
952524,902524,2024-05-20,1574.16,
952525,902525,2024-07-09,2971.64,pending
952526,902526,2024-05-16,403.87,Pending
952527,902527,2025-05-09,3582.96,Pending
952528,902528,2025-01-06,7783.07,Processed
952529,902529,2024-12-01,896.45,pending
952530,902530,2024-09-30,3402.53,Processed
952531,902531,2024-12-19,0.0,Pending
952532,902532,2024-03-27,3350.22,Processed
952533,902533,2025-04-23,1501.42,Pending
952534,902534,2024-05-07,1222.52,Pending
952535,902535,2025-11-24,734.7,pending
952536,902536,2025-04-14,2168.51,
952537,902537,2024-10-20,8999.79,Processed
952538,902538,2025-09-25,5510.39,Pending
952539,902539,2025-02-26,3951.43,
952540,902540,2024-11-02,17684.78,Processed
952541,902541,2025-03-22,781.88,pending
952542,902542,2025-07-26,2976.83,
952543,902543,2024-12-28,21652.16,Failed
952544,902544,2025-07-13,3326.28,pending
952545,902545,2024-05-30,2746.89,Failed
952546,902546,2025-02-24,12743.29,Processed
952547,902547,2025-02-26,909.14,Failed
952548,902548,2025-12-27,1097.62,
952549,902549,2025-12-05,2555.01,pending
952550,902550,2024-03-16,3883.49,processed
952551,902551,2025-10-03,1872.38,
952552,902552,2024-08-16,7475.37,Pending
952553,902553,2025-11-20,1680.54,pending
952554,902554,2025-06-23,2791.9,processed
952555,902555,2024-04-16,3246.52,
952556,902556,2025-08-02,5531.56,
952557,902557,2024-10-04,7397.14,
952558,902558,2024-04-07,8533.72,Processed
952559,902559,2025-12-18,9496.21,pending
952560,902560,2025-07-16,1082.78,Processed
952561,902561,2024-12-09,0.0,
952562,902562,2025-10-18,30922.61,Pending
952563,902563,2024-03-30,1760.06,Processed
952564,902564,2025-07-01,3458.05,Pending
952565,902565,2024-08-06,3433.81,processed
952566,902566,2025-08-06,1455.89,pending
952567,902567,2025-04-25,2028.64,processed
952568,902568,2024-12-23,4749.66,pending
952569,902569,2025-12-02,1981.86,processed
952570,902570,2024-03-15,24649.97,processed
952571,902571,2025-11-07,2119.85,Failed
952572,902572,2025-04-24,500000.0,
952573,902573,2024-08-25,3937.99,processed
952574,902574,2024-10-12,1860.63,Processed
952575,902575,2024-10-07,17323.67,processed
952576,902576,2025-11-28,7388.35,processed
952577,902577,2024-12-18,1844.47,Pending
952578,902578,2024-09-24,940.71,processed
952579,902579,2024-01-22,9772.9,Processed
952580,902580,2025-12-25,8519.21,Processed
952581,902581,2024-10-23,4895.2,Pending
952582,902582,2024-02-25,3544.62,Processed
952583,902583,2025-09-10,391.91,
952584,902584,2025-06-28,5449.99,Pending
952585,902585,2025-01-01,7259.02,Failed
952586,902586,2025-10-28,3409.45,processed
952587,902587,2024-03-25,31922.24,Pending
952588,902588,2025-03-11,1672.47,Pending
952589,902589,2024-05-03,11300.42,Pending
952590,902590,2024-11-11,14184.19,Processed
952591,902591,2024-08-19,6191.53,Pending
952592,902592,2025-09-06,1251.01,Pending
952593,902593,2025-04-23,2228.28,
952594,902594,2025-05-14,8189.81,Processed
952595,902595,2025-08-01,33457.22,pending
952596,902596,2024-08-19,2010323.73,processed
952597,902597,2025-06-17,703.64,
952598,902598,2025-05-28,-500.0,
952599,902599,2024-12-19,962.65,Failed
952600,902600,2025-05-08,501.25,Processed
952601,902601,2024-12-30,6106.86,processed
952602,902602,2025-10-30,7910.62,Processed
952603,902603,2024-11-04,2113.96,processed
952604,902604,2025-02-09,10830.72,processed
952605,902605,2025-03-20,9548.54,Processed
952606,902606,2025-08-27,2795.29,processed
952607,902607,2024-03-22,3296.33,processed
952608,902608,2025-11-15,1737.75,pending
952609,902609,2024-06-17,982.14,
952610,902610,2025-07-15,0.0,Pending
952611,902611,2024-08-15,2514.91,Failed
952612,902612,2024-05-23,2648.48,
952613,902613,2025-05-20,2173.47,processed
952614,902614,2024-11-11,5887.33,Pending
952615,902615,2024-10-15,1742.11,pending
952616,902616,2025-10-05,953.72,Pending
952617,902617,2026-01-21,790.19,pending
952618,902618,2024-06-26,-100.0,
952619,902619,2024-11-03,9747.84,processed
952620,902620,2025-06-14,449.89,Pending
952621,902621,2024-04-03,18188.78,
952622,902622,2024-12-18,0.0,Pending
952623,902623,2024-02-27,500000.0,processed
952624,902624,2025-11-06,10210.77,Failed
952625,902625,2024-08-22,5466.04,processed
952626,902626,2025-09-02,1147.96,Failed
952627,902627,2024-03-11,4866.76,processed
952628,902628,2025-02-06,1358.62,Failed
952629,902629,2025-12-06,6693.34,pending
952630,902630,2025-03-18,13594.1,
952631,902631,2025-10-03,5305.43,pending
952632,902632,2025-04-14,18776.11,pending
952633,902633,2025-03-01,7747.29,pending
952634,902634,2025-12-01,5224.05,Failed
952635,902635,2025-12-11,5970.78,
952636,902636,2025-03-29,2467.13,processed
952637,902637,2025-06-25,876.24,Processed
952638,902638,2024-03-14,2461.6,processed
952639,902639,2025-06-04,2374.07,processed
952640,902640,2024-11-13,2807.61,pending
952641,902641,2024-07-21,3964.9,
952642,902642,2025-09-26,2311.54,Failed
952643,902643,2025-04-15,472.91,pending
952644,902644,2024-04-03,1916.95,
952645,902645,2024-05-23,-500.0,Failed
952646,902646,2025-08-04,6609.56,processed
952647,902647,2024-12-11,4099.78,pending
952648,902648,2025-07-02,18041.22,Processed
952649,902649,2024-11-02,1964.81,Pending
952650,902650,2024-05-12,6480.07,processed
952651,902651,2024-06-28,1642.64,Pending
952652,902652,2025-03-07,2263.16,processed
952653,902653,2024-11-09,2115.9,pending
952654,902654,2025-04-22,3338.05,pending
952655,902655,2024-11-20,3065.6,Failed
952656,902656,2024-07-16,6557.4,Pending
952657,902657,2024-03-16,4307.34,Failed
952658,902658,2025-01-07,6869.14,Pending
952659,902659,2024-04-27,500000.0,pending
952660,902660,2025-08-15,3516.84,
952661,902661,2025-07-15,1417.1,Failed
952662,902662,2024-07-08,10374.98,
952663,902663,2024-12-18,23523.51,pending
952664,902664,2024-10-14,5283.85,
952665,902665,2024-05-10,26355.94,Failed
952666,902666,2024-02-10,2278.14,Processed
952667,902667,2026-01-10,2210.72,Processed
952668,902668,2025-07-21,5362.61,processed
952669,902669,2024-05-31,1166.01,Failed
952670,902670,2024-01-24,6431.97,pending
952671,902671,2025-09-03,26668.64,
952672,902672,2024-08-21,642.62,Pending
952673,902673,2024-09-16,1397.03,Failed
952674,902674,2025-02-22,4153754.72,pending
952675,902675,2024-02-20,12141.92,Pending
952676,902676,2024-06-12,2544.18,Pending
952677,902677,2025-05-01,7105.24,Failed
952678,902678,2024-05-05,6588.43,Failed
952679,902679,2025-05-31,1476.15,
952680,902680,2025-05-04,649.17,Failed
952681,902681,2024-04-18,716.85,pending
952682,902682,2024-09-02,4299.71,processed
952683,902683,2024-05-25,953.33,pending
952684,902684,2025-06-01,1645.17,Processed
952685,902685,2025-05-05,6294.32,Processed
952686,902686,2025-10-11,7362.09,Processed
952687,902687,2025-02-27,7578.28,Processed
952688,902688,2025-07-12,4626.39,pending
952689,902689,2025-08-31,1233.25,Processed
952690,902690,2025-01-26,29005.06,Failed
952691,902691,2024-06-26,2388.82,Pending
952692,902692,2025-11-19,7113.57,Pending
952693,902693,2024-07-09,2195.4,Pending
952694,902694,2025-08-22,1069.33,
952695,902695,2025-08-24,1395.59,pending
952696,902696,2025-12-27,6263.55,pending
952697,902697,2024-07-15,4543.34,pending
952698,902698,2025-09-29,3679.02,Failed
952699,902699,2024-04-05,5059.27,Pending
952700,902700,2024-08-23,7001.89,pending
952701,902701,2026-01-03,5780.23,Failed
952702,902702,2025-12-31,653.16,Failed
952703,902703,2025-12-06,2328.92,processed
952704,902704,2024-04-09,3859.52,Failed
952705,902705,2025-06-08,3241.35,Pending
952706,902706,2024-09-23,3378.83,Failed
952707,902707,2025-01-13,1574.62,Failed
952708,902708,2024-12-28,2698.06,
952709,902709,2025-08-24,2525.33,pending
952710,902710,2025-06-09,0.0,Pending
952711,902711,2024-04-03,3801.31,Processed
952712,902712,2025-03-25,2407.9,Processed
952713,902713,2025-12-10,1355.94,Pending
952714,902714,2025-06-04,2102.29,
952715,902715,2024-01-23,1278.96,pending
952716,902716,2025-06-14,1501.32,
952717,902717,2024-06-27,3527.19,Failed
952718,902718,2024-05-27,23510.56,Failed
952719,902719,2024-09-14,10120.14,Failed
952720,902720,2024-06-09,541.92,Pending
952721,902721,2024-07-29,2259.1,Failed
952722,902722,2024-05-13,990.55,Processed
952723,902723,2025-02-15,7043.72,Processed
952724,902724,2025-08-29,4568.91,processed
952725,902725,2025-07-23,7494.99,Processed
952726,902726,2025-07-09,4231.95,Pending
952727,902727,2025-07-28,11645.45,
952728,902728,2025-04-29,9596.81,pending
952729,902729,2024-06-24,956.98,Processed
952730,902730,2024-08-02,2857.48,Processed
952731,902731,2025-03-28,13094.78,
952732,902732,2024-06-01,9676.94,
952733,902733,2025-12-09,3118.25,processed
952734,902734,2024-04-17,5588.29,Pending
952735,902735,2024-02-06,4350.53,
952736,902736,2025-02-07,2241.96,processed
952737,902737,2025-09-26,5051.75,Failed
952738,902738,2024-12-16,5859.21,pending
952739,902739,2024-10-28,3954.11,pending
952740,902740,2025-04-21,1980.56,pending
952741,902741,2025-09-23,1194.05,Pending
952742,902742,2024-12-09,5831.56,
952743,902743,2024-05-21,40341.01,Pending
952744,902744,2025-03-18,41611.06,pending
952745,902745,2024-10-15,3086.04,Failed
952746,902746,2024-02-28,730.62,processed
952747,902747,2024-08-12,3797.15,Failed
952748,902748,2024-05-16,588.62,Pending
952749,902749,2025-07-04,9386.03,processed
952750,902750,2024-01-23,2394.18,Processed
952751,902751,2025-12-06,29089.44,Processed
952752,902752,2026-01-18,1225.43,pending
952753,902753,2024-06-22,47521.74,pending
952754,902754,2024-07-28,5985.37,pending
952755,902755,2024-11-30,4092.08,Pending
952756,902756,2025-06-03,3013.92,Failed
952757,902757,2025-04-27,3267.32,processed
952758,902758,2025-04-01,6840.16,
952759,902759,2024-02-01,2311.95,pending
952760,902760,2025-04-25,2621.19,
952761,902761,2025-12-19,7464.43,Processed
952762,902762,2025-05-16,10596.79,Pending
952763,902763,2024-03-24,9820.62,Processed
952764,902764,2025-01-13,1120.87,pending
952765,902765,2024-03-04,14325.02,processed
952766,902766,2024-04-24,13406.16,
952767,902767,2025-03-23,13765.57,Pending
952768,902768,2025-11-25,4334.71,Pending
952769,902769,2026-01-02,3272.15,processed
952770,902770,2024-04-11,1939.28,
952771,902771,2024-10-05,3509.23,Failed
952772,902772,2025-10-08,2046.23,Processed
952773,902773,2025-10-23,4636.36,Pending
952774,902774,2024-05-24,0.0,processed
952775,902775,2025-05-10,2649.83,
952776,902776,2025-04-16,5082.1,Failed
952777,902777,2025-12-27,5667.5,processed
952778,902778,2025-02-26,12070.78,Failed
952779,902779,2024-11-09,15760.86,Pending
952780,902780,2024-12-08,5419.85,processed
952781,902781,2025-07-07,18842.85,
952782,902782,2025-10-21,2417.31,
952783,902783,2024-09-08,4097.79,processed
952784,902784,2025-07-11,5375.18,Pending
952785,902785,2024-04-20,1341.92,Processed
952786,902786,2025-03-30,5349.49,Processed
952787,902787,2025-06-08,2243.56,pending
952788,902788,2025-10-09,4254.29,pending
952789,902789,2024-02-01,1344.08,pending
952790,902790,2025-10-22,313.09,Processed
952791,902791,2025-03-29,770.06,Pending
952792,902792,2024-12-12,4148.13,Processed
952793,902793,2026-01-07,2649.16,Processed
952794,902794,2025-09-07,9351.38,Failed
952795,902795,2025-04-04,3656.7,Processed
952796,902796,2025-02-22,5288.86,
952797,902797,2025-12-19,3855.09,pending
952798,902798,2024-08-06,8107.48,Processed
952799,902799,2024-09-08,2238.9,Processed
952800,902800,2025-11-15,10168.33,Pending
952801,902801,2024-10-17,3965.03,
952802,902802,2025-01-02,1435.03,
952803,902803,2025-07-07,1510.25,
952804,902804,2025-04-07,883.18,Pending
952805,902805,2024-04-18,621.58,Processed
952806,902806,2024-07-09,2662.34,
952807,902807,2024-09-05,9385.83,Failed
952808,902808,2025-02-14,3687.79,Failed
952809,902809,2024-11-23,6362.78,Processed
952810,902810,2024-10-30,1388.17,Failed
952811,902811,2025-01-27,4163.74,Processed
952812,902812,2025-11-06,117.07,
952813,902813,2024-03-14,184813.3,Pending
952814,902814,2025-12-13,2960.36,Failed
952815,902815,2024-11-25,2004.08,processed
952816,902816,2024-12-01,706.54,pending
952817,902817,2024-12-25,1908.36,
952818,902818,2024-11-09,1629.17,Failed
952819,902819,2025-05-03,1851.99,
952820,902820,2025-01-16,11618.62,Failed
952821,902821,2024-09-09,4357.43,Processed
952822,902822,2025-11-16,9398.45,Processed
952823,902823,2025-06-27,0.0,Processed
952824,902824,2025-08-04,10455.71,pending
952825,902825,2025-03-10,1826.19,processed
952826,902826,2024-06-20,2681.88,pending
952827,902827,2025-08-17,4133.4,Processed
952828,902828,2025-10-26,1015.51,processed
952829,902829,2024-04-05,3675662.32,Pending
952830,902830,2025-02-19,2191.01,Pending
952831,902831,2025-08-02,960.54,Failed
952832,902832,2025-06-28,2863.73,
952833,902833,2025-11-22,8712.2,Pending
952834,902834,2025-10-05,2643.34,Failed
952835,902835,2024-02-08,3503.76,Failed
952836,902836,2025-08-19,1705.64,pending
952837,902837,2024-04-05,6896.63,pending
952838,902838,2025-01-09,904.48,processed
952839,902839,2024-10-23,538.72,
952840,902840,2025-03-22,2854.49,
952841,902841,2024-08-08,853.78,processed
952842,902842,2024-06-29,11625.05,Failed
952843,902843,2024-05-02,2722.56,Failed
952844,902844,2025-10-17,939.04,Processed
952845,902845,2024-03-26,23482.34,Processed
952846,902846,2024-05-04,1345.84,Pending
952847,902847,2024-03-31,3638.95,Failed
952848,902848,2025-11-03,1666.18,Pending
952849,902849,2025-07-11,2464.88,Processed
952850,902850,2025-07-12,1097.41,Pending
952851,902851,2025-11-16,1216.08,Processed
952852,902852,2025-08-19,3273.31,
952853,902853,2024-12-16,9327.85,processed
952854,902854,2025-09-30,10541.83,pending
952855,902855,2024-11-17,836.43,Pending
952856,902856,2025-04-24,14593.71,processed
952857,902857,2025-04-07,9353.89,processed
952858,902858,2025-12-30,834.81,
952859,902859,2024-09-18,7647.07,
952860,902860,2024-03-27,1692786.83,Processed
952861,902861,2024-10-15,0.0,pending
952862,902862,2025-03-25,3638.91,Failed
952863,902863,2025-01-01,0.0,
952864,902864,2025-12-19,7652.79,Pending
952865,902865,2025-09-01,7358.06,processed
952866,902866,2024-03-22,28904.8,
952867,902867,2025-09-28,2337.53,Failed
952868,902868,2024-08-14,329.83,Pending
952869,902869,2024-02-06,34326.54,processed
952870,902870,2024-12-17,3192.42,processed
952871,902871,2025-10-28,747.08,pending
952872,902872,2025-06-08,1513.11,
952873,902873,2025-04-12,1861.51,Processed
952874,902874,2025-10-17,0.0,
952875,902875,2025-03-11,2141.8,processed
952876,902876,2025-11-06,18206.18,
952877,902877,2025-03-09,0.0,
952878,902878,2024-05-23,17148.12,Processed
952879,902879,2024-09-15,3904.74,processed
952880,902880,2025-03-14,7965.08,Processed
952881,902881,2025-01-04,11036.17,Processed
952882,902882,2025-05-24,1142.91,Failed
952883,902883,2024-02-18,4848.37,Failed
952884,902884,2025-07-09,884.8,Processed
952885,902885,2024-06-01,680.0,pending
952886,902886,2025-08-31,6305.95,Pending
952887,902887,2025-07-07,7068.2,Failed
952888,902888,2025-01-16,2663.9,Processed
952889,902889,2024-07-23,11284.62,Processed
952890,902890,2025-10-02,3242.19,Pending
952891,902891,2025-05-05,0.0,
952892,902892,2025-05-18,6785.09,pending
952893,902893,2025-04-07,2706.26,processed
952894,902894,2025-08-30,6664.62,Failed
952895,902895,2024-09-20,10589.53,
952896,902896,2024-10-30,1619.89,
952897,902897,2025-10-25,839.68,Processed
952898,902898,2024-11-07,2327.7,pending
952899,902899,2024-02-14,1092.9,processed
952900,902900,2024-10-10,6111.44,pending
952901,902901,2024-02-28,2055.82,Processed
952902,902902,2024-04-28,2933.15,Failed
952903,902903,2025-10-05,500000.0,Pending
952904,902904,2024-11-18,2022.21,Processed
952905,902905,2024-10-30,3205.71,Processed
952906,902906,2025-04-23,1362.2,processed
952907,902907,2024-12-04,1271.41,Processed
952908,902908,2025-03-21,1765.7,Failed
952909,902909,2025-12-15,7322.36,Pending
952910,902910,2025-04-05,1224.46,processed
952911,902911,2025-07-10,15209.29,pending
952912,902912,2026-01-19,2774.04,Failed
952913,902913,2025-05-18,2431.69,Failed
952914,902914,2025-07-11,5660.63,processed
952915,902915,2025-06-03,16930.69,processed
952916,902916,2024-07-20,908.5,Pending
952917,902917,2024-04-09,2933.57,Failed
952918,902918,2024-12-27,42576.62,Failed
952919,902919,2024-02-22,1796.09,Failed
952920,902920,2025-05-21,1147.77,Failed
952921,902921,2024-12-03,744.56,
952922,902922,2024-08-23,1311.14,
952923,902923,2024-10-05,845.76,Failed
952924,902924,2024-03-19,4054.16,
952925,902925,2024-08-14,4012.21,processed
952926,902926,2025-11-02,0.0,Pending
952927,902927,2024-09-11,953.18,Failed
952928,902928,2024-09-07,1868.83,pending
952929,902929,2025-10-30,1019.55,
952930,902930,2024-06-21,5552.82,pending
952931,902931,2024-05-01,2638.31,Processed
952932,902932,2025-02-06,2606.27,pending
952933,902933,2025-10-26,2501.92,Pending
952934,902934,2025-02-14,5078.26,Pending
952935,902935,2025-09-18,8074.29,Processed
952936,902936,2024-10-09,3155.97,Pending
952937,902937,2025-03-21,2227.17,processed
952938,902938,2024-12-23,2070.0,pending
952939,902939,2024-11-25,1632.08,
952940,902940,2025-11-23,850.64,
952941,902941,2025-10-14,1177.74,processed
952942,902942,2025-12-19,13041.32,Pending
952943,902943,2024-09-18,3927.26,processed
952944,902944,2025-01-26,0.0,processed
952945,902945,2025-08-20,2773.56,pending
952946,902946,2025-12-02,6709.95,Failed
952947,902947,2025-06-27,4105.5,Failed
952948,902948,2025-02-09,1531.58,Failed
952949,902949,2024-11-21,4275.53,pending
952950,902950,2025-03-30,2726.13,
952951,902951,2026-01-03,252.03,Failed
952952,902952,2025-12-26,8823.02,pending
952953,902953,2025-08-07,17763.31,pending
952954,902954,2025-07-11,662.21,Pending
952955,902955,2025-10-30,5219.46,
952956,902956,2025-08-23,11279.36,Processed
952957,902957,2024-04-01,6739.25,pending
952958,902958,2024-04-13,915.61,Processed
952959,902959,2025-03-21,4305.14,Failed
952960,902960,2025-01-05,3535.48,pending
952961,902961,2025-10-18,1113.98,Processed
952962,902962,2025-03-23,11341.63,Failed
952963,902963,2025-11-01,3607.35,processed
952964,902964,2025-01-06,3840.03,Processed
952965,902965,2024-09-30,3095.03,pending
952966,902966,2024-03-11,754.98,Processed
952967,902967,2025-07-17,3566.54,
952968,902968,2025-10-17,3663.66,
952969,902969,2025-10-25,1999.77,Failed
952970,902970,2025-09-07,2297.75,Processed
952971,902971,2024-03-22,973.15,
952972,902972,2025-03-03,7287.31,processed
952973,902973,2025-11-15,9132.16,Failed
952974,902974,2024-04-15,14156.15,Processed
952975,902975,2024-03-08,3256.65,processed
952976,902976,2025-03-21,3187.11,Failed
952977,902977,2025-12-13,5871.93,Pending
952978,902978,2025-07-27,11224.14,Pending
952979,902979,2025-05-15,4780.32,Pending
952980,902980,2025-07-18,5164.96,Pending
952981,902981,2025-05-16,6133.49,processed
952982,902982,2024-05-06,0.0,Processed
952983,902983,2025-01-07,3523.13,Pending
952984,902984,2024-10-15,2762526.74,Pending
952985,902985,2025-10-04,2246.11,pending
952986,902986,2024-08-08,655.48,Processed
952987,902987,2025-05-27,1497.86,
952988,902988,2025-02-13,2786.02,Processed
952989,902989,2024-08-31,16953.09,pending
952990,902990,2024-02-09,2928.49,Failed
952991,902991,2025-10-10,11259.21,processed
952992,902992,2024-10-14,6818.64,Pending
952993,902993,2024-08-18,3170.57,Pending
952994,902994,2025-09-29,2706.01,processed
952995,902995,2025-02-09,3318.33,Pending
952996,902996,2025-05-18,424.22,
952997,902997,2025-04-28,2084.07,
952998,902998,2024-04-16,5357.3,Pending
952999,902999,2024-07-14,0.0,processed
953000,903000,2024-04-30,9342.42,Pending
953001,903001,2024-09-27,916.72,processed
953002,903002,2025-10-26,309.7,Pending
953003,903003,2025-05-19,1947.8,pending
953004,903004,2024-10-25,1520.47,
953005,903005,2025-05-06,1600.11,Pending
953006,903006,2025-02-17,5512.94,Failed
953007,903007,2025-01-25,5739.84,
953008,903008,2025-06-10,12839.45,
953009,903009,2024-09-01,0.0,
953010,903010,2026-01-10,7254.92,pending
953011,903011,2025-05-29,930.24,Processed
953012,903012,2025-07-17,4133.65,
953013,903013,2024-08-15,8702.8,pending
953014,903014,2025-07-15,872.53,Pending
953015,903015,2024-05-26,25689.07,Pending
953016,903016,2024-01-23,1723.77,Failed
953017,903017,2025-10-30,13994.21,Pending
953018,903018,2025-06-02,1680.91,Processed
953019,903019,2024-11-01,7302.88,
953020,903020,2025-11-14,827.44,
953021,903021,2025-06-05,6800.85,Failed
953022,903022,2025-09-08,6587.24,Pending
953023,903023,2025-12-25,510.93,Processed
953024,903024,2025-10-29,857.96,processed
953025,903025,2025-12-11,6168.92,Pending
953026,903026,2025-03-18,2609.56,
953027,903027,2025-10-03,11380.11,processed
953028,903028,2024-09-26,6007.01,pending
953029,903029,2025-01-30,279.66,pending
953030,903030,2025-05-01,7642.29,pending
953031,903031,2026-01-03,809.16,pending
953032,903032,2024-06-19,10020.02,pending
953033,903033,2025-03-21,3261.83,Processed
953034,903034,2024-05-15,3256.74,Failed
953035,903035,2025-11-09,6442.74,processed
953036,903036,2024-11-22,4124.24,Failed
953037,903037,2025-04-03,18586.43,
953038,903038,2025-05-21,5387.64,Pending
953039,903039,2024-11-12,3069.63,pending
953040,903040,2024-08-18,4644.42,Failed
953041,903041,2025-01-25,3003.37,Processed
953042,903042,2024-12-16,1229.18,
953043,903043,2024-03-25,2701.73,Processed
953044,903044,2024-04-17,3377.3,processed
953045,903045,2024-07-05,1965.02,Pending
953046,903046,2025-08-02,2306.35,Pending
953047,903047,2025-02-16,1271.11,Pending
953048,903048,2025-12-12,10381.68,Pending
953049,903049,2024-04-20,1962.79,Processed
953050,903050,2026-01-09,4714.96,Processed
953051,903051,2025-01-06,8818.68,Processed
953052,903052,2025-11-16,1304.78,Pending
953053,903053,2024-02-12,3875.78,Processed
953054,903054,2025-09-18,3746.05,
953055,903055,2024-12-05,927.21,pending
953056,903056,2025-08-23,8537.07,Failed
953057,903057,2025-08-03,0.0,pending
953058,903058,2024-05-08,475.37,
953059,903059,2024-07-07,1969.98,Failed
953060,903060,2024-03-24,2315.21,processed
953061,903061,2025-05-21,3801.85,Processed
953062,903062,2025-06-01,2928.41,
953063,903063,2025-05-19,4738.76,processed
953064,903064,2025-03-07,8575.22,Pending
953065,903065,2025-06-23,861.51,Processed
953066,903066,2024-02-12,3999.45,Failed
953067,903067,2025-01-16,2792.47,
953068,903068,2025-03-11,4722.15,
953069,903069,2024-09-17,9139.65,
953070,903070,2025-12-07,321.07,
953071,903071,2024-05-01,7028.19,pending
953072,903072,2024-06-28,7225.48,processed
953073,903073,2025-12-04,1075.9,
953074,903074,2024-05-02,349.8,Processed
953075,903075,2025-01-30,8432.15,
953076,903076,2025-05-14,2185.09,Failed
953077,903077,2025-12-30,4735.6,
953078,903078,2025-07-22,839.01,Pending
953079,903079,2025-05-21,7879.46,
953080,903080,2024-11-06,999999.0,Processed
953081,903081,2024-12-26,1261.81,
953082,903082,2024-10-24,1124.07,
953083,903083,2024-11-04,1944.79,Processed
953084,903084,2025-11-18,3377.77,Failed
953085,903085,2025-12-17,2875.12,Processed
953086,903086,2025-12-10,882.97,pending
953087,903087,2024-09-06,1787.9,
953088,903088,2025-05-13,2279.09,
953089,903089,2024-03-27,1807.44,Failed
953090,903090,2025-09-29,972.39,Pending
953091,903091,2024-08-28,3322.11,Processed
953092,903092,2024-03-09,5275.67,Processed
953093,903093,2025-02-04,3121.32,processed
953094,903094,2024-07-22,12585.92,processed
953095,903095,2025-02-25,28363.03,Processed
953096,903096,2025-01-12,16214.01,Failed
953097,903097,2025-11-10,491.39,Failed
953098,903098,2024-12-01,7095.01,Processed
953099,903099,2024-09-15,3836.26,
953100,903100,2025-01-21,4045.26,
953101,903101,2024-08-18,24407.26,Failed
953102,903102,2025-08-19,6268.62,Pending
953103,903103,2025-03-08,1283.1,Processed
953104,903104,2024-10-08,2538.0,Pending
953105,903105,2025-11-01,282.9,Failed
953106,903106,2025-04-05,5769.38,Failed
953107,903107,2024-12-21,8766.52,pending
953108,903108,2024-01-13,7836.81,
953109,903109,2024-02-07,86.36,pending
953110,903110,2024-10-26,3121.98,Pending
953111,903111,2024-01-29,1229.76,processed
953112,903112,2025-12-12,30443.69,
953113,903113,2024-10-07,7078.12,Pending
953114,903114,2024-02-06,3730.72,Processed
953115,903115,2025-12-03,1378.24,Processed
953116,903116,2025-04-06,3262.81,Pending
953117,903117,2024-01-12,759.52,processed
953118,903118,2025-08-29,6331.01,processed
953119,903119,2024-02-25,19074.99,
953120,903120,2024-03-04,596.8,
953121,903121,2024-02-06,10168.6,processed
953122,903122,2025-05-11,1950.07,pending
953123,903123,2026-01-17,7796.48,processed
953124,903124,2024-09-12,16793.1,pending
953125,903125,2025-03-27,1298.39,Failed
953126,903126,2024-08-03,2576.4,
953127,903127,2025-01-05,3798.58,
953128,903128,2024-01-31,749.2,Processed
953129,903129,2026-01-05,931.17,Failed
953130,903130,2025-11-20,12474.82,Failed
953131,903131,2025-04-30,1209.08,processed
953132,903132,2024-10-22,4557.53,processed
953133,903133,2024-05-05,3235.91,Pending
953134,903134,2025-03-17,973.85,processed
953135,903135,2024-02-05,4417.0,pending
953136,903136,2024-07-05,15699.06,
953137,903137,2025-05-28,5609.48,processed
953138,903138,2024-07-16,1620.29,
953139,903139,2025-01-29,12313.33,pending
953140,903140,2024-02-15,-500.0,pending
953141,903141,2024-02-08,6377.65,Failed
953142,903142,2024-06-13,10618.02,Failed
953143,903143,2024-04-10,22766.74,
953144,903144,2025-02-26,1431.93,
953145,903145,2024-10-20,0.0,Pending
953146,903146,2024-11-26,1258.99,Processed
953147,903147,2025-11-24,1187.45,pending
953148,903148,2025-05-16,664.5,pending
953149,903149,2025-02-03,3688.3,Processed
953150,903150,2025-02-25,352.11,pending
953151,903151,2025-11-02,4308.44,processed
953152,903152,2025-02-21,8179.37,Pending
953153,903153,2024-07-05,768.66,pending
953154,903154,2024-10-27,9953.93,pending
953155,903155,2024-03-07,2989145.28,processed
953156,903156,2024-05-25,5819.81,processed
953157,903157,2024-04-11,4488.58,Failed
953158,903158,2025-06-07,3193.61,Processed
953159,903159,2024-01-22,1484.13,
953160,903160,2025-12-24,5360.94,processed
953161,903161,2025-06-03,1190.6,Failed
953162,903162,2024-01-16,1594.57,Failed
953163,903163,2024-12-01,15144.25,Pending
953164,903164,2025-05-08,1170.49,Processed
953165,903165,2025-03-05,1523.77,Pending
953166,903166,2026-01-11,820.72,Failed
953167,903167,2025-01-19,-500.0,Pending
953168,903168,2025-08-14,5054.39,pending
953169,903169,2024-02-13,0.0,
953170,903170,2024-12-04,633.62,Failed
953171,903171,2024-04-28,9123.18,processed
953172,903172,2024-11-07,13428.18,pending
953173,903173,2025-01-30,6801.94,Failed
953174,903174,2024-01-22,3544.76,Pending
953175,903175,2025-06-03,2394529.26,
953176,903176,2025-07-15,1478.84,pending
953177,903177,2024-04-30,21490.5,pending
953178,903178,2025-01-17,369.27,processed
953179,903179,2024-08-17,3401.67,Pending
953180,903180,2024-04-20,1432.58,Processed
953181,903181,2024-06-20,2868.16,
953182,903182,2025-05-09,7125.16,pending
953183,903183,2025-07-25,286.37,pending
953184,903184,2025-06-20,0.0,Failed
953185,903185,2024-12-28,3624.9,processed
953186,903186,2024-12-06,3579.12,processed
953187,903187,2025-02-21,2974.41,
953188,903188,2024-05-27,595.56,Processed
953189,903189,2024-04-29,742.04,
953190,903190,2025-07-02,3930.07,
953191,903191,2025-08-18,2662.81,Failed
953192,903192,2025-09-15,2252.02,pending
953193,903193,2025-05-05,11171.96,Failed
953194,903194,2024-07-06,305.74,
953195,903195,2024-11-02,4264.37,processed
953196,903196,2024-02-27,1344.87,Failed
953197,903197,2025-05-03,331.58,Processed
953198,903198,2024-05-27,3945.25,Pending
953199,903199,2024-11-30,5268.53,processed
953200,903200,2025-08-31,8548.11,pending
953201,903201,2024-08-04,1482.85,Pending
953202,903202,2024-06-26,2866.23,
953203,903203,2025-03-23,579.1,processed
953204,903204,2024-07-05,4364.39,Pending
953205,903205,2025-11-29,1227.95,Processed
953206,903206,2024-10-07,4428.33,Pending
953207,903207,2025-12-16,22711.24,pending
953208,903208,2024-12-11,1120.01,Pending
953209,903209,2024-05-07,9406.44,processed
953210,903210,2025-07-11,11655.01,
953211,903211,2025-10-06,2250.43,Processed
953212,903212,2025-12-07,1777.02,Processed
953213,903213,2024-10-29,1851.54,Pending
953214,903214,2025-12-22,3924.61,processed
953215,903215,2024-02-11,862.68,pending
953216,903216,2025-11-10,1067.7,
953217,903217,2024-08-17,6763.37,pending
953218,903218,2024-05-25,6101.9,pending
953219,903219,2024-09-13,3957.51,Processed
953220,903220,2024-10-25,17604.04,Failed
953221,903221,2025-04-29,5372.29,Pending
953222,903222,2024-01-26,4928.57,Processed
953223,903223,2024-08-20,4828.6,pending
953224,903224,2025-04-09,1093.61,Pending
953225,903225,2025-09-21,3545.64,
953226,903226,2024-08-01,1834.54,
953227,903227,2024-01-31,1798.1,Failed
953228,903228,2025-05-14,19186.32,pending
953229,903229,2024-03-14,4765.89,Failed
953230,903230,2024-03-24,3680.17,Failed
953231,903231,2024-06-22,4989.09,Pending
953232,903232,2025-09-06,1216.52,Processed
953233,903233,2025-06-20,1952.72,Processed
953234,903234,2024-04-21,24516.54,Pending
953235,903235,2024-02-08,17850.61,Processed
953236,903236,2026-01-07,12929.3,Processed
953237,903237,2025-04-17,2521.88,Pending
953238,903238,2024-02-21,965.44,
953239,903239,2025-04-22,1260.81,Processed
953240,903240,2025-04-07,3052.63,processed
953241,903241,2024-07-01,546.83,
953242,903242,2026-01-10,5477.2,
953243,903243,2024-05-01,4007.28,processed
953244,903244,2024-06-10,6842.9,pending
953245,903245,2025-10-09,4674.48,Processed
953246,903246,2025-07-20,1271.48,pending
953247,903247,2025-11-22,292.0,Failed
953248,903248,2024-12-01,2420.24,processed
953249,903249,2025-08-11,1191.56,pending
953250,903250,2024-03-09,9564.95,
953251,903251,2025-09-11,9041.69,Failed
953252,903252,2024-11-08,820.35,Failed
953253,903253,2024-10-10,7794.78,Processed
953254,903254,2025-05-06,3241.3,pending
953255,903255,2025-05-27,25500.46,
953256,903256,2025-11-12,1026.96,Pending
953257,903257,2024-08-12,2682.21,pending
953258,903258,2025-07-15,1067.68,processed
953259,903259,2025-10-13,12271.11,Pending
953260,903260,2025-04-06,2066.08,processed
953261,903261,2024-11-19,2085.64,Pending
953262,903262,2025-08-30,3001.96,
953263,903263,2024-10-04,4637.5,
953264,903264,2024-08-09,7592.2,processed
953265,903265,2025-06-30,3476.97,processed
953266,903266,2024-11-19,8471.24,Pending
953267,903267,2025-08-24,999999.0,processed
953268,903268,2025-07-16,1467.15,Pending
953269,903269,2024-05-17,2955.82,Failed
953270,903270,2024-10-14,11108.71,Pending
953271,903271,2024-09-27,3323.64,
953272,903272,2024-07-16,12313.56,Processed
953273,903273,2025-02-13,4005.46,pending
953274,903274,2025-09-30,2837.1,Failed
953275,903275,2024-02-07,332.57,pending
953276,903276,2025-09-30,3679.74,processed
953277,903277,2025-11-23,18462.3,pending
953278,903278,2025-05-06,960.31,Pending
953279,903279,2024-12-31,1498.09,
953280,903280,2025-04-27,4087.28,pending
953281,903281,2025-06-24,1408.78,processed
953282,903282,2024-02-17,1794.21,Processed
953283,903283,2025-06-09,7633.51,processed
953284,903284,2025-08-17,6647.66,
953285,903285,2024-04-17,2073.11,pending
953286,903286,2025-08-04,3648.74,pending
953287,903287,2026-01-09,1521.72,
953288,903288,2024-02-27,8020.34,Pending
953289,903289,2024-11-04,1334.65,Failed
953290,903290,2025-03-02,5146.41,
953291,903291,2024-11-30,2863.71,Failed
953292,903292,2024-10-29,1802.29,Processed
953293,903293,2025-10-08,3145.12,Pending
953294,903294,2025-06-01,3879.62,
953295,903295,2024-10-10,20557.87,processed
953296,903296,2024-02-09,15496.19,Failed
953297,903297,2025-04-05,9782.72,processed
953298,903298,2024-04-16,1951.68,pending
953299,903299,2024-08-01,1804.28,
953300,903300,2025-12-30,37892.42,Failed
953301,903301,2025-01-31,7674.79,
953302,903302,2024-03-15,17323.19,Pending
953303,903303,2025-03-19,47302.86,processed
953304,903304,2024-08-27,2436.24,processed
953305,903305,2025-12-25,5121.04,
953306,903306,2025-11-11,5621.24,Pending
953307,903307,2024-07-20,36321.66,Failed
953308,903308,2024-05-05,9789.65,Failed
953309,903309,2025-06-17,1466.69,pending
953310,903310,2025-05-12,3932.92,processed
953311,903311,2025-09-22,6656.38,pending
953312,903312,2024-11-17,7015.64,Failed
953313,903313,2025-05-10,4941.84,Pending
953314,903314,2025-10-20,1709.6,Failed
953315,903315,2025-10-26,0.0,processed
953316,903316,2025-05-25,1027.54,Failed
953317,903317,2025-10-25,1630.82,Processed
953318,903318,2024-12-22,750.62,Failed
953319,903319,2024-09-26,652.01,processed
953320,903320,2024-03-30,9597.7,Pending
953321,903321,2025-02-21,478.7,Pending
953322,903322,2025-08-25,12724.5,Pending
953323,903323,2024-02-29,1657.17,
953324,903324,2024-01-30,731.25,Failed
953325,903325,2024-09-01,5098.54,processed
953326,903326,2024-07-28,44888.71,pending
953327,903327,2025-10-07,4026.14,
953328,903328,2025-08-03,3313.38,processed
953329,903329,2024-06-12,1196.38,Processed
953330,903330,2025-07-25,696.18,pending
953331,903331,2024-02-28,5298.41,
953332,903332,2024-05-06,3581.66,Pending
953333,903333,2025-01-02,1169.4,
953334,903334,2024-12-19,1496.45,Processed
953335,903335,2025-08-08,1768.99,Failed
953336,903336,2025-03-16,1684.84,processed
953337,903337,2024-05-30,8931.74,
953338,903338,2024-08-11,8797.04,Pending
953339,903339,2024-04-12,9707.11,Failed
953340,903340,2025-10-07,8902.2,Pending
953341,903341,2025-02-17,2735.77,Failed
953342,903342,2024-10-08,26995.08,Processed
953343,903343,2025-05-15,4301.88,Pending
953344,903344,2025-08-30,17645.45,pending
953345,903345,2025-09-16,1298.09,Failed
953346,903346,2024-11-08,13271.45,Processed
953347,903347,2024-07-15,3659.6,Pending
953348,903348,2024-03-29,4089.05,pending
953349,903349,2025-04-10,7264.35,
953350,903350,2024-04-02,2185.55,pending
953351,903351,2025-11-14,45662.21,Pending
953352,903352,2024-09-29,3569.24,
953353,903353,2025-05-05,11460.1,pending
953354,903354,2024-12-29,1183.55,
953355,903355,2024-11-06,1084.04,Failed
953356,903356,2024-08-28,7816.98,processed
953357,903357,2024-11-26,814.08,Pending
953358,903358,2025-01-19,26659.03,Failed
953359,903359,2025-11-21,2816.32,pending
953360,903360,2024-10-26,2243.63,pending
953361,903361,2025-08-30,3496.42,Pending
953362,903362,2025-10-28,1016.58,processed
953363,903363,2024-10-29,8997.28,pending
953364,903364,2025-01-19,1643.54,
953365,903365,2025-02-06,5999.84,Failed
953366,903366,2024-11-05,2105.66,Failed
953367,903367,2025-01-16,5897.47,Processed
953368,903368,2025-06-25,604.69,Pending
953369,903369,2025-02-05,3438.71,processed
953370,903370,2024-07-05,4060.52,Failed
953371,903371,2024-09-18,1142.26,Failed
953372,903372,2024-07-28,1009.29,Pending
953373,903373,2025-10-18,15780.23,Pending
953374,903374,2024-12-14,7323.98,
953375,903375,2024-03-14,1132.41,
953376,903376,2024-08-29,8194.78,Pending
953377,903377,2025-08-18,7391.3,
953378,903378,2025-02-18,9621.92,pending
953379,903379,2025-06-18,3761.6,pending
953380,903380,2024-10-28,2456.2,Pending
953381,903381,2025-09-04,2315.55,Pending
953382,903382,2024-03-29,702.2,
953383,903383,2024-05-21,5964.22,pending
953384,903384,2024-06-28,19424.04,Failed
953385,903385,2024-10-20,20208.35,pending
953386,903386,2024-03-22,2406.22,
953387,903387,2024-08-19,2014.53,Pending
953388,903388,2024-05-12,1060.12,processed
953389,903389,2024-07-05,11740.2,pending
953390,903390,2025-10-01,1547.39,Processed
953391,903391,2025-06-21,2758.42,processed
953392,903392,2025-02-14,601.63,Processed
953393,903393,2025-04-22,7790.52,Processed
953394,903394,2024-10-20,7640.31,processed
953395,903395,2024-06-23,5112.71,Processed
953396,903396,2025-12-20,11701.17,Pending
953397,903397,2024-06-25,21628.23,Failed
953398,903398,2024-07-08,12318.99,pending
953399,903399,2024-07-16,1121.05,processed
953400,903400,2025-12-01,24604.26,pending
953401,903401,2025-08-12,33653.75,Pending
953402,903402,2024-09-09,1357.76,pending
953403,903403,2024-03-27,1870.34,Pending
953404,903404,2024-08-03,1009.26,
953405,903405,2025-09-14,9812.88,processed
953406,903406,2024-12-09,1573.2,
953407,903407,2024-08-29,592.76,
953408,903408,2025-10-31,3787.34,processed
953409,903409,2024-04-04,785.01,processed
953410,903410,2024-05-04,4558.68,processed
953411,903411,2024-07-11,987.27,Processed
953412,903412,2025-05-19,331.72,Pending
953413,903413,2024-02-14,1573.26,Processed
953414,903414,2024-05-18,2521.3,
953415,903415,2025-10-01,1887.85,Pending
953416,903416,2025-09-17,1000.5,processed
953417,903417,2025-10-17,1429.91,pending
953418,903418,2026-01-14,2442.71,Failed
953419,903419,2024-06-24,3563.3,processed
953420,903420,2024-04-15,15301.13,Processed
953421,903421,2025-11-02,8861.45,Failed
953422,903422,2024-06-30,11589.69,
953423,903423,2025-01-15,2200.97,pending
953424,903424,2025-01-28,6113.17,
953425,903425,2025-12-11,13967.0,
953426,903426,2024-04-13,11569.96,pending
953427,903427,2025-08-26,9885.36,processed
953428,903428,2025-04-20,8454.3,Pending
953429,903429,2025-09-06,1809.98,pending
953430,903430,2025-01-12,13564.64,processed
953431,903431,2024-08-06,6060.64,pending
953432,903432,2024-04-24,6614.41,Failed
953433,903433,2024-01-27,0.0,Failed
953434,903434,2025-09-12,2377.17,
953435,903435,2024-04-26,0.0,Failed
953436,903436,2024-11-16,6091.41,
953437,903437,2025-03-25,5111.38,Processed
953438,903438,2025-06-07,1581.57,Processed
953439,903439,2024-07-05,5249.45,Processed
953440,903440,2025-02-04,6051.77,
953441,903441,2025-12-11,893.98,Failed
953442,903442,2025-10-12,14474.46,processed
953443,903443,2024-12-14,2803.51,pending
953444,903444,2026-01-05,1636.15,pending
953445,903445,2024-12-18,4559.5,Processed
953446,903446,2024-10-01,4385.82,processed
953447,903447,2025-08-19,0.0,Failed
953448,903448,2025-08-20,8493.44,
953449,903449,2024-04-02,449.68,Pending
953450,903450,2026-01-15,14262.97,Failed
953451,903451,2025-05-26,481.97,processed
953452,903452,2025-06-18,1587.35,Pending
953453,903453,2025-07-08,5399.03,Processed
953454,903454,2025-01-10,4943.19,Pending
953455,903455,2025-07-12,1644.97,processed
953456,903456,2025-10-04,9078.44,pending
953457,903457,2025-11-03,4201.56,Failed
953458,903458,2025-08-01,5599.05,Failed
953459,903459,2025-01-14,2021.64,
953460,903460,2025-10-12,10926.6,Failed
953461,903461,2025-02-08,1884.32,
953462,903462,2025-02-04,3103.13,Failed
953463,903463,2025-12-05,5224.2,
953464,903464,2024-09-12,423.43,pending
953465,903465,2024-02-08,2967.46,pending
953466,903466,2024-06-07,3730.51,Processed
953467,903467,2024-03-29,684.78,Pending
953468,903468,2025-08-15,5240.16,Pending
953469,903469,2024-06-29,410.87,
953470,903470,2025-08-28,0.0,Pending
953471,903471,2025-08-06,11020.24,pending
953472,903472,2024-05-09,0.0,Pending
953473,903473,2024-03-29,312.89,
953474,903474,2025-09-24,5307.71,processed
953475,903475,2025-05-12,3505.67,pending
953476,903476,2025-04-29,21573.98,Processed
953477,903477,2025-12-02,2186.79,Pending
953478,903478,2024-09-19,1681.89,pending
953479,903479,2024-01-04,1641.8,Failed
953480,903480,2024-09-23,2537.39,Failed
953481,903481,2024-03-29,0.0,pending
953482,903482,2025-01-13,2110.86,pending
953483,903483,2025-04-01,7152.7,Processed
953484,903484,2024-11-15,4923.66,pending
953485,903485,2025-09-30,1101.37,Processed
953486,903486,2024-04-24,3091.17,Failed
953487,903487,2024-11-21,1246.08,Failed
953488,903488,2024-02-04,6327.67,processed
953489,903489,2025-06-14,3422.98,processed
953490,903490,2025-06-23,999999.0,
953491,903491,2024-03-09,16981.17,Pending
953492,903492,2025-07-13,11384.39,processed
953493,903493,2024-11-12,3153.82,Failed
953494,903494,2025-08-14,8961.08,
953495,903495,2024-03-05,3487.45,Processed
953496,903496,2025-07-15,7200.38,Failed
953497,903497,2024-08-10,4526.66,Processed
953498,903498,2024-06-22,1422.68,processed
953499,903499,2024-10-22,1206.38,Pending
953500,903500,2025-12-08,1265.48,Pending
953501,903501,2024-08-22,3203.92,Pending
953502,903502,2024-06-04,0.0,Pending
953503,903503,2024-05-10,19392.19,Failed
953504,903504,2024-07-18,3777.01,Failed
953505,903505,2025-11-15,11787.46,processed
953506,903506,2025-02-10,3602526.89,Processed
953507,903507,2024-12-20,6325.1,Failed
953508,903508,2024-04-13,3679.01,Failed
953509,903509,2024-10-07,6695.24,Failed
953510,903510,2025-10-05,7502.48,Processed
953511,903511,2025-10-28,1267.68,Failed
953512,903512,2026-01-20,19422.53,pending
953513,903513,2024-02-20,18250.21,Pending
953514,903514,2025-11-27,498.27,Pending
953515,903515,2025-07-26,594.82,Pending
953516,903516,2024-08-07,1183.84,
953517,903517,2025-08-09,3554.29,processed
953518,903518,2025-01-01,2739.44,Failed
953519,903519,2025-08-29,15909.23,Processed
953520,903520,2024-09-22,4948.17,Failed
953521,903521,2025-08-19,5688.11,pending
953522,903522,2025-03-17,3662.07,Pending
953523,903523,2025-07-08,3277.72,
953524,903524,2024-04-14,1489.75,processed
953525,903525,2024-03-28,1372.13,Processed
953526,903526,2024-04-13,1623.46,Failed
953527,903527,2024-11-03,8491.42,Processed
953528,903528,2025-07-29,21296.89,pending
953529,903529,2025-04-20,7640.15,Failed
953530,903530,2025-02-12,951.5,Pending
953531,903531,2024-05-09,764.23,pending
953532,903532,2024-05-31,5890.69,pending
953533,903533,2025-07-12,1137.91,
953534,903534,2025-04-08,0.0,Pending
953535,903535,2025-06-13,9138.27,Pending
953536,903536,2024-03-29,1583.81,pending
953537,903537,2024-08-12,1468.74,pending
953538,903538,2024-09-01,7055.33,Pending
953539,903539,2026-01-04,6225.29,
953540,903540,2024-10-06,11354.23,Pending
953541,903541,2025-09-15,0.0,Failed
953542,903542,2024-07-16,5207.27,Pending
953543,903543,2025-01-26,1654093.73,pending
953544,903544,2024-04-29,9366.78,Processed
953545,903545,2025-07-05,4474.04,Failed
953546,903546,2025-10-12,339.14,Pending
953547,903547,2025-03-19,2753.69,Pending
953548,903548,2024-10-16,838.18,Processed
953549,903549,2024-09-13,952.63,Failed
953550,903550,2025-01-06,1875.25,
953551,903551,2025-02-17,2347.97,pending
953552,903552,2024-08-30,2806.14,Processed
953553,903553,2025-04-17,4069.12,Pending
953554,903554,2024-12-28,358.82,
953555,903555,2025-04-16,2418.8,Processed
953556,903556,2025-05-14,12546.32,processed
953557,903557,2024-11-29,5457.92,Failed
953558,903558,2024-12-09,12729.32,pending
953559,903559,2025-07-18,1261.91,Processed
953560,903560,2025-06-28,6209.75,Pending
953561,903561,2025-09-09,922.5,Processed
953562,903562,2024-03-01,2120.16,Processed
953563,903563,2025-06-15,2647.74,Failed
953564,903564,2024-08-05,943.22,pending
953565,903565,2024-05-27,4390.81,Processed
953566,903566,2026-01-03,-500.0,processed
953567,903567,2025-09-13,952.86,pending
953568,903568,2025-09-08,13982.16,Pending
953569,903569,2024-05-29,1664.07,Pending
953570,903570,2024-07-19,2820.54,Failed
953571,903571,2025-01-04,740.97,
953572,903572,2025-03-08,512.95,
953573,903573,2024-12-15,2371.17,processed
953574,903574,2025-11-18,17562.84,Failed
953575,903575,2025-11-24,2834.58,Pending
953576,903576,2024-10-16,2000.03,
953577,903577,2025-01-19,2261.65,Processed
953578,903578,2024-01-30,9012.45,pending
953579,903579,2024-06-11,2556.05,Pending
953580,903580,2025-03-04,1345.53,Pending
953581,903581,2025-06-05,6322.13,processed
953582,903582,2025-01-18,4356.31,Pending
953583,903583,2024-10-12,5895.19,processed
953584,903584,2025-10-29,4581.1,Processed
953585,903585,2026-01-17,1328.86,
953586,903586,2025-12-10,2188.33,Processed
953587,903587,2025-01-09,5439.62,
953588,903588,2024-06-16,1466.85,Failed
953589,903589,2025-02-04,8625.07,Failed
953590,903590,2025-05-08,21288.16,
953591,903591,2024-11-02,0.0,processed
953592,903592,2025-11-20,10028.02,processed
953593,903593,2025-03-15,9719.24,
953594,903594,2025-08-24,291.12,Processed
953595,903595,2024-05-06,6359.22,processed
953596,903596,2024-10-16,1276.1,processed
953597,903597,2025-11-26,5292.01,processed
953598,903598,2025-10-23,5353.55,Failed
953599,903599,2025-08-05,2143.27,pending
953600,903600,2024-10-19,634.57,
953601,903601,2024-04-11,1994.14,Pending
953602,903602,2024-10-05,2206.78,Pending
953603,903603,2024-05-19,6974.94,Processed
953604,903604,2024-12-09,9069.47,pending
953605,903605,2025-05-02,529302.82,Failed
953606,903606,2024-04-06,1732.7,processed
953607,903607,2025-01-13,7192.1,
953608,903608,2025-10-13,5375.63,Failed
953609,903609,2025-06-16,9086.94,pending
953610,903610,2025-02-23,0.0,Failed
953611,903611,2025-04-12,20631.19,Processed
953612,903612,2024-07-14,5154.03,
953613,903613,2025-10-23,728.97,processed
953614,903614,2025-10-06,1588.33,Failed
953615,903615,2025-12-07,2024.42,Failed
953616,903616,2025-10-12,23439.09,Processed
953617,903617,2024-06-28,2357.05,Processed
953618,903618,2024-02-28,4689.77,Pending
953619,903619,2024-12-14,9418.02,Pending
953620,903620,2025-07-30,3818.45,Failed
953621,903621,2025-06-10,496.19,Pending
953622,903622,2025-01-03,0.0,Failed
953623,903623,2024-12-02,5461.77,Processed
953624,903624,2025-01-14,1180.21,Pending
953625,903625,2025-06-09,8375.8,Failed
953626,903626,2024-06-02,5300.53,Failed
953627,903627,2024-06-23,25895.84,
953628,903628,2024-03-18,4378.8,pending
953629,903629,2024-07-12,5226.83,Pending
953630,903630,2025-07-25,1285.13,pending
953631,903631,2024-08-28,5870.54,processed
953632,903632,2024-12-20,7664.62,
953633,903633,2025-10-11,6926.67,
953634,903634,2024-02-27,6792.91,Pending
953635,903635,2025-06-24,4782.24,Processed
953636,903636,2025-01-21,0.0,
953637,903637,2024-03-09,1086.53,processed
953638,903638,2025-09-30,1731.9,processed
953639,903639,2024-07-02,433.66,processed
953640,903640,2025-09-21,1713.88,Failed
953641,903641,2026-01-09,2679.28,pending
953642,903642,2026-01-09,4550.34,
953643,903643,2025-01-01,4212.81,pending
953644,903644,2024-04-30,1609.79,Processed
953645,903645,2024-04-22,851.03,
953646,903646,2024-03-22,4341.86,Pending
953647,903647,2024-08-18,19152.0,Pending
953648,903648,2024-01-31,2064.6,Pending
953649,903649,2025-08-16,6767.25,Pending
953650,903650,2025-05-06,2112.58,processed
953651,903651,2025-10-15,11931.78,Pending
953652,903652,2025-10-05,999999.0,Failed
953653,903653,2025-08-09,1234.3,pending
953654,903654,2024-07-04,3163.29,processed
953655,903655,2025-02-21,0.0,
953656,903656,2024-10-20,682.77,processed
953657,903657,2025-06-27,3249.73,
953658,903658,2025-01-18,9002.23,
953659,903659,2024-11-06,9545.47,
953660,903660,2025-07-09,2172.01,
953661,903661,2024-11-22,1177.77,Failed
953662,903662,2025-12-06,480.1,processed
953663,903663,2025-09-21,6620.46,Processed
953664,903664,2025-12-12,7419.58,Failed
953665,903665,2025-08-29,812.22,Failed
953666,903666,2024-05-06,21730.93,
953667,903667,2024-06-05,2849.21,processed
953668,903668,2025-10-01,553.73,processed
953669,903669,2024-05-20,7723.58,processed
953670,903670,2025-05-28,848.18,pending
953671,903671,2024-04-13,7716.9,Pending
953672,903672,2025-06-14,1605.52,pending
953673,903673,2025-01-15,2147.65,Processed
953674,903674,2024-01-21,1487.91,Processed
953675,903675,2024-07-02,11760.6,pending
953676,903676,2025-12-29,618.66,Processed
953677,903677,2025-08-22,9782.46,Processed
953678,903678,2025-07-16,1582.04,processed
953679,903679,2024-12-24,5695.5,pending
953680,903680,2024-06-30,1380.09,
953681,903681,2025-09-13,247.58,Processed
953682,903682,2024-06-06,0.0,Pending
953683,903683,2025-02-05,1959.47,Processed
953684,903684,2024-12-04,1528.55,pending
953685,903685,2024-10-05,0.0,
953686,903686,2024-07-29,26791.6,processed
953687,903687,2024-04-20,3064.62,Failed
953688,903688,2024-08-24,40223.7,
953689,903689,2024-09-01,7754.8,Failed
953690,903690,2024-12-31,0.0,processed
953691,903691,2025-02-10,1264.43,Failed
953692,903692,2025-09-01,500000.0,pending
953693,903693,2024-10-29,5934.3,pending
953694,903694,2024-11-07,2182.64,Failed
953695,903695,2025-04-21,6365.39,pending
953696,903696,2026-01-01,1873.96,Pending
953697,903697,2025-03-14,4340.19,Failed
953698,903698,2024-07-07,321.91,processed
953699,903699,2025-03-31,2611.37,
953700,903700,2024-11-17,569.7,Pending
953701,903701,2024-09-16,3243.11,Pending
953702,903702,2025-02-25,2448.95,Failed
953703,903703,2025-10-31,4434.42,
953704,903704,2025-04-25,13753.81,pending
953705,903705,2024-10-05,5009.49,Processed
953706,903706,2025-04-19,224.88,Failed
953707,903707,2025-02-03,3721.12,Processed
953708,903708,2024-11-04,1414.09,Pending
953709,903709,2024-07-07,1137.53,Processed
953710,903710,2025-11-20,7461.93,pending
953711,903711,2024-12-26,1248.51,Processed
953712,903712,2024-07-25,0.0,Failed
953713,903713,2025-03-25,945.51,processed
953714,903714,2024-10-25,3987.7,processed
953715,903715,2024-12-17,1962.2,Pending
953716,903716,2025-11-23,11044.59,pending
953717,903717,2024-03-09,11541.62,Failed
953718,903718,2025-04-30,13128.21,
953719,903719,2024-10-30,2252.87,processed
953720,903720,2024-11-21,814.84,pending
953721,903721,2025-04-06,3498.3,Processed
953722,903722,2025-03-12,3772.37,Processed
953723,903723,2025-10-08,3193.33,
953724,903724,2025-04-18,586.76,processed
953725,903725,2025-11-08,3448.7,processed
953726,903726,2024-10-17,14543.91,Failed
953727,903727,2024-09-08,2193.72,Failed
953728,903728,2024-10-28,3582.13,Failed
953729,903729,2025-10-15,3107.81,Processed
953730,903730,2025-09-13,1329.22,Pending
953731,903731,2024-12-09,6566.87,Failed
953732,903732,2024-06-08,1528.11,Failed
953733,903733,2024-05-02,3710.21,processed
953734,903734,2024-02-26,839.23,
953735,903735,2025-10-24,2827.15,Pending
953736,903736,2025-09-28,1313.84,pending
953737,903737,2025-11-10,3413.59,Processed
953738,903738,2025-01-17,2543.89,processed
953739,903739,2024-09-02,1773.23,
953740,903740,2024-04-22,2879.09,
953741,903741,2024-10-03,1195.92,
953742,903742,2025-05-29,3094.81,Processed
953743,903743,2024-04-28,682.89,
953744,903744,2025-07-20,1251.38,
953745,903745,2024-07-01,3739.39,Failed
953746,903746,2024-05-18,1571.17,pending
953747,903747,2025-08-11,1639.99,processed
953748,903748,2025-12-10,465.55,Failed
953749,903749,2025-02-26,949.01,pending
953750,903750,2024-11-06,2287.8,
953751,903751,2024-11-03,2144.63,Failed
953752,903752,2025-10-10,9786.48,
953753,903753,2024-12-13,17452.86,Processed
953754,903754,2025-12-19,3368.27,Processed
953755,903755,2024-05-14,7955.01,Processed
953756,903756,2025-02-23,2709.42,Processed
953757,903757,2025-02-27,1994.85,Failed
953758,903758,2024-08-19,5121.31,Pending
953759,903759,2024-02-28,710.91,Pending
953760,903760,2025-06-06,2298.78,processed
953761,903761,2024-05-20,3035.28,Failed
953762,903762,2024-07-01,3928.28,
953763,903763,2025-06-10,4299.23,Pending
953764,903764,2024-08-06,667.82,
953765,903765,2025-10-08,6958.81,Processed
953766,903766,2025-12-18,12307.22,processed
953767,903767,2025-07-06,20358.03,processed
953768,903768,2025-11-28,570.71,Pending
953769,903769,2024-03-25,2083.31,Pending
953770,903770,2025-06-01,6025.73,Failed
953771,903771,2025-09-01,871.61,pending
953772,903772,2024-03-12,1109.77,pending
953773,903773,2025-01-26,1528.84,pending
953774,903774,2026-01-02,10329.34,processed
953775,903775,2025-09-10,5679.44,Processed
953776,903776,2024-05-08,6863.49,
953777,903777,2025-07-21,2404.59,Pending
953778,903778,2024-02-16,16211.68,
953779,903779,2025-02-22,6586.92,pending
953780,903780,2025-01-07,11418.48,Processed
953781,903781,2025-04-09,2813.66,Processed
953782,903782,2025-08-28,4442.24,pending
953783,903783,2025-10-24,968.42,
953784,903784,2024-09-06,21774.37,Pending
953785,903785,2025-11-27,945.5,pending
953786,903786,2024-08-04,1553.32,pending
953787,903787,2025-06-18,3104.43,Processed
953788,903788,2024-06-13,1306.52,processed
953789,903789,2025-04-27,2918.41,Processed
953790,903790,2025-04-20,4917.12,pending
953791,903791,2025-01-16,4124.11,pending
953792,903792,2025-02-20,5031.31,processed
953793,903793,2024-08-18,7407.09,processed
953794,903794,2024-05-13,-100.0,Pending
953795,903795,2025-08-08,6803.87,Processed
953796,903796,2025-02-16,4172.86,Failed
953797,903797,2024-01-13,22298.54,pending
953798,903798,2025-05-26,13560.06,processed
953799,903799,2025-09-22,901.36,Pending
953800,903800,2024-02-29,1048.64,Processed
953801,903801,2025-04-11,8821.85,
953802,903802,2025-01-14,3957.67,Pending
953803,903803,2024-06-04,14673.87,
953804,903804,2025-12-28,685.36,Pending
953805,903805,2025-02-15,8607.3,processed
953806,903806,2024-04-13,3918.68,Pending
953807,903807,2024-07-30,3694.99,Failed
953808,903808,2024-04-30,516.32,Processed
953809,903809,2025-09-12,8344.72,Failed
953810,903810,2025-11-20,3224.81,processed
953811,903811,2024-06-30,1306.07,processed
953812,903812,2024-01-25,2051.65,Pending
953813,903813,2024-08-31,22380.63,Processed
953814,903814,2025-02-10,231.92,Processed
953815,903815,2025-12-25,1212.49,Processed
953816,903816,2025-10-12,5128.32,
953817,903817,2024-10-12,12409.45,
953818,903818,2025-06-20,3232.05,Failed
953819,903819,2025-07-30,3516.15,processed
953820,903820,2024-09-05,3862.43,
953821,903821,2024-02-01,3319.39,Processed
953822,903822,2024-07-25,3926.01,pending
953823,903823,2025-01-16,1551.52,
953824,903824,2026-01-02,9560.71,Failed
953825,903825,2025-10-01,0.0,Failed
953826,903826,2025-11-06,8698.54,processed
953827,903827,2024-06-25,4279.33,
953828,903828,2024-07-13,6867.38,pending
953829,903829,2024-03-22,2082.66,
953830,903830,2025-08-13,2552.41,
953831,903831,2024-01-05,0.0,processed
953832,903832,2026-01-18,2306.27,pending
953833,903833,2025-10-20,492.97,
953834,903834,2025-02-02,2983.57,pending
953835,903835,2025-12-14,2871.32,Processed
953836,903836,2024-03-20,3040.28,Processed
953837,903837,2025-10-11,4389.69,
953838,903838,2025-08-13,3139.09,Failed
953839,903839,2024-09-23,999999.0,Pending
953840,903840,2026-01-18,3497.31,
953841,903841,2026-01-02,500000.0,pending
953842,903842,2024-11-10,4745.62,pending
953843,903843,2025-01-11,390.32,Failed
953844,903844,2025-03-04,3494.99,Pending
953845,903845,2025-07-30,1503.99,Pending
953846,903846,2024-07-22,4280.81,Processed
953847,903847,2024-04-25,773.61,
953848,903848,2024-08-07,3718.73,processed
953849,903849,2025-07-12,1832.71,Failed
953850,903850,2025-07-19,7958.49,Pending
953851,903851,2024-09-21,8318.69,Failed
953852,903852,2024-10-27,2198.54,pending
953853,903853,2025-01-08,3703.26,pending
953854,903854,2025-06-27,2676.08,Pending
953855,903855,2025-06-13,2525.07,Failed
953856,903856,2024-12-13,1422.82,
953857,903857,2024-05-07,6867.71,pending
953858,903858,2025-05-11,7420.63,processed
953859,903859,2024-05-06,1643.87,Failed
953860,903860,2024-12-10,5937.29,Failed
953861,903861,2025-05-19,0.0,
953862,903862,2024-08-06,0.0,processed
953863,903863,2025-11-04,26072.8,pending
953864,903864,2024-12-29,5131.36,Failed
953865,903865,2025-04-24,8126.19,
953866,903866,2024-08-22,1911.81,Pending
953867,903867,2024-08-30,1596.4,Processed
953868,903868,2024-03-08,374.24,pending
953869,903869,2024-09-01,18874.49,
953870,903870,2025-03-12,6279.24,
953871,903871,2025-08-04,1588.42,pending
953872,903872,2024-12-30,-100.0,pending
953873,903873,2024-03-31,4314.77,
953874,903874,2025-05-19,5106.31,Failed
953875,903875,2024-05-21,4183.24,Failed
953876,903876,2025-10-17,2445.04,processed
953877,903877,2025-02-24,46953.69,Pending
953878,903878,2024-10-30,3886.34,processed
953879,903879,2024-04-07,3657.05,Failed
953880,903880,2025-06-23,938.92,pending
953881,903881,2024-01-19,4448.48,Pending
953882,903882,2025-10-13,4205.07,Failed
953883,903883,2024-10-23,3192.87,Processed
953884,903884,2025-04-26,875.96,processed
953885,903885,2025-04-18,6654.81,Failed
953886,903886,2025-10-29,1692.91,Processed
953887,903887,2025-09-18,6244.1,Pending
953888,903888,2025-04-11,282.75,Failed
953889,903889,2025-03-19,10798.48,Pending
953890,903890,2024-10-29,15996.37,Pending
953891,903891,2024-07-29,1734.89,Pending
953892,903892,2024-08-27,1126.56,Processed
953893,903893,2025-08-06,762.98,processed
953894,903894,2025-06-09,2815.31,processed
953895,903895,2024-10-06,0.0,pending
953896,903896,2025-05-13,6511.04,
953897,903897,2025-05-29,11167.91,Failed
953898,903898,2025-08-05,11028.64,Processed
953899,903899,2024-05-05,4782.84,pending
953900,903900,2025-07-28,3024.34,pending
953901,903901,2024-07-26,2578.68,Failed
953902,903902,2024-02-05,17211.35,pending
953903,903903,2024-12-16,9262.5,Pending
953904,903904,2025-07-17,1279.44,Processed
953905,903905,2024-02-20,1211.55,Pending
953906,903906,2025-04-30,21380.61,
953907,903907,2025-11-13,3940.44,
953908,903908,2024-03-29,998.7,Processed
953909,903909,2024-09-20,10779.75,processed
953910,903910,2024-05-20,1965.04,Failed
953911,903911,2024-08-25,9861.07,Processed
953912,903912,2024-05-31,1452.43,pending
953913,903913,2025-02-01,3193.99,Failed
953914,903914,2024-10-18,772.66,pending
953915,903915,2025-11-16,25883.69,Pending
953916,903916,2025-09-29,6598.26,processed
953917,903917,2025-08-09,2401.97,Processed
953918,903918,2024-08-05,1785.93,Pending
953919,903919,2025-01-05,1180.51,pending
953920,903920,2025-04-01,1183.88,Pending
953921,903921,2024-03-24,585.05,processed
953922,903922,2024-08-27,980.61,Pending
953923,903923,2024-05-31,1424.47,
953924,903924,2026-01-08,546.66,Failed
953925,903925,2025-06-10,772.32,Pending
953926,903926,2025-08-24,1940.89,
953927,903927,2024-10-25,12636.67,processed
953928,903928,2024-09-15,1947.58,processed
953929,903929,2024-02-27,427.14,processed
953930,903930,2024-12-25,2458.72,Processed
953931,903931,2025-05-22,738.43,Pending
953932,903932,2025-02-19,3439.96,pending
953933,903933,2024-07-27,4991.46,pending
953934,903934,2024-10-20,1210.39,
953935,903935,2024-05-23,1032.4,pending
953936,903936,2024-09-22,2160.27,Failed
953937,903937,2024-05-19,4582.51,Pending
953938,903938,2025-02-28,4911.92,Processed
953939,903939,2024-08-27,463.79,processed
953940,903940,2025-08-08,13838.93,Processed
953941,903941,2025-03-21,785.14,Processed
953942,903942,2024-09-21,8074.06,pending
953943,903943,2025-08-10,12197.92,Pending
953944,903944,2025-07-27,1629.04,
953945,903945,2024-02-10,865.53,Failed
953946,903946,2025-04-18,5998.19,pending
953947,903947,2024-06-28,1408.78,pending
953948,903948,2024-09-08,6993.05,Failed
953949,903949,2024-04-01,2361.66,Pending
953950,903950,2024-12-14,2585.74,Pending
953951,903951,2024-01-26,2936.9,Pending
953952,903952,2024-07-11,11376.94,processed
953953,903953,2024-03-26,3245.4,
953954,903954,2025-05-27,4692.34,Failed
953955,903955,2025-02-08,0.0,processed
953956,903956,2024-11-19,9779.56,processed
953957,903957,2024-10-06,16880.17,
953958,903958,2025-08-26,1246.48,pending
953959,903959,2024-07-17,4987.02,
953960,903960,2025-05-02,5280.89,pending
953961,903961,2026-01-19,1059.8,Pending
953962,903962,2025-08-09,4212.29,
953963,903963,2024-02-15,4918.03,
953964,903964,2024-08-06,0.0,pending
953965,903965,2025-10-16,1332.77,processed
953966,903966,2024-03-10,2646.14,Processed
953967,903967,2026-01-01,3296.3,processed
953968,903968,2024-08-06,1613.9,Failed
953969,903969,2025-09-07,326.31,pending
953970,903970,2024-03-31,5339.16,Processed
953971,903971,2024-11-03,1631.41,Processed
953972,903972,2025-12-09,0.0,Pending
953973,903973,2025-04-24,1051.35,Processed
953974,903974,2024-08-03,1516.35,Failed
953975,903975,2024-11-01,6432.97,Processed
953976,903976,2024-05-02,6310.86,processed
953977,903977,2024-02-21,858.85,pending
953978,903978,2024-11-30,1669.1,Pending
953979,903979,2025-10-22,1093.59,Processed
953980,903980,2024-04-11,548.89,
953981,903981,2025-08-19,8163.11,Pending
953982,903982,2024-09-19,494.17,
953983,903983,2025-10-13,1136.77,processed
953984,903984,2025-04-27,472.87,
953985,903985,2025-02-22,5736.2,Failed
953986,903986,2024-08-19,10404.73,Pending
953987,903987,2025-12-21,999999.0,pending
953988,903988,2025-11-22,5499.67,Processed
953989,903989,2024-06-23,3411.68,pending
953990,903990,2024-02-25,-100.0,Processed
953991,903991,2025-06-03,-100.0,Processed
953992,903992,2025-05-22,1043.05,
953993,903993,2024-09-23,1201.18,Failed
953994,903994,2024-06-22,6580.24,Failed
953995,903995,2025-01-04,1364.84,Processed
953996,903996,2025-05-28,6310.54,Failed
953997,903997,2025-03-24,985.21,Failed
953998,903998,2025-08-30,1050.52,
953999,903999,2025-12-07,10336.63,Pending
954000,904000,2025-12-13,1307.47,Pending
954001,904001,2025-06-20,12828.74,processed
954002,904002,2024-04-10,562.35,processed
954003,904003,2024-02-22,2928.36,Failed
954004,904004,2024-04-07,6817.74,pending
954005,904005,2025-05-19,3613.93,pending
954006,904006,2024-03-02,16366.02,
954007,904007,2025-11-28,3618.56,pending
954008,904008,2025-01-29,1042.66,Failed
954009,904009,2024-10-11,10001.68,pending
954010,904010,2025-04-10,1199.57,
954011,904011,2024-08-19,1835.03,pending
954012,904012,2024-02-28,10420.45,Failed
954013,904013,2024-06-19,2885.63,pending
954014,904014,2025-06-24,909.28,
954015,904015,2024-05-06,3731.6,processed
954016,904016,2024-01-31,3047.13,Pending
954017,904017,2024-02-27,8136.31,Processed
954018,904018,2024-11-08,8248.26,Processed
954019,904019,2024-07-15,2494.36,Failed
954020,904020,2024-03-27,11667.63,Pending
954021,904021,2024-05-01,2755.01,Pending
954022,904022,2024-10-04,9227.71,Pending
954023,904023,2025-03-02,1505.0,Pending
954024,904024,2025-06-29,4857.61,Processed
954025,904025,2024-08-20,6200.13,processed
954026,904026,2024-10-03,1005.53,
954027,904027,2025-01-07,808.93,
954028,904028,2024-10-05,4615.03,Failed
954029,904029,2025-12-23,783.43,processed
954030,904030,2025-09-06,2461.55,processed
954031,904031,2025-10-24,7617.2,
954032,904032,2024-05-15,736.25,processed
954033,904033,2024-06-23,9106.58,pending
954034,904034,2025-08-12,1417.95,
954035,904035,2025-08-24,500000.0,Processed
954036,904036,2025-08-24,1937.66,pending
954037,904037,2025-02-01,11315.1,pending
954038,904038,2024-12-31,4199.74,pending
954039,904039,2024-05-07,252.08,Processed
954040,904040,2025-08-20,6131.91,Processed
954041,904041,2025-07-10,830.09,pending
954042,904042,2024-07-15,3504.88,
954043,904043,2024-08-05,2143.58,Processed
954044,904044,2024-09-25,14787.84,processed
954045,904045,2025-09-20,1639.77,pending
954046,904046,2024-09-16,1976.1,Processed
954047,904047,2024-05-18,3171.94,processed
954048,904048,2025-11-03,2097.38,
954049,904049,2025-01-15,5575.57,
954050,904050,2025-07-10,4632.25,Processed
954051,904051,2026-01-26,2432.91,pending
954052,904052,2024-10-08,5963.88,Pending
954053,904053,2025-02-11,5691.85,Processed
954054,904054,2024-03-06,1470.57,pending
954055,904055,2024-04-22,356.66,Processed
954056,904056,2024-06-18,4760.15,processed
954057,904057,2025-10-27,23496.15,Pending
954058,904058,2025-08-20,1967.5,
954059,904059,2024-04-21,3179.49,Failed
954060,904060,2025-09-09,1734.84,pending
954061,904061,2024-03-31,925.06,processed
954062,904062,2024-02-15,13788.98,Pending
954063,904063,2025-11-08,0.0,
954064,904064,2025-07-09,1930.28,pending
954065,904065,2024-02-03,7667.68,Pending
954066,904066,2025-12-18,2060.71,Processed
954067,904067,2024-11-22,2535.45,Processed
954068,904068,2024-08-14,14599.05,Failed
954069,904069,2024-04-21,1287.1,
954070,904070,2025-03-15,1348.31,
954071,904071,2025-07-27,684.3,
954072,904072,2025-05-19,1567.75,Processed
954073,904073,2024-05-08,5097.27,
954074,904074,2024-11-11,0.0,Failed
954075,904075,2024-06-22,2333.42,pending
954076,904076,2025-01-02,911.54,
954077,904077,2024-06-09,34317.79,
954078,904078,2025-12-15,1629.34,
954079,904079,2024-04-18,2117.57,Failed
954080,904080,2025-02-16,2828.51,pending
954081,904081,2025-07-01,13720.68,Processed
954082,904082,2024-11-18,10066.64,Pending
954083,904083,2025-03-18,10654.71,Pending
954084,904084,2024-04-16,2640.55,Processed
954085,904085,2025-10-20,1723.61,processed
954086,904086,2025-10-30,386.87,
954087,904087,2024-04-05,851.79,
954088,904088,2024-12-12,1218.43,Pending
954089,904089,2024-01-26,5804.42,processed
954090,904090,2025-10-08,2247.82,pending
954091,904091,2024-08-09,1892.76,
954092,904092,2024-10-11,2078.4,Processed
954093,904093,2025-02-09,12960.96,Processed
954094,904094,2025-11-12,1077.67,Failed
954095,904095,2024-03-17,5670.51,processed
954096,904096,2025-11-29,1354.21,processed
954097,904097,2024-07-15,1565.12,Failed
954098,904098,2024-05-24,18161.13,Failed
954099,904099,2024-05-15,2140.21,pending
954100,904100,2024-06-16,918.11,Pending
954101,904101,2025-11-26,5541.41,Processed
954102,904102,2025-02-20,17356.99,Failed
954103,904103,2025-04-29,1524.53,Failed
954104,904104,2025-09-24,26463.79,
954105,904105,2025-05-23,439.98,processed
954106,904106,2025-06-15,1505.77,
954107,904107,2024-10-30,3345.94,Pending
954108,904108,2024-12-11,17147.61,
954109,904109,2024-05-07,2114.89,
954110,904110,2024-02-21,471.74,
954111,904111,2024-02-06,3608.1,processed
954112,904112,2024-06-29,4337.65,Pending
954113,904113,2024-02-09,4325.05,processed
954114,904114,2025-01-25,12950.32,processed
954115,904115,2025-09-20,772.53,processed
954116,904116,2024-10-25,2945.74,processed
954117,904117,2024-12-11,495.7,Failed
954118,904118,2026-01-16,9579.78,Processed
954119,904119,2025-09-16,2255.22,
954120,904120,2024-08-25,2066.39,processed
954121,904121,2024-09-01,1607.54,Failed
954122,904122,2024-05-16,4355.64,Processed
954123,904123,2025-03-27,587.3,Pending
954124,904124,2025-05-12,580.24,Pending
954125,904125,2024-08-08,7362.13,processed
954126,904126,2024-06-03,3250.67,Failed
954127,904127,2024-10-28,3296.03,Processed
954128,904128,2025-04-13,877.5,Pending
954129,904129,2024-07-05,775.51,Failed
954130,904130,2025-07-03,1277.48,Pending
954131,904131,2024-01-24,7696.29,Failed
954132,904132,2024-06-20,5732.07,Pending
954133,904133,2024-08-25,2022.58,Pending
954134,904134,2024-01-28,7812.08,Pending
954135,904135,2025-09-29,2787218.17,pending
954136,904136,2024-09-22,1587.36,Processed
954137,904137,2024-08-28,6768.76,pending
954138,904138,2025-05-03,796.72,Pending
954139,904139,2025-11-12,12053.09,
954140,904140,2024-07-01,1857.0,
954141,904141,2024-05-17,7479.79,Processed
954142,904142,2025-06-16,2746.5,
954143,904143,2024-05-29,1495.3,Processed
954144,904144,2024-07-01,9442.75,Pending
954145,904145,2024-06-02,1527.91,processed
954146,904146,2024-12-18,302.01,Pending
954147,904147,2024-02-19,999999.0,
954148,904148,2024-03-11,15446.87,Processed
954149,904149,2025-11-21,3644.01,Failed
954150,904150,2024-01-19,4923.99,Pending
954151,904151,2025-07-07,4075.18,Failed
954152,904152,2025-11-30,0.0,processed
954153,904153,2024-10-09,2868.03,pending
954154,904154,2024-09-05,53209.49,Failed
954155,904155,2024-05-10,3627.22,
954156,904156,2025-08-16,1171.05,
954157,904157,2024-05-25,3696.88,
954158,904158,2025-04-20,138217.31,Failed
954159,904159,2024-03-31,6879.81,Failed
954160,904160,2024-02-24,1267.76,Processed
954161,904161,2024-07-01,4272.84,pending
954162,904162,2024-04-03,2487.58,Pending
954163,904163,2024-04-01,1633.12,pending
954164,904164,2024-07-22,2182.08,pending
954165,904165,2024-05-28,5448.81,pending
954166,904166,2025-03-18,6109.94,Failed
954167,904167,2024-10-21,3276.74,Pending
954168,904168,2024-03-02,421.85,Pending
954169,904169,2025-10-27,4106.2,pending
954170,904170,2024-06-04,2073.69,Processed
954171,904171,2024-02-04,9226.58,Pending
954172,904172,2025-04-05,2172.11,Processed
954173,904173,2024-12-14,3700.73,
954174,904174,2025-08-24,1486.81,Processed
954175,904175,2025-08-31,4905.36,Failed
954176,904176,2025-12-18,27887.63,processed
954177,904177,2025-02-10,37355.81,
954178,904178,2025-03-24,3892.45,pending
954179,904179,2025-01-30,2668.95,Processed
954180,904180,2025-07-11,362.13,Pending
954181,904181,2024-02-19,3424.48,Processed
954182,904182,2024-02-11,27279.62,Failed
954183,904183,2024-03-02,3583.88,Failed
954184,904184,2025-01-18,7753.64,Processed
954185,904185,2024-12-06,2336.27,processed
954186,904186,2025-02-11,18633.07,pending
954187,904187,2025-08-27,2526.79,processed
954188,904188,2024-03-28,4311.01,pending
954189,904189,2025-12-27,5354.23,pending
954190,904190,2025-01-30,734.05,
954191,904191,2025-07-08,7245.87,Pending
954192,904192,2024-12-11,6357.03,pending
954193,904193,2025-04-04,970.28,processed
954194,904194,2025-01-05,987.96,pending
954195,904195,2024-06-30,5670.6,Processed
954196,904196,2025-11-07,4556.74,
954197,904197,2024-02-24,4444.19,Failed
954198,904198,2024-07-24,3405.13,pending
954199,904199,2025-02-23,1241.8,Pending
954200,904200,2025-09-14,5251.62,pending
954201,904201,2024-04-23,1606.66,pending
954202,904202,2025-09-10,770.22,processed
954203,904203,2025-03-31,14018.2,Failed
954204,904204,2025-09-30,-100.0,processed
954205,904205,2024-10-17,23141.52,
954206,904206,2024-05-12,1203.21,Processed
954207,904207,2024-05-30,15562.2,Processed
954208,904208,2025-01-23,0.0,
954209,904209,2025-10-12,4546.55,Failed
954210,904210,2024-10-11,12161.45,Pending
954211,904211,2025-04-08,1245501.81,Failed
954212,904212,2024-05-28,4030.5,processed
954213,904213,2025-11-07,1087.95,Processed
954214,904214,2024-03-27,473.22,pending
954215,904215,2024-05-12,4840.67,processed
954216,904216,2024-07-11,3916.43,
954217,904217,2024-11-22,3103.08,Processed
954218,904218,2025-04-24,1220.62,
954219,904219,2024-03-07,10398.58,Pending
954220,904220,2024-07-22,17214.12,processed
954221,904221,2025-04-18,6071.72,Pending
954222,904222,2024-01-05,9456.72,Processed
954223,904223,2025-09-10,1803.16,pending
954224,904224,2025-01-18,1814.59,Failed
954225,904225,2024-09-21,2285.52,processed
954226,904226,2024-08-12,1109.72,processed
954227,904227,2024-11-20,8635.28,Failed
954228,904228,2024-04-29,-100.0,Failed
954229,904229,2025-01-01,4777.32,Pending
954230,904230,2024-10-21,41628.05,Pending
954231,904231,2024-10-20,1620.01,Pending
954232,904232,2024-06-23,25917.68,
954233,904233,2025-07-31,18702.02,Processed
954234,904234,2025-01-06,2955.93,
954235,904235,2024-10-09,16442.11,processed
954236,904236,2024-09-15,2503.1,Processed
954237,904237,2025-10-10,1088.33,Failed
954238,904238,2024-10-04,12294.41,
954239,904239,2025-01-28,2399.33,processed
954240,904240,2025-02-19,532.05,Pending
954241,904241,2024-08-25,0.0,Failed
954242,904242,2024-04-15,2963.7,pending
954243,904243,2025-04-28,10283.19,pending
954244,904244,2024-06-13,1939.83,
954245,904245,2024-07-06,3844.25,Pending
954246,904246,2024-07-13,20253.73,pending
954247,904247,2024-12-20,1800.44,Processed
954248,904248,2025-03-02,857.18,pending
954249,904249,2024-12-05,4279.82,Pending
954250,904250,2025-10-01,2162.15,Processed
954251,904251,2025-11-16,5153.41,processed
954252,904252,2024-02-25,2520.17,Pending
954253,904253,2025-08-20,8700.2,Pending
954254,904254,2025-09-04,541.15,pending
954255,904255,2025-12-25,2634.6,
954256,904256,2025-01-17,1667.06,Processed
954257,904257,2025-10-19,9918.26,
954258,904258,2024-07-14,1782.02,Processed
954259,904259,2024-09-11,1152.71,
954260,904260,2025-08-08,780.29,Failed
954261,904261,2025-07-08,1146.72,Processed
954262,904262,2026-01-09,2348.75,
954263,904263,2024-12-18,3744.95,pending
954264,904264,2024-03-13,4955.26,Failed
954265,904265,2025-03-28,7042.47,
954266,904266,2024-11-02,30917.39,Failed
954267,904267,2024-07-10,1973.43,Failed
954268,904268,2024-11-21,2660.43,Failed
954269,904269,2024-07-23,3276.56,Processed
954270,904270,2025-03-08,3169.19,pending
954271,904271,2025-04-22,34542.53,Pending
954272,904272,2025-08-24,4695.23,processed
954273,904273,2025-12-08,7284.88,pending
954274,904274,2024-01-25,4102.39,pending
954275,904275,2025-03-20,3120.28,Failed
954276,904276,2024-12-25,6129.12,Failed
954277,904277,2024-10-31,1920.38,processed
954278,904278,2025-11-21,1098.05,
954279,904279,2025-06-19,2556.84,pending
954280,904280,2025-08-16,1558.57,Processed
954281,904281,2024-12-10,3029.28,pending
954282,904282,2025-12-15,3189.58,processed
954283,904283,2025-12-18,29721.77,processed
954284,904284,2025-11-29,-100.0,pending
954285,904285,2025-08-08,3944.19,pending
954286,904286,2024-02-21,8368.69,pending
954287,904287,2025-09-29,4005.03,pending
954288,904288,2025-10-24,3490.94,pending
954289,904289,2024-11-23,2533.14,processed
954290,904290,2025-11-13,79.93,
954291,904291,2024-05-30,6840.49,Failed
954292,904292,2024-01-10,547.92,processed
954293,904293,2025-07-10,965.72,Processed
954294,904294,2025-01-09,670.84,processed
954295,904295,2025-08-12,23713.85,Pending
954296,904296,2024-06-25,5097.44,processed
954297,904297,2025-05-06,2482.88,Pending
954298,904298,2025-10-12,3694.2,Failed
954299,904299,2025-03-10,0.0,Processed
954300,904300,2024-11-22,2308.37,pending
954301,904301,2024-03-14,1426.02,Pending
954302,904302,2024-05-11,2055.97,pending
954303,904303,2025-12-09,13869.01,Pending
954304,904304,2025-08-09,9578.93,
954305,904305,2025-02-07,507.86,processed
954306,904306,2025-09-06,10838.54,Pending
954307,904307,2025-06-20,4037.68,pending
954308,904308,2025-06-09,645.83,processed
954309,904309,2025-12-31,11337.51,Processed
954310,904310,2024-11-22,3873.69,processed
954311,904311,2025-05-22,24740.73,
954312,904312,2025-03-09,1023.15,
954313,904313,2025-10-20,3197.9,Failed
954314,904314,2024-04-28,2126.48,Failed
954315,904315,2025-10-18,2050.76,Processed
954316,904316,2025-06-19,1347.26,Failed
954317,904317,2025-06-12,13144.42,Pending
954318,904318,2024-12-30,4063.13,
954319,904319,2025-09-06,2061.55,Failed
954320,904320,2024-06-17,1656.4,processed
954321,904321,2025-03-27,3330.35,Pending
954322,904322,2025-01-24,3809.26,Processed
954323,904323,2025-02-28,72639.54,Pending
954324,904324,2025-09-01,13553.88,Failed
954325,904325,2025-08-25,999999.0,
954326,904326,2025-11-06,1587.8,
954327,904327,2025-01-26,742.17,
954328,904328,2025-05-27,6354.73,Pending
954329,904329,2025-09-29,1975.11,pending
954330,904330,2025-11-28,2663.31,Failed
954331,904331,2025-09-21,2991.09,Pending
954332,904332,2025-01-31,8250.39,Pending
954333,904333,2025-10-02,21307.0,pending
954334,904334,2025-08-15,2433.58,Pending
954335,904335,2024-06-24,0.0,Processed
954336,904336,2024-06-01,38249.16,processed
954337,904337,2024-03-18,724.21,Processed
954338,904338,2024-06-01,1044.57,Failed
954339,904339,2025-03-31,11770.99,pending
954340,904340,2024-05-05,2396.34,pending
954341,904341,2024-01-14,23088.44,Processed
954342,904342,2025-02-19,4721.74,processed
954343,904343,2024-10-05,3292.77,pending
954344,904344,2025-09-17,3256.38,processed
954345,904345,2025-08-15,11901.55,
954346,904346,2025-12-09,5289.59,Pending
954347,904347,2025-07-09,6148.67,pending
954348,904348,2024-10-31,2946.31,pending
954349,904349,2025-04-26,3789.47,Failed
954350,904350,2024-11-02,8575.74,pending
954351,904351,2024-03-14,5467.11,pending
954352,904352,2024-04-07,562.22,Pending
954353,904353,2025-02-25,0.0,Processed
954354,904354,2024-03-02,0.0,
954355,904355,2024-05-26,1475.57,Processed
954356,904356,2024-01-14,13012.73,pending
954357,904357,2024-08-04,204.01,
954358,904358,2024-06-13,41759.97,pending
954359,904359,2024-01-23,486.25,pending
954360,904360,2024-12-04,2824.62,
954361,904361,2024-12-23,1566.67,processed
954362,904362,2024-07-30,1805.01,processed
954363,904363,2025-05-16,4050.89,Failed
954364,904364,2024-12-14,3396.09,Failed
954365,904365,2024-03-02,803.08,
954366,904366,2024-03-22,1759.4,Pending
954367,904367,2025-11-16,1880.43,
954368,904368,2024-09-09,13891.27,Pending
954369,904369,2024-08-31,8594.38,Pending
954370,904370,2025-02-04,3590.32,Processed
954371,904371,2025-01-05,27301.21,Processed
954372,904372,2025-09-06,1363.59,Pending
954373,904373,2025-12-02,2714.44,Processed
954374,904374,2025-09-02,1795.48,pending
954375,904375,2024-08-13,777.32,pending
954376,904376,2025-03-24,25649.01,processed
954377,904377,2025-06-20,0.0,processed
954378,904378,2024-02-18,2723.73,
954379,904379,2024-05-01,1655.43,Pending
954380,904380,2025-12-23,6247.1,Processed
954381,904381,2025-11-09,2783.84,processed
954382,904382,2024-03-28,1902.36,Pending
954383,904383,2024-08-28,13739.18,Pending
954384,904384,2026-01-08,9072.38,pending
954385,904385,2024-09-01,807.9,Pending
954386,904386,2026-01-09,1713.44,Processed
954387,904387,2024-04-04,2517.02,Pending
954388,904388,2024-05-04,1851.11,Failed
954389,904389,2025-06-08,20582.71,Processed
954390,904390,2024-10-06,2245.25,
954391,904391,2025-06-15,1239.34,Processed
954392,904392,2024-08-01,3940.97,processed
954393,904393,2025-02-20,5553.62,Pending
954394,904394,2025-04-05,1227.56,pending
954395,904395,2024-10-25,388.8,
954396,904396,2024-05-19,5941.3,pending
954397,904397,2024-12-22,211.03,Processed
954398,904398,2026-01-07,4894.28,Failed
954399,904399,2026-01-07,1251.62,Failed
954400,904400,2025-11-11,35164.26,pending
954401,904401,2025-04-15,3744.27,Pending
954402,904402,2024-11-22,8801.31,Failed
954403,904403,2024-04-03,1566.62,Processed
954404,904404,2025-06-17,843.34,Failed
954405,904405,2024-11-02,2935.69,Processed
954406,904406,2025-07-01,702.31,
954407,904407,2025-07-14,727.95,Failed
954408,904408,2024-08-11,3637.26,Failed
954409,904409,2025-08-08,696.22,processed
954410,904410,2024-06-12,3394105.54,pending
954411,904411,2025-12-04,9864.99,Pending
954412,904412,2025-02-12,4212.28,Pending
954413,904413,2024-12-21,7002.52,processed
954414,904414,2024-09-15,9231.78,
954415,904415,2024-04-30,8101.32,processed
954416,904416,2024-04-14,2732.04,Failed
954417,904417,2024-07-30,2677.06,
954418,904418,2024-04-11,1610.9,Pending
954419,904419,2024-02-11,1177.11,processed
954420,904420,2025-10-22,6082.77,Processed
954421,904421,2024-10-31,5826.23,Failed
954422,904422,2024-10-02,3199.01,Pending
954423,904423,2024-11-04,1289.6,pending
954424,904424,2025-10-08,48704.87,
954425,904425,2025-03-05,3590.82,Failed
954426,904426,2024-11-25,4302.01,Processed
954427,904427,2024-08-30,3919.15,
954428,904428,2025-01-16,7932.69,pending
954429,904429,2024-03-05,20434.6,Processed
954430,904430,2025-10-21,2123.9,Pending
954431,904431,2024-02-03,3662.36,Failed
954432,904432,2024-08-03,7434.32,Pending
954433,904433,2025-10-13,2667.83,pending
954434,904434,2025-04-22,3988.75,Processed
954435,904435,2025-02-26,496.13,
954436,904436,2026-01-12,3074.62,Processed
954437,904437,2024-11-29,3202.5,pending
954438,904438,2024-04-22,6033.5,pending
954439,904439,2024-07-30,1990.89,pending
954440,904440,2024-04-25,13716.57,Failed
954441,904441,2024-11-14,12324.71,pending
954442,904442,2024-11-01,1313.12,
954443,904443,2024-10-19,1549.68,pending
954444,904444,2024-02-23,360.32,processed
954445,904445,2024-07-03,309.94,processed
954446,904446,2024-08-18,584.61,processed
954447,904447,2024-05-24,5763.27,Failed
954448,904448,2024-10-18,2315.2,pending
954449,904449,2024-12-18,11002.68,
954450,904450,2025-12-12,500000.0,Pending
954451,904451,2024-08-03,24008.15,Failed
954452,904452,2025-06-27,2000.5,
954453,904453,2024-10-17,12823.55,Processed
954454,904454,2025-03-26,2049.49,Processed
954455,904455,2024-02-07,1550.43,
954456,904456,2024-05-24,19591.68,Failed
954457,904457,2024-09-06,350.66,Failed
954458,904458,2024-06-07,422.79,Failed
954459,904459,2024-06-14,6584.18,Processed
954460,904460,2025-09-20,488.36,Failed
954461,904461,2024-05-27,1374.7,Failed
954462,904462,2024-08-12,3612.8,Failed
954463,904463,2024-05-01,1354.08,pending
954464,904464,2024-09-17,5477.68,
954465,904465,2025-01-16,6433.99,processed
954466,904466,2025-11-21,1391.21,Failed
954467,904467,2024-11-27,18784.36,pending
954468,904468,2025-07-15,23444.02,processed
954469,904469,2024-12-25,895.97,processed
954470,904470,2025-06-27,1031.29,pending
954471,904471,2026-01-15,6667.92,Failed
954472,904472,2025-09-20,1924.8,Processed
954473,904473,2024-06-24,518.14,Failed
954474,904474,2026-01-07,1752.19,Processed
954475,904475,2025-11-22,3854.89,processed
954476,904476,2024-06-06,2681.34,Processed
954477,904477,2024-05-02,14131.67,processed
954478,904478,2025-12-31,946.94,Pending
954479,904479,2025-04-21,34961.97,Processed
954480,904480,2024-08-13,7159.6,pending
954481,904481,2025-04-14,17412.65,processed
954482,904482,2024-10-28,4114.0,
954483,904483,2026-01-04,3941.04,processed
954484,904484,2025-03-02,6713.07,Processed
954485,904485,2024-03-14,0.0,processed
954486,904486,2025-07-25,1979.68,pending
954487,904487,2024-11-24,4173.1,Pending
954488,904488,2024-03-16,944.85,Processed
954489,904489,2025-11-27,2949.81,Failed
954490,904490,2025-09-29,1114.65,Processed
954491,904491,2024-12-09,2916.47,pending
954492,904492,2024-09-17,560.56,Pending
954493,904493,2024-05-30,2114.43,
954494,904494,2024-07-23,10104.12,Failed
954495,904495,2024-11-07,390.18,Processed
954496,904496,2025-04-20,769.52,
954497,904497,2025-01-20,200.1,Failed
954498,904498,2024-04-07,3045.1,Processed
954499,904499,2024-04-15,4735.85,pending
954500,904500,2025-12-11,3744.55,pending
954501,904501,2025-05-28,1740.15,Processed
954502,904502,2024-09-27,2582.93,Failed
954503,904503,2024-05-18,610.5,Processed
954504,904504,2024-03-26,4411.54,pending
954505,904505,2025-05-26,3016.84,Pending
954506,904506,2025-10-15,999999.0,
954507,904507,2025-10-08,440.39,processed
954508,904508,2024-09-18,1764.86,Failed
954509,904509,2025-11-15,1203.75,
954510,904510,2024-08-10,5331.44,processed
954511,904511,2025-03-29,5197.35,processed
954512,904512,2024-02-27,15663.72,
954513,904513,2024-12-07,1127.4,
954514,904514,2025-09-20,1215.95,processed
954515,904515,2025-12-28,6041.59,Processed
954516,904516,2025-11-17,15620.14,Failed
954517,904517,2025-01-08,141.48,processed
954518,904518,2025-10-27,4484.84,Failed
954519,904519,2024-07-30,8709.2,processed
954520,904520,2024-12-14,2503.21,pending
954521,904521,2025-12-09,10653.93,Processed
954522,904522,2024-12-25,3709915.97,Pending
954523,904523,2025-10-17,1618.0,Failed
954524,904524,2024-12-14,0.0,pending
954525,904525,2025-01-05,14079.72,
954526,904526,2025-02-01,2242.38,
954527,904527,2025-08-12,7991.72,Processed
954528,904528,2024-11-07,9143.43,Pending
954529,904529,2025-02-02,5641.21,pending
954530,904530,2025-05-19,2834.69,Pending
954531,904531,2025-05-15,3113111.33,Failed
954532,904532,2024-03-08,1496.11,Pending
954533,904533,2025-05-14,5109.76,
954534,904534,2024-04-09,13918.37,
954535,904535,2024-11-20,17479.26,Processed
954536,904536,2025-05-14,32878.0,
954537,904537,2024-06-18,4577.3,processed
954538,904538,2025-07-14,5055.78,pending
954539,904539,2024-03-28,3335.97,pending
954540,904540,2025-12-05,2959.27,processed
954541,904541,2025-04-30,2365.5,processed
954542,904542,2024-07-09,2616.8,Failed
954543,904543,2024-02-08,7042.6,Processed
954544,904544,2025-09-07,0.0,Failed
954545,904545,2024-08-11,11050.1,Processed
954546,904546,2024-06-10,1446.44,Processed
954547,904547,2024-06-10,12126.41,
954548,904548,2024-09-10,3285.24,Pending
954549,904549,2024-08-28,1500.92,
954550,904550,2024-11-21,2534.77,Pending
954551,904551,2024-11-18,3954.26,Failed
954552,904552,2025-09-19,4382.61,
954553,904553,2024-03-02,2567.17,Failed
954554,904554,2025-06-09,26662.5,Pending
954555,904555,2024-02-15,3683.07,Processed
954556,904556,2025-04-02,9880.37,Pending
954557,904557,2025-09-16,736.88,Processed
954558,904558,2024-08-29,1876.11,Processed
954559,904559,2025-03-28,494.82,Failed
954560,904560,2024-03-21,5804.84,
954561,904561,2024-08-20,5219.17,pending
954562,904562,2025-09-05,1821.04,processed
954563,904563,2025-10-26,2054.55,pending
954564,904564,2024-12-04,6314.67,Processed
954565,904565,2024-11-08,4223.5,Processed
954566,904566,2025-12-20,3701.28,Failed
954567,904567,2025-11-06,2655.24,
954568,904568,2024-09-02,6809.44,Processed
954569,904569,2025-09-14,11464.62,Processed
954570,904570,2024-11-21,2211.06,pending
954571,904571,2025-01-09,1340.6,
954572,904572,2024-12-24,3127.98,Processed
954573,904573,2025-03-05,1249.41,processed
954574,904574,2025-11-01,1701.33,Pending
954575,904575,2024-04-27,23492.6,processed
954576,904576,2024-12-21,2715.52,Processed
954577,904577,2024-09-26,999999.0,Pending
954578,904578,2025-01-21,5541.78,
954579,904579,2025-11-04,32756.12,Failed
954580,904580,2025-03-17,3471.75,Failed
954581,904581,2024-06-05,6820.73,Pending
954582,904582,2025-09-19,4286.84,Failed
954583,904583,2024-09-26,2226.98,Failed
954584,904584,2024-02-20,1734.95,Failed
954585,904585,2024-05-17,2191.49,Processed
954586,904586,2025-07-18,11411.22,pending
954587,904587,2024-01-28,276.17,Pending
954588,904588,2025-07-12,3008.37,
954589,904589,2025-12-28,4531.06,Processed
954590,904590,2024-01-31,13911.25,processed
954591,904591,2025-04-18,2047.49,pending
954592,904592,2024-03-10,20060.57,
954593,904593,2024-07-30,2753.04,processed
954594,904594,2025-07-17,1003.09,processed
954595,904595,2024-08-28,18490.42,processed
954596,904596,2024-09-22,3387.43,processed
954597,904597,2024-09-23,1261.05,pending
954598,904598,2024-07-05,0.0,processed
954599,904599,2025-02-28,5108.37,
954600,904600,2024-10-17,9514.91,Processed
954601,904601,2024-12-04,3146.82,pending
954602,904602,2025-08-16,1763.71,Pending
954603,904603,2025-08-08,2897.13,Failed
954604,904604,2024-05-26,15424.58,
954605,904605,2025-10-19,5812.57,processed
954606,904606,2025-01-07,5210.83,Processed
954607,904607,2024-05-28,13938.52,Pending
954608,904608,2024-02-07,4347.77,pending
954609,904609,2024-09-06,5629.27,Processed
954610,904610,2024-01-08,3726.34,
954611,904611,2025-08-21,2388.46,processed
954612,904612,2024-09-02,9343.77,
954613,904613,2025-09-14,4709.93,Failed
954614,904614,2024-07-17,8999.79,pending
954615,904615,2024-05-11,1310.65,Processed
954616,904616,2024-04-12,9168.5,
954617,904617,2025-01-25,1524.36,Pending
954618,904618,2025-04-14,2267.11,Processed
954619,904619,2024-02-07,3785.06,processed
954620,904620,2024-03-25,3411.68,Processed
954621,904621,2024-05-06,324.17,processed
954622,904622,2024-06-20,925.55,Failed
954623,904623,2025-04-20,4724.57,processed
954624,904624,2024-03-01,993.72,processed
954625,904625,2025-11-15,2503.59,
954626,904626,2025-02-01,4086.17,pending
954627,904627,2024-07-16,6632.68,Pending
954628,904628,2024-09-18,0.0,Processed
954629,904629,2025-07-26,0.0,Failed
954630,904630,2024-03-27,2736.03,processed
954631,904631,2024-06-18,3413.54,pending
954632,904632,2025-10-16,5144.18,Processed
954633,904633,2025-07-24,2105.12,Failed
954634,904634,2025-08-27,8884.42,
954635,904635,2025-08-22,4588.0,processed
954636,904636,2025-05-28,2631.56,pending
954637,904637,2025-05-10,1443.29,Failed
954638,904638,2025-10-19,27238.85,Pending
954639,904639,2025-01-14,3661.45,Processed
954640,904640,2025-09-12,8417.68,Failed
954641,904641,2025-09-29,9365.27,pending
954642,904642,2024-07-16,1140.32,Pending
954643,904643,2024-08-23,3085.27,pending
954644,904644,2025-10-18,925.02,Failed
954645,904645,2024-07-31,2508.96,
954646,904646,2025-05-17,18038.94,
954647,904647,2025-04-03,25048.78,Failed
954648,904648,2025-06-29,3561.47,pending
954649,904649,2025-06-13,1420.79,Processed
954650,904650,2025-01-26,4673.24,processed
954651,904651,2024-03-15,8697.54,pending
954652,904652,2025-07-16,1375.79,Processed
954653,904653,2025-11-30,8214.57,Failed
954654,904654,2025-03-09,1459.82,processed
954655,904655,2025-12-22,3491.82,Processed
954656,904656,2024-09-08,470.22,
954657,904657,2025-05-18,861.39,Failed
954658,904658,2025-07-09,4051.99,processed
954659,904659,2024-06-11,1161.25,processed
954660,904660,2024-06-01,-500.0,processed
954661,904661,2025-04-08,2320.17,
954662,904662,2025-06-24,10419.01,Failed
954663,904663,2024-03-25,1385.89,Processed
954664,904664,2024-01-28,3380.7,Processed
954665,904665,2025-06-27,3552.53,processed
954666,904666,2024-09-14,4211.77,Failed
954667,904667,2024-12-24,2865.31,processed
954668,904668,2025-01-03,1533.6,Processed
954669,904669,2024-01-26,8676.42,pending
954670,904670,2024-06-21,7993.34,pending
954671,904671,2025-07-01,4964.39,pending
954672,904672,2025-04-09,654.5,Processed
954673,904673,2024-04-06,4867.49,
954674,904674,2025-03-25,764.69,pending
954675,904675,2025-12-12,919.29,Failed
954676,904676,2024-06-10,11748.94,processed
954677,904677,2025-07-08,1634.95,processed
954678,904678,2025-05-21,842.13,Failed
954679,904679,2025-01-09,12685.85,Pending
954680,904680,2024-06-11,3291.6,pending
954681,904681,2025-12-19,4976.27,Pending
954682,904682,2024-02-04,4487.68,Failed
954683,904683,2025-04-11,8734.97,processed
954684,904684,2025-12-28,6038.12,
954685,904685,2025-01-21,1641.18,pending
954686,904686,2025-01-03,1158.51,pending
954687,904687,2025-12-29,22408.33,Processed
954688,904688,2024-03-24,9804.22,Pending
954689,904689,2025-02-07,3833.51,
954690,904690,2024-03-21,3313.98,processed
954691,904691,2025-04-17,2762.82,
954692,904692,2024-07-05,1911.7,Processed
954693,904693,2024-08-17,11099.92,Processed
954694,904694,2025-10-22,6341.55,pending
954695,904695,2025-01-26,4787.2,Processed
954696,904696,2025-02-19,4286.29,
954697,904697,2025-07-06,4237.31,Pending
954698,904698,2025-03-19,2038.89,pending
954699,904699,2025-08-21,15555.96,
954700,904700,2025-04-23,4612.07,
954701,904701,2025-10-02,13141.49,pending
954702,904702,2025-05-11,312.12,Failed
954703,904703,2025-02-04,1190.85,
954704,904704,2025-05-27,1616.33,processed
954705,904705,2025-10-15,2453.05,pending
954706,904706,2024-10-30,4615.77,Pending
954707,904707,2025-09-01,961.96,
954708,904708,2024-01-29,1118.26,processed
954709,904709,2025-08-07,42116.0,Pending
954710,904710,2024-09-19,1030.38,pending
954711,904711,2025-11-03,7730.32,Pending
954712,904712,2025-06-30,1147.98,Processed
954713,904713,2024-12-25,3878.99,Processed
954714,904714,2024-08-22,2480.14,
954715,904715,2025-10-06,7201.36,pending
954716,904716,2025-12-26,1428.15,processed
954717,904717,2025-08-12,8696.76,Processed
954718,904718,2025-02-20,3443.18,Processed
954719,904719,2025-07-27,2678.4,Pending
954720,904720,2024-09-10,866.06,Processed
954721,904721,2024-02-24,1974.39,Processed
954722,904722,2024-02-27,1114.84,Processed
954723,904723,2024-03-20,1227.27,processed
954724,904724,2024-07-29,14352.15,
954725,904725,2024-08-24,0.0,Pending
954726,904726,2024-03-02,1286.28,processed
954727,904727,2025-04-04,3483.68,pending
954728,904728,2025-05-10,1022.8,pending
954729,904729,2024-11-05,2821.25,pending
954730,904730,2025-03-27,0.0,
954731,904731,2024-05-18,2018.27,Processed
954732,904732,2025-08-03,38297.38,processed
954733,904733,2024-04-27,939.1,processed
954734,904734,2024-06-03,3302.57,Processed
954735,904735,2024-02-17,4137.25,
954736,904736,2024-10-16,4459.36,pending
954737,904737,2024-07-25,2115.18,Processed
954738,904738,2025-05-24,1849.09,Pending
954739,904739,2025-02-16,2027.47,
954740,904740,2024-04-10,648.04,
954741,904741,2025-04-21,4437.34,Processed
954742,904742,2024-09-29,966.23,
954743,904743,2025-01-01,10012.51,Failed
954744,904744,2024-08-09,1230.32,processed
954745,904745,2024-08-08,8619.88,Pending
954746,904746,2025-05-29,7512.15,Pending
954747,904747,2024-03-19,9923.47,Pending
954748,904748,2025-10-20,4841.97,processed
954749,904749,2024-12-04,3780.24,processed
954750,904750,2025-12-05,221877.09,Pending
954751,904751,2025-10-22,3784.76,Failed
954752,904752,2024-10-08,11057.88,pending
954753,904753,2024-10-09,5775.72,Processed
954754,904754,2024-04-04,1899.63,Pending
954755,904755,2024-02-11,2951.84,Processed
954756,904756,2024-07-02,2010.92,processed
954757,904757,2024-12-19,3329.23,
954758,904758,2025-07-09,1181.29,processed
954759,904759,2024-10-17,5268.74,processed
954760,904760,2024-02-24,8830.81,pending
954761,904761,2024-08-10,6568.21,pending
954762,904762,2025-09-11,3174.21,Pending
954763,904763,2024-05-30,9567.69,
954764,904764,2025-07-15,2318.08,Failed
954765,904765,2024-12-11,1674.72,
954766,904766,2025-04-30,16939.31,Processed
954767,904767,2024-01-08,3379.4,Pending
954768,904768,2025-08-25,7353.9,Processed
954769,904769,2024-12-15,1565.52,Processed
954770,904770,2025-01-05,3340.28,Processed
954771,904771,2024-02-07,3744.36,pending
954772,904772,2024-02-19,11982.33,Failed
954773,904773,2024-08-16,3500.29,pending
954774,904774,2024-02-06,5237.39,Processed
954775,904775,2025-05-18,3823.4,pending
954776,904776,2025-07-17,1555.07,
954777,904777,2025-01-19,1125.16,
954778,904778,2025-08-17,27936.31,pending
954779,904779,2024-04-05,9209.81,processed
954780,904780,2025-04-05,2435.45,Processed
954781,904781,2024-03-23,2987.48,processed
954782,904782,2024-02-21,17009.22,pending
954783,904783,2024-08-06,10162.86,processed
954784,904784,2025-07-14,14701.53,Failed
954785,904785,2025-04-29,5984.95,processed
954786,904786,2024-08-29,3090.72,Processed
954787,904787,2025-06-16,5303.37,Failed
954788,904788,2025-01-04,5455.49,Processed
954789,904789,2024-06-22,2747.38,
954790,904790,2024-11-05,5218.86,Failed
954791,904791,2025-11-29,6551.36,Processed
954792,904792,2025-03-23,1891.92,
954793,904793,2025-07-27,2307.83,
954794,904794,2024-02-16,1209.12,Pending
954795,904795,2025-02-04,7673.18,Pending
954796,904796,2025-09-28,36044.99,pending
954797,904797,2024-11-08,6647.12,Pending
954798,904798,2025-11-05,11045.88,Failed
954799,904799,2024-05-25,1307.8,Processed
954800,904800,2024-04-01,4708.64,pending
954801,904801,2025-10-03,290.53,Failed
954802,904802,2024-08-27,6909.77,Processed
954803,904803,2025-06-27,3058.5,Failed
954804,904804,2024-04-07,900.15,processed
954805,904805,2024-08-29,5454.09,Failed
954806,904806,2025-12-24,2952.5,pending
954807,904807,2025-08-21,3515.12,Pending
954808,904808,2024-04-26,2717.63,Failed
954809,904809,2024-06-20,1610.94,pending
954810,904810,2024-08-08,4507.89,Pending
954811,904811,2025-11-07,2836.34,
954812,904812,2025-10-20,911.27,
954813,904813,2025-12-31,7036.58,pending
954814,904814,2025-03-11,1328.87,Processed
954815,904815,2025-03-09,1239.62,Pending
954816,904816,2024-10-21,7800.51,Failed
954817,904817,2025-01-04,3263.99,Failed
954818,904818,2025-09-27,6988.9,processed
954819,904819,2025-06-10,1282.68,Failed
954820,904820,2025-03-26,411.75,pending
954821,904821,2024-03-09,1514.96,pending
954822,904822,2024-01-25,5050.7,Processed
954823,904823,2024-10-31,11176.97,Pending
954824,904824,2025-12-01,2709047.64,Pending
954825,904825,2025-07-07,4241.92,Failed
954826,904826,2024-06-22,5259.35,pending
954827,904827,2025-09-02,3311.8,Pending
954828,904828,2025-08-09,8062.29,Pending
954829,904829,2024-05-27,4302.66,Failed
954830,904830,2025-06-11,21164.25,Failed
954831,904831,2024-03-24,327.55,processed
954832,904832,2025-01-20,7903.92,processed
954833,904833,2025-07-06,8592.77,pending
954834,904834,2025-03-28,9483.01,pending
954835,904835,2024-01-24,3314.01,Pending
954836,904836,2025-08-23,9172.62,Pending
954837,904837,2025-11-03,196.3,processed
954838,904838,2024-08-26,5473.09,Failed
954839,904839,2025-09-23,2095.64,Pending
954840,904840,2024-08-06,565.97,pending
954841,904841,2025-01-04,3199.78,pending
954842,904842,2025-07-16,2409.77,processed
954843,904843,2025-08-12,3155.3,Failed
954844,904844,2026-01-20,3957.73,Failed
954845,904845,2026-01-10,4432.51,Pending
954846,904846,2025-10-05,1966.68,Processed
954847,904847,2025-08-08,2542.09,Pending
954848,904848,2024-10-22,3349.75,Pending
954849,904849,2026-01-01,881.88,Failed
954850,904850,2025-01-07,943.76,Processed
954851,904851,2025-11-02,2229.45,pending
954852,904852,2025-12-02,3789.84,Processed
954853,904853,2025-03-16,812.59,Failed
954854,904854,2024-11-14,12020.19,pending
954855,904855,2025-03-27,7476.0,Failed
954856,904856,2025-07-19,7073.96,processed
954857,904857,2024-06-11,3990.52,Pending
954858,904858,2025-08-04,4593.59,Processed
954859,904859,2025-11-16,4966.78,processed
954860,904860,2025-07-16,320.24,
954861,904861,2024-05-26,386.88,Pending
954862,904862,2024-09-03,12776.22,Processed
954863,904863,2025-12-12,7574.35,pending
954864,904864,2025-04-10,1215.06,Pending
954865,904865,2025-08-06,699.75,Processed
954866,904866,2025-04-28,1237.6,pending
954867,904867,2024-10-23,22738.25,Failed
954868,904868,2024-04-24,343.94,pending
954869,904869,2025-12-12,27496.89,Processed
954870,904870,2025-10-05,1741.27,Failed
954871,904871,2025-01-09,357.48,
954872,904872,2025-12-07,252.82,Pending
954873,904873,2025-11-06,1139.45,Pending
954874,904874,2025-03-17,2543.47,Processed
954875,904875,2025-11-22,2813.03,
954876,904876,2024-07-01,6794.23,Pending
954877,904877,2025-04-07,8329.15,Processed
954878,904878,2024-09-18,8158.31,processed
954879,904879,2025-11-16,43023.45,pending
954880,904880,2024-08-14,29529.16,Processed
954881,904881,2025-10-27,5936.62,pending
954882,904882,2025-04-10,5975.41,Failed
954883,904883,2024-12-11,1629.38,Pending
954884,904884,2025-07-02,2470.09,pending
954885,904885,2025-12-03,5001.89,Failed
954886,904886,2025-11-30,15320.56,Pending
954887,904887,2025-11-09,5738.44,
954888,904888,2024-09-06,14326.83,Failed
954889,904889,2025-03-16,15319.43,pending
954890,904890,2024-01-27,8764.67,
954891,904891,2024-11-02,3089.42,Failed
954892,904892,2024-09-27,1845.16,processed
954893,904893,2025-09-22,2001.81,processed
954894,904894,2025-01-18,2415.38,Pending
954895,904895,2024-07-28,5172.59,Processed
954896,904896,2024-09-10,424.15,pending
954897,904897,2024-03-12,1280.06,processed
954898,904898,2024-06-04,4760.78,Processed
954899,904899,2025-08-29,19080.46,
954900,904900,2025-06-03,15102.12,Pending
954901,904901,2024-12-15,8477.23,pending
954902,904902,2024-12-26,1574.7,Processed
954903,904903,2025-02-15,995.43,Processed
954904,904904,2025-07-30,1662.78,processed
954905,904905,2024-07-29,2101.48,Processed
954906,904906,2025-11-28,46133.26,Pending
954907,904907,2025-10-14,2493.73,pending
954908,904908,2024-08-10,22919.75,Pending
954909,904909,2024-10-31,3480.45,Pending
954910,904910,2025-03-17,0.0,processed
954911,904911,2024-09-11,7607.4,Pending
954912,904912,2025-03-14,3100.4,pending
954913,904913,2025-10-06,225.99,pending
954914,904914,2026-01-05,8829.28,Processed
954915,904915,2024-07-15,4929.29,processed
954916,904916,2025-11-08,1827.15,
954917,904917,2024-05-20,3168.4,pending
954918,904918,2025-11-03,7538.73,
954919,904919,2024-12-10,4118.84,Failed
954920,904920,2024-06-18,933.22,Failed
954921,904921,2024-07-03,10217.73,Pending
954922,904922,2024-03-25,0.0,Processed
954923,904923,2024-03-21,470.0,Processed
954924,904924,2024-12-08,395.09,pending
954925,904925,2025-12-08,5028.54,Failed
954926,904926,2025-02-19,6494.95,processed
954927,904927,2025-01-04,2682.12,processed
954928,904928,2025-10-25,605.95,Pending
954929,904929,2024-02-15,4492.33,pending
954930,904930,2024-11-28,4028.55,
954931,904931,2024-10-25,8215.47,processed
954932,904932,2025-09-30,0.0,Failed
954933,904933,2024-01-23,1449.5,Pending
954934,904934,2025-02-08,32433.91,pending
954935,904935,2024-03-12,7651.45,Processed
954936,904936,2025-05-03,7280.1,Failed
954937,904937,2024-07-17,6123.58,processed
954938,904938,2025-03-28,2545.3,pending
954939,904939,2025-08-28,4064.93,Processed
954940,904940,2025-03-18,4890.65,Pending
954941,904941,2024-12-01,781.03,processed
954942,904942,2025-06-19,1548.75,
954943,904943,2025-05-04,877.82,Processed
954944,904944,2026-01-10,13848.21,Pending
954945,904945,2025-11-01,4239.28,processed
954946,904946,2025-10-26,525.47,Failed
954947,904947,2026-01-18,7315.98,Processed
954948,904948,2025-07-10,34173.51,
954949,904949,2024-05-27,17100.98,processed
954950,904950,2025-03-30,1465.53,Failed
954951,904951,2024-03-23,11628.91,Failed
954952,904952,2025-01-19,515.44,processed
954953,904953,2025-01-28,3784.31,Pending
954954,904954,2024-03-15,4128.46,
954955,904955,2025-05-11,3615.52,Pending
954956,904956,2025-07-20,2796.9,
954957,904957,2024-12-31,642.5,Pending
954958,904958,2024-02-07,2626.69,processed
954959,904959,2024-04-09,168.4,processed
954960,904960,2025-11-25,1348.76,Pending
954961,904961,2025-03-04,6033.95,pending
954962,904962,2025-10-07,6541.27,pending
954963,904963,2024-09-28,3947.62,Failed
954964,904964,2025-10-05,11568.51,pending
954965,904965,2025-07-25,2606.1,pending
954966,904966,2025-10-05,598.69,
954967,904967,2025-09-12,3567.21,
954968,904968,2025-05-15,4536.45,Pending
954969,904969,2024-06-02,1151.25,Processed
954970,904970,2024-09-03,6351.39,
954971,904971,2024-10-23,4870.35,processed
954972,904972,2025-06-30,1500.03,
954973,904973,2025-10-20,7544.25,Processed
954974,904974,2025-03-10,1257.65,pending
954975,904975,2025-05-17,900.99,Pending
954976,904976,2025-06-09,1888.41,Failed
954977,904977,2025-12-10,1561.08,Failed
954978,904978,2025-07-20,2608.6,Processed
954979,904979,2024-03-26,0.0,
954980,904980,2025-03-09,3009.64,Pending
954981,904981,2025-08-18,9424.67,
954982,904982,2024-12-01,3739.95,pending
954983,904983,2024-07-13,6243.19,
954984,904984,2024-06-25,710.38,
954985,904985,2025-02-02,39393.46,Failed
954986,904986,2025-08-06,37441.82,
954987,904987,2024-07-08,8439.42,Failed
954988,904988,2024-03-14,1327494.01,processed
954989,904989,2025-08-05,934.85,Processed
954990,904990,2024-06-01,4703.05,Failed
954991,904991,2024-10-29,3760.56,
954992,904992,2025-05-02,4483.67,Processed
954993,904993,2026-01-17,2317.53,pending
954994,904994,2025-12-29,4826.37,
954995,904995,2025-10-27,552.32,Pending
954996,904996,2024-07-13,2328.54,Pending
954997,904997,2025-11-22,1795.49,processed
954998,904998,2025-11-26,3241.51,
954999,904999,2024-08-01,5017.67,processed
955000,905000,2024-09-24,772010.76,pending
955001,905001,2024-07-02,1282.63,processed
955002,905002,2024-10-24,10484.35,pending
955003,905003,2025-05-04,10822.92,Failed
955004,905004,2025-08-28,2823.87,processed
955005,905005,2024-08-18,4195.44,processed
955006,905006,2024-11-09,13331.56,Pending
955007,905007,2025-07-08,1461.81,
955008,905008,2025-10-09,3620.41,pending
955009,905009,2025-07-31,7685.54,
955010,905010,2025-07-30,8180.1,pending
955011,905011,2024-08-29,7614.37,Pending
955012,905012,2024-10-08,24466.02,processed
955013,905013,2026-01-03,6387.39,pending
955014,905014,2024-08-17,13144.4,Processed
955015,905015,2024-03-15,9729.77,
955016,905016,2025-07-27,16568.51,Failed
955017,905017,2025-06-21,1108.88,processed
955018,905018,2024-07-23,3396.28,processed
955019,905019,2024-07-15,13859.3,Failed
955020,905020,2025-02-23,19678.98,Failed
955021,905021,2025-04-28,2300.88,Processed
955022,905022,2024-12-05,4713.28,pending
955023,905023,2025-07-05,2841.48,Failed
955024,905024,2024-09-26,0.0,Processed
955025,905025,2024-06-29,1756.6,Processed
955026,905026,2025-03-10,18746.45,Pending
955027,905027,2024-06-13,3648.5,processed
955028,905028,2025-09-24,1116.99,processed
955029,905029,2024-04-14,4735.14,Failed
955030,905030,2025-11-20,10190.82,
955031,905031,2025-11-18,10471.72,Pending
955032,905032,2024-06-12,1588.22,Processed
955033,905033,2025-12-02,939.7,Processed
955034,905034,2025-02-07,2076.7,
955035,905035,2025-05-18,4598.88,
955036,905036,2025-03-04,1624.73,Pending
955037,905037,2025-09-14,8147.38,
955038,905038,2024-12-12,500000.0,
955039,905039,2024-04-10,2702.89,Pending
955040,905040,2024-04-22,3153.81,processed
955041,905041,2025-03-14,1646.72,pending
955042,905042,2025-11-06,7518.55,pending
955043,905043,2024-09-26,4725.2,Processed
955044,905044,2025-08-23,7427.02,processed
955045,905045,2025-01-14,2445.92,pending
955046,905046,2024-08-20,1030.18,
955047,905047,2024-03-04,4517.02,processed
955048,905048,2024-06-17,8417.83,Processed
955049,905049,2025-10-14,5189.58,Failed
955050,905050,2025-03-25,1026.52,Pending
955051,905051,2024-01-16,10595.53,Failed
955052,905052,2025-10-21,5387.12,Processed
955053,905053,2025-03-28,475.53,pending
955054,905054,2025-08-27,449.35,Pending
955055,905055,2025-06-08,818.19,
955056,905056,2025-06-25,11604.26,
955057,905057,2024-08-30,4939.73,
955058,905058,2024-04-13,4462.58,Pending
955059,905059,2025-03-01,13188.71,Failed
955060,905060,2024-01-19,513.99,Processed
955061,905061,2025-12-28,8702.25,processed
955062,905062,2024-02-27,4854.49,pending
955063,905063,2025-06-16,497.87,Processed
955064,905064,2024-11-19,3148.61,pending
955065,905065,2026-01-11,20370.74,processed
955066,905066,2025-12-14,1361.91,Processed
955067,905067,2024-05-08,1051.38,
955068,905068,2025-06-20,19713.73,Failed
955069,905069,2025-05-11,1422.67,processed
955070,905070,2024-05-19,3878.6,
955071,905071,2025-03-09,5063.82,Failed
955072,905072,2025-06-18,1043.66,
955073,905073,2024-12-18,1706.79,processed
955074,905074,2024-09-30,5389.45,Processed
955075,905075,2025-06-05,816.97,pending
955076,905076,2024-04-27,307.37,Failed
955077,905077,2025-05-08,9229.85,
955078,905078,2025-07-09,11675.83,Failed
955079,905079,2024-08-07,2246.6,processed
955080,905080,2025-02-20,1352157.86,Failed
955081,905081,2024-05-13,1551.18,Pending
955082,905082,2025-02-15,5327.68,
955083,905083,2024-10-26,10922.75,processed
955084,905084,2024-10-05,2575.3,processed
955085,905085,2024-12-24,11113.37,Failed
955086,905086,2025-01-21,8369.85,Pending
955087,905087,2024-11-16,1700.41,pending
955088,905088,2025-06-25,9858.43,pending
955089,905089,2025-08-01,1689.64,pending
955090,905090,2025-12-15,2536.07,
955091,905091,2024-10-06,618.55,processed
955092,905092,2024-07-17,1718.19,Pending
955093,905093,2025-10-20,1141.56,pending
955094,905094,2025-06-28,430.8,Processed
955095,905095,2024-01-08,516.77,
955096,905096,2024-12-16,10322.41,Failed
955097,905097,2024-04-15,0.0,
955098,905098,2024-04-14,8520.71,pending
955099,905099,2024-12-28,6368.33,Pending
955100,905100,2024-08-21,8588.41,
955101,905101,2025-12-18,8880.75,Pending
955102,905102,2025-12-29,0.0,Processed
955103,905103,2025-08-31,1244.97,Failed
955104,905104,2024-03-07,4214.84,pending
955105,905105,2024-08-26,611.8,processed
955106,905106,2024-08-11,5103.07,processed
955107,905107,2024-07-18,1150.55,pending
955108,905108,2024-04-04,500000.0,Failed
955109,905109,2024-05-12,2997.39,
955110,905110,2025-01-06,2517.1,
955111,905111,2025-02-17,6242.07,Pending
955112,905112,2024-12-03,1017.8,
955113,905113,2025-05-06,4888.95,Pending
955114,905114,2025-08-28,6523.17,processed
955115,905115,2025-08-16,6267.66,
955116,905116,2024-05-11,5861.77,Failed
955117,905117,2025-08-31,1233.36,
955118,905118,2025-05-22,706.49,pending
955119,905119,2025-04-22,2027.5,Failed
955120,905120,2024-10-27,1413.01,processed
955121,905121,2025-08-21,5884.19,
955122,905122,2024-12-15,4113.44,Failed
955123,905123,2024-05-11,9601.2,Failed
955124,905124,2024-03-02,25668.3,
955125,905125,2026-01-17,191.2,Processed
955126,905126,2025-03-09,2834.13,pending
955127,905127,2025-07-26,9894.75,Failed
955128,905128,2025-08-24,6053.39,processed
955129,905129,2024-09-06,2127.44,
955130,905130,2025-10-11,10722.05,Processed
955131,905131,2025-08-05,1110.27,Pending
955132,905132,2025-08-28,556.94,processed
955133,905133,2025-12-23,9682.46,Processed
955134,905134,2024-12-30,645.82,processed
955135,905135,2025-09-26,49150.63,
955136,905136,2025-11-08,27387.64,Processed
955137,905137,2025-08-11,1313.04,Processed
955138,905138,2025-05-14,5663.63,pending
955139,905139,2024-08-01,6248.87,Pending
955140,905140,2024-10-16,1961.32,Failed
955141,905141,2024-10-09,4238.19,Pending
955142,905142,2024-07-07,3877.68,processed
955143,905143,2024-06-06,2015.64,Failed
955144,905144,2024-07-18,5808.16,
955145,905145,2024-03-23,1983.6,
955146,905146,2025-04-07,11106.14,Pending
955147,905147,2025-06-07,4123.11,processed
955148,905148,2024-05-20,3379.79,processed
955149,905149,2024-12-30,6212.17,Failed
955150,905150,2025-05-02,1317.66,processed
955151,905151,2025-07-12,4415.74,Pending
955152,905152,2024-03-01,3914.99,Pending
955153,905153,2025-10-15,3861.58,pending
955154,905154,2024-11-22,2765.07,Pending
955155,905155,2024-11-12,476.92,pending
955156,905156,2024-07-27,1245.83,processed
955157,905157,2024-02-23,5803.53,Failed
955158,905158,2025-07-24,0.0,processed
955159,905159,2025-10-01,8549.4,Failed
955160,905160,2024-08-31,1131.0,pending
955161,905161,2025-12-18,1152.32,pending
955162,905162,2024-03-06,0.0,
955163,905163,2024-08-30,5711.46,Processed
955164,905164,2025-06-14,788.14,Processed
955165,905165,2025-09-23,1250.51,Pending
955166,905166,2025-12-06,20697.81,Pending
955167,905167,2025-08-03,20227.74,
955168,905168,2025-11-26,567.84,Pending
955169,905169,2025-04-30,4534.34,pending
955170,905170,2025-07-02,14858.21,Processed
955171,905171,2025-11-25,7640.83,
955172,905172,2024-08-29,12900.92,processed
955173,905173,2024-11-14,1446.86,processed
955174,905174,2024-06-04,7494.88,pending
955175,905175,2024-02-10,4298.8,Processed
955176,905176,2025-11-23,9070.28,
955177,905177,2025-06-29,8853.99,Processed
955178,905178,2025-07-20,9271.64,processed
955179,905179,2024-08-03,0.0,pending
955180,905180,2025-04-01,2506.69,Processed
955181,905181,2024-07-23,14710.76,Processed
955182,905182,2025-03-28,4860.62,Processed
955183,905183,2024-01-22,231.27,Failed
955184,905184,2024-10-27,1364.94,
955185,905185,2025-01-22,0.0,pending
955186,905186,2025-01-24,5191.27,
955187,905187,2025-12-14,6361.38,
955188,905188,2025-08-22,14119.38,Failed
955189,905189,2025-04-30,1008.23,Failed
955190,905190,2024-05-26,7318.83,
955191,905191,2025-08-04,3380.1,processed
955192,905192,2025-04-16,-500.0,processed
955193,905193,2024-09-13,3253.81,Pending
955194,905194,2024-11-25,888.12,processed
955195,905195,2025-06-15,6252.82,Processed
955196,905196,2024-03-08,4241.74,Failed
955197,905197,2025-07-04,-100.0,Pending
955198,905198,2025-10-06,663.55,Processed
955199,905199,2024-01-20,1477.16,Pending
955200,905200,2025-01-04,7187.36,Pending
955201,905201,2025-11-23,2773.42,
955202,905202,2025-11-06,11884.62,processed
955203,905203,2024-02-19,4254.35,Processed
955204,905204,2024-02-07,2118.92,Failed
955205,905205,2025-12-30,3050.59,pending
955206,905206,2025-03-09,3306.15,Processed
955207,905207,2024-06-10,4635.05,processed
955208,905208,2024-04-17,57730.19,pending
955209,905209,2024-08-23,7351.9,Processed
955210,905210,2025-11-24,2507.85,Processed
955211,905211,2025-03-19,3800.52,Processed
955212,905212,2024-03-09,1904.88,Failed
955213,905213,2025-04-08,5267.61,processed
955214,905214,2025-10-17,3181.28,pending
955215,905215,2024-12-12,669.21,processed
955216,905216,2025-04-14,4496.7,pending
955217,905217,2024-09-21,499.36,pending
955218,905218,2025-11-17,6175.57,Pending
955219,905219,2024-09-16,0.0,Pending
955220,905220,2025-09-15,20982.15,Pending
955221,905221,2025-09-28,3180.45,pending
955222,905222,2024-01-22,569.55,
955223,905223,2025-08-21,21144.46,
955224,905224,2025-02-23,5729.86,pending
955225,905225,2025-09-30,0.0,processed
955226,905226,2025-08-03,2403.86,Pending
955227,905227,2024-12-05,7941.14,
955228,905228,2024-08-13,1198.4,Processed
955229,905229,2025-02-27,8574.88,pending
955230,905230,2024-05-02,2550.45,Processed
955231,905231,2024-03-14,2657.94,Pending
955232,905232,2025-02-24,5037.19,
955233,905233,2024-01-23,1395.48,Processed
955234,905234,2025-12-14,7037.01,processed
955235,905235,2024-04-08,10395.74,pending
955236,905236,2025-02-08,1103.1,Failed
955237,905237,2025-12-31,0.0,
955238,905238,2024-07-03,2363.86,Processed
955239,905239,2024-11-26,34737.07,processed
955240,905240,2024-06-23,2413.19,Pending
955241,905241,2025-10-31,11493.2,
955242,905242,2025-10-10,0.0,Processed
955243,905243,2024-08-12,8731.96,Failed
955244,905244,2025-08-18,848.28,processed
955245,905245,2025-01-06,4600.65,Pending
955246,905246,2024-02-24,0.0,Processed
955247,905247,2025-08-24,1073.88,Pending
955248,905248,2025-01-01,4175.22,pending
955249,905249,2025-06-11,3210.26,Processed
955250,905250,2024-11-17,3095.97,processed
955251,905251,2025-05-30,999999.0,processed
955252,905252,2024-05-08,1369.97,processed
955253,905253,2025-08-05,3754.14,Processed
955254,905254,2025-08-31,0.0,Pending
955255,905255,2025-12-27,19607.92,Failed
955256,905256,2024-02-07,933.54,Processed
955257,905257,2024-08-02,6093.31,Processed
955258,905258,2024-09-28,20386.49,processed
955259,905259,2025-07-26,1253.83,
955260,905260,2024-03-03,12077.0,processed
955261,905261,2025-11-22,470.67,pending
955262,905262,2024-09-08,1598.2,Processed
955263,905263,2024-01-30,6243.49,pending
955264,905264,2025-04-14,981.35,pending
955265,905265,2024-06-04,1222.91,processed
955266,905266,2025-04-04,1609.35,
955267,905267,2025-07-11,17309.14,processed
955268,905268,2024-03-07,27426.73,Pending
955269,905269,2025-10-27,290.95,processed
955270,905270,2025-11-01,383.98,Pending
955271,905271,2024-09-01,11375.56,processed
955272,905272,2024-05-31,1568.15,pending
955273,905273,2024-03-15,1920.38,Failed
955274,905274,2024-10-19,3481.99,processed
955275,905275,2025-02-16,5160.5,Processed
955276,905276,2025-12-19,7502.91,Failed
955277,905277,2025-11-20,4105.35,
955278,905278,2024-10-16,1103.42,
955279,905279,2025-02-12,2030.21,pending
955280,905280,2025-10-24,3977.24,Failed
955281,905281,2024-11-26,2826.2,Processed
955282,905282,2024-10-31,853.22,Pending
955283,905283,2024-09-29,2425.41,Processed
955284,905284,2025-12-05,1461.22,
955285,905285,2025-10-03,717.75,pending
955286,905286,2025-04-12,27620.06,
955287,905287,2025-08-25,2828.62,Failed
955288,905288,2025-07-23,2338.75,
955289,905289,2024-08-03,361.06,pending
955290,905290,2024-12-20,1819.67,processed
955291,905291,2025-11-15,9678.77,Failed
955292,905292,2024-09-18,190.06,processed
955293,905293,2025-10-20,1783.54,Pending
955294,905294,2024-03-26,1093.53,processed
955295,905295,2024-11-25,5293.43,
955296,905296,2025-09-01,1599.53,
955297,905297,2025-10-08,581.05,processed
955298,905298,2024-05-27,1119.58,pending
955299,905299,2025-05-29,1193.93,Failed
955300,905300,2024-01-31,912.38,Failed
955301,905301,2025-11-17,1242.03,pending
955302,905302,2024-03-17,2038.57,Pending
955303,905303,2025-06-24,10415.38,Failed
955304,905304,2025-09-06,23112.13,Processed
955305,905305,2025-04-23,4105.45,Pending
955306,905306,2024-10-17,748.66,processed
955307,905307,2025-11-12,5998.74,Processed
955308,905308,2024-01-22,2455.51,Pending
955309,905309,2024-10-19,2238.05,Failed
955310,905310,2024-08-09,2008.19,Processed
955311,905311,2025-01-29,-500.0,Pending
955312,905312,2025-10-31,1201.19,Pending
955313,905313,2024-04-19,3661.56,Processed
955314,905314,2024-02-27,5167.84,
955315,905315,2024-10-23,3984.23,
955316,905316,2025-01-17,1590.99,
955317,905317,2024-03-31,1844.09,Failed
955318,905318,2024-04-06,18706.84,processed
955319,905319,2025-02-15,1274.57,pending
955320,905320,2024-12-26,11881.15,Pending
955321,905321,2024-10-22,25252.03,pending
955322,905322,2025-01-20,14068.17,Pending
955323,905323,2025-09-08,4492.09,Pending
955324,905324,2024-08-28,12945.56,Processed
955325,905325,2024-01-26,8054.59,
955326,905326,2024-04-09,8529.0,Processed
955327,905327,2024-05-23,13193.67,Processed
955328,905328,2024-02-01,405.19,processed
955329,905329,2024-06-27,953.33,Processed
955330,905330,2024-04-23,3197.71,Pending
955331,905331,2024-11-10,1001.08,pending
955332,905332,2024-06-10,832.25,Processed
955333,905333,2025-02-22,1984.41,
955334,905334,2025-04-26,226.14,pending
955335,905335,2025-07-20,13502.75,Processed
955336,905336,2024-03-05,2817.54,pending
955337,905337,2024-03-09,47881.1,
955338,905338,2025-01-15,5034.37,Processed
955339,905339,2024-01-29,2543.27,pending
955340,905340,2025-05-13,1218.17,Failed
955341,905341,2026-01-28,20758.45,Failed
955342,905342,2025-06-01,13700.61,Pending
955343,905343,2025-09-23,412.7,processed
955344,905344,2024-10-31,15982.99,pending
955345,905345,2024-06-22,778.56,
955346,905346,2025-09-02,4185.7,Processed
955347,905347,2024-02-21,3604.27,processed
955348,905348,2024-11-16,3361.54,Failed
955349,905349,2024-04-03,7240.92,Pending
955350,905350,2024-07-28,1244.22,Processed
955351,905351,2024-06-19,413.37,
955352,905352,2024-03-21,980.51,pending
955353,905353,2024-11-05,0.0,pending
955354,905354,2024-12-29,0.0,pending
955355,905355,2024-07-01,1973.81,processed
955356,905356,2024-12-22,1176.79,Failed
955357,905357,2024-05-19,3223.44,pending
955358,905358,2024-04-15,80532.93,processed
955359,905359,2025-08-27,16048.72,
955360,905360,2025-07-04,2144.33,Pending
955361,905361,2025-02-25,8767.42,Failed
955362,905362,2025-05-17,3730.54,Pending
955363,905363,2024-03-08,10997.14,pending
955364,905364,2024-08-12,376.15,Processed
955365,905365,2024-02-04,1175.66,Processed
955366,905366,2025-12-09,1768.64,Processed
955367,905367,2024-07-08,51889.22,Failed
955368,905368,2025-11-26,6309.52,processed
955369,905369,2025-08-19,5899.07,
955370,905370,2025-10-05,2698.6,Failed
955371,905371,2024-10-03,6327.22,
955372,905372,2024-02-19,1823.89,Processed
955373,905373,2024-09-28,2418.71,
955374,905374,2026-01-07,0.0,
955375,905375,2025-01-06,5599.13,Processed
955376,905376,2025-11-28,401.13,
955377,905377,2025-01-25,6386.58,Failed
955378,905378,2024-09-09,812.2,Failed
955379,905379,2025-07-10,12739.78,Failed
955380,905380,2025-10-22,1802.78,Pending
955381,905381,2025-09-04,1107.54,pending
955382,905382,2025-04-05,1862.05,pending
955383,905383,2025-06-15,2178.58,Failed
955384,905384,2025-01-30,3230.9,processed
955385,905385,2025-09-19,13889.2,Processed
955386,905386,2026-01-23,2735.88,Failed
955387,905387,2024-06-19,677.46,Failed
955388,905388,2025-01-11,2843.65,Pending
955389,905389,2025-04-24,4507.28,processed
955390,905390,2025-10-08,1189.1,processed
955391,905391,2024-07-21,42564.99,Failed
955392,905392,2025-07-24,1659.07,Processed
955393,905393,2024-06-20,6390.69,Failed
955394,905394,2025-04-03,29558.98,Processed
955395,905395,2024-07-23,3627.57,pending
955396,905396,2025-01-13,3389.16,Processed
955397,905397,2024-08-01,1727.47,pending
955398,905398,2025-06-29,0.0,Processed
955399,905399,2025-04-08,0.0,
955400,905400,2025-11-07,2258.6,Failed
955401,905401,2025-06-23,34306.67,Pending
955402,905402,2024-08-05,1306.77,pending
955403,905403,2024-09-22,4865.96,
955404,905404,2024-12-17,9872.84,
955405,905405,2025-10-06,9545.67,Processed
955406,905406,2025-11-05,6761.9,Processed
955407,905407,2024-10-24,27131.86,Failed
955408,905408,2025-09-20,12121.48,pending
955409,905409,2024-12-12,3848.57,Processed
955410,905410,2024-04-27,7822.66,
955411,905411,2025-04-08,2064.21,processed
955412,905412,2024-12-29,6201.89,Processed
955413,905413,2025-09-23,3362.59,processed
955414,905414,2024-02-07,1862.89,Processed
955415,905415,2025-07-20,5636.83,Processed
955416,905416,2025-04-13,5502.73,
955417,905417,2024-08-19,2185.53,Pending
955418,905418,2025-02-23,4540.44,pending
955419,905419,2024-04-21,552.4,pending
955420,905420,2024-11-13,8684.55,pending
955421,905421,2024-07-21,5007.59,Processed
955422,905422,2024-12-21,9395.2,Pending
955423,905423,2025-12-31,7862.32,processed
955424,905424,2024-02-20,4868.47,Failed
955425,905425,2024-08-07,1502.95,
955426,905426,2025-08-30,2695.47,processed
955427,905427,2025-10-13,3827.95,pending
955428,905428,2025-11-09,2827.89,pending
955429,905429,2025-02-19,2135.64,
955430,905430,2026-01-18,12391.08,pending
955431,905431,2025-02-01,4727.7,processed
955432,905432,2024-11-14,1038.48,processed
955433,905433,2025-09-17,1092.74,processed
955434,905434,2024-03-24,5088.77,Pending
955435,905435,2024-04-24,19738.91,
955436,905436,2024-04-17,451.81,Failed
955437,905437,2025-03-23,708.8,processed
955438,905438,2024-10-04,1356.15,Pending
955439,905439,2025-10-31,12737.58,Pending
955440,905440,2024-08-19,1068.97,pending
955441,905441,2025-02-24,7752.82,
955442,905442,2024-04-08,11873.18,pending
955443,905443,2024-08-06,4232.71,processed
955444,905444,2025-06-01,3775.02,
955445,905445,2024-02-28,11156.89,processed
955446,905446,2025-03-01,761.73,pending
955447,905447,2025-06-28,25679.42,pending
955448,905448,2024-05-13,3434.23,Failed
955449,905449,2024-01-26,4618.54,Pending
955450,905450,2024-08-30,1470.05,Failed
955451,905451,2024-11-08,3713.77,
955452,905452,2025-04-25,3460.64,pending
955453,905453,2024-12-12,4663.32,pending
955454,905454,2025-02-16,46773.48,
955455,905455,2025-05-20,7893.76,
955456,905456,2025-08-31,11805.78,
955457,905457,2024-03-19,9991.24,Pending
955458,905458,2025-09-07,4302.99,Processed
955459,905459,2024-08-01,5830.82,Failed
955460,905460,2025-11-27,2238.65,Pending
955461,905461,2025-12-03,9039.04,Processed
955462,905462,2024-08-30,999999.0,pending
955463,905463,2024-09-06,493.28,Failed
955464,905464,2024-12-09,936.49,
955465,905465,2024-12-15,4230.07,processed
955466,905466,2024-07-22,3242.46,processed
955467,905467,2024-07-02,25889.46,Processed
955468,905468,2024-11-08,116.56,pending
955469,905469,2025-10-03,5458.22,pending
955470,905470,2024-07-15,3181.21,Failed
955471,905471,2024-09-12,40486.88,Pending
955472,905472,2024-02-27,2844.25,Failed
955473,905473,2024-06-26,2495.85,pending
955474,905474,2025-12-08,477.66,Processed
955475,905475,2024-05-21,3987.96,processed
955476,905476,2026-01-11,1225.56,Pending
955477,905477,2024-12-04,4669.57,pending
955478,905478,2025-05-26,-100.0,pending
955479,905479,2025-12-02,28899.63,
955480,905480,2025-11-13,814.23,Pending
955481,905481,2025-12-28,432.07,processed
955482,905482,2024-03-28,6427.6,Processed
955483,905483,2026-01-15,1825.66,Pending
955484,905484,2024-10-15,1824.82,Pending
955485,905485,2025-03-26,1940.98,Pending
955486,905486,2026-01-03,1706.87,Processed
955487,905487,2025-07-29,6844.57,pending
955488,905488,2025-02-04,1473.94,Failed
955489,905489,2025-01-30,1916.39,processed
955490,905490,2025-06-16,601.8,
955491,905491,2025-02-27,8051.47,
955492,905492,2024-01-30,11003.98,Pending
955493,905493,2025-10-31,3854.66,
955494,905494,2024-04-23,3360.41,Failed
955495,905495,2024-11-05,3670.26,pending
955496,905496,2025-05-16,651.9,Pending
955497,905497,2025-04-01,13974.11,
955498,905498,2024-10-04,8105.1,pending
955499,905499,2025-08-13,3594.98,Pending
955500,905500,2025-01-07,1741.69,Failed
955501,905501,2025-01-06,1597.28,pending
955502,905502,2025-03-12,7437.01,Pending
955503,905503,2024-06-14,0.0,
955504,905504,2025-11-19,4488.6,Failed
955505,905505,2025-11-14,36454.55,
955506,905506,2025-01-01,3472.05,Processed
955507,905507,2025-09-10,3529.4,
955508,905508,2025-07-03,22688.1,
955509,905509,2025-02-06,1742.63,Processed
955510,905510,2025-09-18,937.3,Processed
955511,905511,2026-01-02,9747.49,processed
955512,905512,2025-09-26,762.54,pending
955513,905513,2025-11-16,2983.82,Pending
955514,905514,2024-10-29,2770.84,processed
955515,905515,2024-01-30,34888.0,Processed
955516,905516,2025-11-09,2934.1,Processed
955517,905517,2024-11-20,6334.73,processed
955518,905518,2025-07-12,10653.78,pending
955519,905519,2025-09-09,1958.23,Failed
955520,905520,2025-09-02,1407.05,
955521,905521,2025-07-09,1043.89,
955522,905522,2025-06-01,5045.44,processed
955523,905523,2025-03-29,5764.72,processed
955524,905524,2025-09-10,8001.34,
955525,905525,2024-08-11,12050.95,Failed
955526,905526,2024-12-06,4475.65,Failed
955527,905527,2024-12-29,9078.2,processed
955528,905528,2024-03-22,5555.07,pending
955529,905529,2024-04-13,1141.44,processed
955530,905530,2024-10-31,3939.77,Processed
955531,905531,2024-02-04,6408.3,
955532,905532,2024-10-21,5140.73,processed
955533,905533,2024-02-13,5025.14,Failed
955534,905534,2024-11-24,999999.0,Processed
955535,905535,2025-06-07,15505.41,Pending
955536,905536,2024-11-29,18430.77,Pending
955537,905537,2024-12-26,720.64,Pending
955538,905538,2024-10-29,3646.49,pending
955539,905539,2024-01-21,960.03,pending
955540,905540,2024-04-09,2016.31,
955541,905541,2024-04-08,1454.79,
955542,905542,2024-03-16,0.0,Pending
955543,905543,2025-11-13,7054.45,
955544,905544,2024-01-28,2232.33,Pending
955545,905545,2025-12-30,3645.63,Failed
955546,905546,2024-10-12,19514.86,Failed
955547,905547,2025-03-11,9020.72,pending
955548,905548,2025-04-05,3971.52,
955549,905549,2024-07-24,4459.3,pending
955550,905550,2024-07-17,0.0,processed
955551,905551,2025-06-26,1316.31,Failed
955552,905552,2025-08-16,11544.95,Processed
955553,905553,2024-10-21,11481.7,
955554,905554,2025-09-12,21478.7,
955555,905555,2026-01-12,4435.96,Failed
955556,905556,2025-09-02,4091.79,Failed
955557,905557,2024-12-09,385.07,Processed
955558,905558,2024-11-07,987.62,Pending
955559,905559,2024-11-25,2608.43,
955560,905560,2025-03-01,1428.18,pending
955561,905561,2025-05-29,4139.86,processed
955562,905562,2025-10-29,6091.59,Pending
955563,905563,2024-11-17,8655.11,
955564,905564,2025-12-25,4973.83,processed
955565,905565,2025-10-30,2232.52,pending
955566,905566,2024-07-17,10066.55,processed
955567,905567,2025-04-09,9312.2,
955568,905568,2025-10-24,0.0,Pending
955569,905569,2025-11-11,14857.77,Processed
955570,905570,2025-08-09,886.93,processed
955571,905571,2025-07-29,8419.73,Pending
955572,905572,2024-12-13,789.31,Processed
955573,905573,2024-05-07,3240.48,Failed
955574,905574,2024-04-01,2635.19,processed
955575,905575,2025-12-16,2423.07,Processed
955576,905576,2024-09-18,0.0,processed
955577,905577,2024-04-14,2327.88,
955578,905578,2024-02-25,1568.81,Processed
955579,905579,2025-07-27,721.19,Pending
955580,905580,2025-11-13,2390.21,Pending
955581,905581,2025-08-24,0.0,processed
955582,905582,2024-09-17,1032.82,Failed
955583,905583,2024-11-20,7873.76,Processed
955584,905584,2024-12-29,7758.3,pending
955585,905585,2025-09-11,20186.02,Pending
955586,905586,2024-04-12,1481.85,
955587,905587,2024-02-16,3731.18,Failed
955588,905588,2024-08-27,2588.29,Pending
955589,905589,2024-07-30,2070.03,
955590,905590,2024-09-10,3543.79,Processed
955591,905591,2025-12-19,616.86,Processed
955592,905592,2025-03-03,1341.29,Failed
955593,905593,2024-07-29,20415.77,
955594,905594,2025-05-21,1110.51,pending
955595,905595,2024-01-04,4049.5,Pending
955596,905596,2025-06-10,4342.04,Pending
955597,905597,2025-06-08,2555.57,Processed
955598,905598,2025-07-25,4621.31,Failed
955599,905599,2025-08-23,9558.32,processed
955600,905600,2025-05-06,234.8,Processed
955601,905601,2025-11-24,6279.16,Failed
955602,905602,2025-12-17,8670.19,Failed
955603,905603,2024-04-12,1206.09,processed
955604,905604,2025-05-25,2597.03,Pending
955605,905605,2024-07-25,435.21,
955606,905606,2024-10-17,3918.23,Pending
955607,905607,2024-11-14,3886.33,Pending
955608,905608,2025-09-14,768.61,processed
955609,905609,2024-12-08,3485.64,Processed
955610,905610,2025-04-27,5273.67,pending
955611,905611,2024-09-07,1265.28,pending
955612,905612,2024-09-06,1649.0,pending
955613,905613,2024-07-07,0.0,Failed
955614,905614,2025-04-19,1239.63,processed
955615,905615,2025-02-05,2094.18,Processed
955616,905616,2024-10-21,1065.02,
955617,905617,2024-12-21,6037.94,Pending
955618,905618,2025-02-19,13573.23,Processed
955619,905619,2024-03-26,0.0,pending
955620,905620,2025-09-15,4147.08,Failed
955621,905621,2025-02-16,9590.75,
955622,905622,2025-01-14,6046.54,Processed
955623,905623,2025-08-10,3962.47,Failed
955624,905624,2024-03-17,500000.0,
955625,905625,2025-12-13,7925.04,Processed
955626,905626,2025-08-16,19239.65,processed
955627,905627,2025-04-22,24816.03,Failed
955628,905628,2025-04-22,3169.13,Processed
955629,905629,2025-02-12,5741.18,pending
955630,905630,2024-01-23,8632.73,Failed
955631,905631,2024-09-22,1879.08,Pending
955632,905632,2024-06-13,780.32,Pending
955633,905633,2024-06-17,13997.94,Processed
955634,905634,2025-10-26,4947.6,
955635,905635,2025-03-28,535.12,pending
955636,905636,2024-05-26,7421.95,
955637,905637,2025-01-18,43867.79,Processed
955638,905638,2025-10-25,3919.32,Processed
955639,905639,2025-03-10,7891.77,pending
955640,905640,2024-08-13,0.0,Pending
955641,905641,2024-03-02,32574.51,Pending
955642,905642,2024-02-23,3618.64,processed
955643,905643,2024-03-14,2438.72,processed
955644,905644,2024-10-13,3955.03,Processed
955645,905645,2024-06-27,1919.47,processed
955646,905646,2024-09-03,18153.77,Pending
955647,905647,2024-05-11,682.42,Processed
955648,905648,2024-10-23,26084.87,Pending
955649,905649,2025-07-18,4653.2,Failed
955650,905650,2024-02-10,3190.88,processed
955651,905651,2024-08-31,3429.71,Processed
955652,905652,2025-06-26,1348.59,processed
955653,905653,2025-03-25,6447.78,Pending
955654,905654,2024-05-12,1407.19,Failed
955655,905655,2025-03-28,3440.59,Failed
955656,905656,2024-02-29,1073.45,Pending
955657,905657,2024-07-30,2176.88,Failed
955658,905658,2024-02-16,938.17,
955659,905659,2025-05-19,999999.0,
955660,905660,2024-04-18,1020.99,processed
955661,905661,2024-11-17,2575.97,Pending
955662,905662,2024-06-18,1749.35,processed
955663,905663,2025-01-05,1405.66,pending
955664,905664,2024-11-18,4610.87,processed
955665,905665,2025-02-27,727.75,
955666,905666,2025-09-05,0.0,pending
955667,905667,2025-02-24,502.18,
955668,905668,2024-08-14,1396.42,Failed
955669,905669,2024-11-28,8776.37,
955670,905670,2025-12-23,1020.5,Pending
955671,905671,2024-02-06,3232.49,pending
955672,905672,2025-12-15,10023.96,
955673,905673,2025-03-02,15786.08,Processed
955674,905674,2024-09-22,1481.72,Failed
955675,905675,2025-04-21,10157.38,Processed
955676,905676,2025-05-23,636.8,
955677,905677,2024-08-13,1054.29,processed
955678,905678,2025-11-18,13361.92,Processed
955679,905679,2024-12-06,3011.91,Processed
955680,905680,2024-03-06,2903.95,Failed
955681,905681,2024-04-26,4953.72,Pending
955682,905682,2025-05-23,868.52,pending
955683,905683,2025-08-03,2090.96,Processed
955684,905684,2024-07-21,676.53,processed
955685,905685,2025-11-07,1568.54,processed
955686,905686,2025-09-18,8200.43,Failed
955687,905687,2024-04-10,2962.86,pending
955688,905688,2024-06-05,2083.06,processed
955689,905689,2026-01-06,803.87,processed
955690,905690,2025-07-29,4823.88,Processed
955691,905691,2024-02-02,-500.0,Processed
955692,905692,2025-12-07,11578.36,pending
955693,905693,2024-08-27,3921.79,Failed
955694,905694,2025-06-04,2580.22,Failed
955695,905695,2025-06-26,1787.08,Processed
955696,905696,2024-04-21,2812.66,Processed
955697,905697,2024-02-19,657.32,processed
955698,905698,2024-10-27,20976.93,Pending
955699,905699,2025-07-31,3945.89,Pending
955700,905700,2024-05-06,1479.54,Processed
955701,905701,2024-11-05,1921.25,Pending
955702,905702,2025-11-28,3181.15,Processed
955703,905703,2025-04-01,4346.29,processed
955704,905704,2025-08-12,6344.47,processed
955705,905705,2024-12-25,4824.96,pending
955706,905706,2024-03-14,6845.56,Processed
955707,905707,2024-02-04,922.56,
955708,905708,2024-07-28,1858.35,Processed
955709,905709,2025-05-07,2055.35,Pending
955710,905710,2024-10-20,670.97,Processed
955711,905711,2024-09-25,824.32,Failed
955712,905712,2024-01-25,742.1,Processed
955713,905713,2024-06-13,785.32,Failed
955714,905714,2024-06-11,2918.28,pending
955715,905715,2025-10-04,2021.18,Pending
955716,905716,2025-05-23,1573.53,Pending
955717,905717,2024-01-15,5069.82,Failed
955718,905718,2026-01-02,2148.31,Failed
955719,905719,2024-12-31,11840.15,Pending
955720,905720,2025-09-12,1943.72,pending
955721,905721,2025-03-10,5630.96,Processed
955722,905722,2024-08-31,9859.53,Processed
955723,905723,2024-04-21,1157.89,Processed
955724,905724,2025-09-12,-100.0,Processed
955725,905725,2026-01-11,1615.16,Failed
955726,905726,2025-06-05,5453.71,Pending
955727,905727,2025-12-30,6155.21,Failed
955728,905728,2025-11-09,11010.45,Pending
955729,905729,2025-08-07,4683.46,Processed
955730,905730,2025-07-18,0.0,pending
955731,905731,2025-10-13,9130.66,processed
955732,905732,2024-03-03,11244.14,pending
955733,905733,2025-05-13,1024.75,Pending
955734,905734,2024-10-03,11187.33,Failed
955735,905735,2025-02-15,999999.0,pending
955736,905736,2025-07-08,5353.16,processed
955737,905737,2025-05-24,367.72,Processed
955738,905738,2025-11-03,2318.63,processed
955739,905739,2024-07-13,31052.84,processed
955740,905740,2024-02-01,1485.3,pending
955741,905741,2026-01-06,1221.23,
955742,905742,2024-08-15,2561.54,Processed
955743,905743,2024-05-11,982.76,
955744,905744,2025-06-09,902.74,pending
955745,905745,2024-04-21,3009.32,Processed
955746,905746,2025-08-16,8672.59,Pending
955747,905747,2024-11-01,2734.87,pending
955748,905748,2025-05-27,3900.61,pending
955749,905749,2025-09-21,3814.41,Processed
955750,905750,2024-12-22,2349.66,processed
955751,905751,2024-05-03,0.0,
955752,905752,2024-07-23,0.0,processed
955753,905753,2025-05-29,23166.73,Pending
955754,905754,2024-11-24,1055.58,Failed
955755,905755,2024-12-18,9800.34,pending
955756,905756,2025-05-14,4291.78,Pending
955757,905757,2024-05-01,5354.92,Pending
955758,905758,2024-11-16,6205.14,
955759,905759,2024-01-28,1628.0,processed
955760,905760,2024-04-13,1744.51,
955761,905761,2025-03-13,1622628.25,Failed
955762,905762,2025-01-12,8212.03,pending
955763,905763,2025-03-14,1334.86,
955764,905764,2024-04-09,3843.01,Processed
955765,905765,2024-03-24,3813.47,pending
955766,905766,2024-05-19,7126.85,processed
955767,905767,2025-06-09,2075.66,Failed
955768,905768,2024-09-12,1856.39,Processed
955769,905769,2024-01-11,0.0,processed
955770,905770,2025-10-10,10777.29,Pending
955771,905771,2025-04-25,3492.67,pending
955772,905772,2024-03-22,718470.17,processed
955773,905773,2024-11-10,4520.04,Failed
955774,905774,2025-05-24,11056.89,pending
955775,905775,2025-12-13,4140.36,Processed
955776,905776,2024-08-22,6121.04,
955777,905777,2024-02-10,22557.12,Failed
955778,905778,2025-08-28,2034.88,Pending
955779,905779,2024-02-03,973.68,Processed
955780,905780,2025-03-18,947.43,Failed
955781,905781,2025-01-13,6071.0,Processed
955782,905782,2025-11-26,651.88,pending
955783,905783,2025-05-29,6859.72,Processed
955784,905784,2025-12-29,3888.14,pending
955785,905785,2024-08-25,4340.84,pending
955786,905786,2024-07-11,982.16,pending
955787,905787,2025-10-28,0.0,processed
955788,905788,2024-12-20,235.11,Processed
955789,905789,2024-04-01,999999.0,Pending
955790,905790,2025-11-16,5109.61,Processed
955791,905791,2024-10-18,3436.82,Processed
955792,905792,2024-03-09,4690.42,Failed
955793,905793,2025-07-29,28120.2,
955794,905794,2025-07-04,934.42,Processed
955795,905795,2025-01-07,1979.01,pending
955796,905796,2024-11-13,1523.96,Failed
955797,905797,2024-01-27,2195.19,
955798,905798,2024-12-29,2157.22,
955799,905799,2024-07-16,9421.21,processed
955800,905800,2024-05-08,1656.83,
955801,905801,2025-07-01,4580.67,pending
955802,905802,2024-07-04,1684.46,Processed
955803,905803,2024-06-13,3422.42,Processed
955804,905804,2024-08-27,3785.44,
955805,905805,2025-09-25,2830.9,Processed
955806,905806,2025-09-28,9148.36,pending
955807,905807,2024-08-21,5104.65,pending
955808,905808,2024-07-06,15870.06,
955809,905809,2025-02-28,8725.13,Processed
955810,905810,2024-02-19,3069.92,
955811,905811,2024-10-19,4103.49,
955812,905812,2024-05-19,6944.49,processed
955813,905813,2025-03-02,544.21,
955814,905814,2024-05-24,738.78,Processed
955815,905815,2025-09-22,4051.52,Pending
955816,905816,2025-09-26,2577.59,Processed
955817,905817,2025-11-03,311.0,pending
955818,905818,2025-02-13,17555.82,processed
955819,905819,2024-08-14,35884.84,Processed
955820,905820,2024-02-08,18010.23,Failed
955821,905821,2025-01-28,718.25,pending
955822,905822,2025-12-07,5791.39,pending
955823,905823,2025-05-30,3145412.99,Processed
955824,905824,2024-02-23,1313.22,Processed
955825,905825,2024-12-18,17595.21,Processed
955826,905826,2024-03-08,8198.16,Failed
955827,905827,2025-05-19,3615.51,Failed
955828,905828,2024-08-03,5602.38,Pending
955829,905829,2024-05-16,6807.56,Pending
955830,905830,2024-05-12,2725.23,Pending
955831,905831,2024-11-13,2538.31,
955832,905832,2024-01-26,19533.68,Pending
955833,905833,2024-03-12,1258.92,Failed
955834,905834,2025-03-02,878.53,
955835,905835,2025-11-04,2547.17,Failed
955836,905836,2025-09-08,4648.42,Failed
955837,905837,2025-09-09,1283.58,Processed
955838,905838,2025-09-28,756.1,processed
955839,905839,2024-05-27,1290.37,Processed
955840,905840,2024-10-26,608.81,pending
955841,905841,2025-02-23,6357.49,pending
955842,905842,2024-11-02,302.61,
955843,905843,2025-06-10,105773.95,Processed
955844,905844,2025-02-05,2667.79,Pending
955845,905845,2024-09-08,8671.44,pending
955846,905846,2025-05-04,1508.9,Processed
955847,905847,2024-07-03,5972.31,processed
955848,905848,2024-03-17,4590.57,pending
955849,905849,2025-04-24,1519.64,processed
955850,905850,2024-01-24,7940.84,processed
955851,905851,2025-11-23,1552.41,pending
955852,905852,2024-08-10,4092.73,
955853,905853,2024-07-27,20165.88,Pending
955854,905854,2025-10-02,606.24,processed
955855,905855,2024-02-19,2363.65,Processed
955856,905856,2025-04-28,2459.25,pending
955857,905857,2024-10-10,6443.34,Failed
955858,905858,2025-01-23,3660.84,Processed
955859,905859,2024-10-27,3397.74,processed
955860,905860,2025-06-21,1542.33,
955861,905861,2025-09-15,2336.91,processed
955862,905862,2024-10-17,1365.46,Processed
955863,905863,2023-11-05,55992.72,pending
955864,905864,2025-03-06,-100.0,Pending
955865,905865,2025-06-04,824.29,
955866,905866,2025-09-16,3667.37,
955867,905867,2025-06-07,2516.32,
955868,905868,2024-05-10,7628.63,Processed
955869,905869,2025-03-28,2414.89,Pending
955870,905870,2024-10-12,6237.82,Processed
955871,905871,2024-03-08,11496.39,Processed
955872,905872,2025-12-09,3140.14,Processed
955873,905873,2024-02-07,0.0,pending
955874,905874,2025-05-06,552.49,Pending
955875,905875,2024-03-23,9699.47,Failed
955876,905876,2026-01-19,4394.63,Failed
955877,905877,2024-12-27,2387.02,pending
955878,905878,2024-03-24,2245.61,Processed
955879,905879,2025-11-02,29835.89,Pending
955880,905880,2024-02-18,5248.34,
955881,905881,2024-04-06,15663.17,Pending
955882,905882,2025-12-26,1824.31,pending
955883,905883,2025-11-21,3635.82,Failed
955884,905884,2025-07-31,32313.02,Failed
955885,905885,2025-07-03,1305146.64,pending
955886,905886,2025-09-13,1370.31,pending
955887,905887,2025-07-06,906.82,processed
955888,905888,2025-12-26,12876.24,Processed
955889,905889,2024-01-04,308.63,pending
955890,905890,2024-10-11,21555.17,Pending
955891,905891,2025-12-12,15756.8,pending
955892,905892,2024-08-14,3005.1,pending
955893,905893,2024-12-04,344.49,Failed
955894,905894,2024-10-23,1924.74,Pending
955895,905895,2024-05-09,7553.26,Pending
955896,905896,2024-02-15,2538.44,Pending
955897,905897,2024-06-13,0.0,Processed
955898,905898,2025-08-11,20974.52,Pending
955899,905899,2024-03-03,4570.17,
955900,905900,2024-06-11,477.99,pending
955901,905901,2024-05-31,10428.15,processed
955902,905902,2024-05-04,1020.92,
955903,905903,2025-10-29,962.38,
955904,905904,2024-10-27,32722.41,
955905,905905,2024-02-05,5089.23,pending
955906,905906,2024-07-28,368.28,processed
955907,905907,2025-12-10,8825.29,pending
955908,905908,2024-12-13,-100.0,
955909,905909,2024-05-22,2707.4,processed
955910,905910,2025-06-27,431.83,Pending
955911,905911,2024-11-24,3983082.01,Pending
955912,905912,2025-12-19,9439.99,Processed
955913,905913,2024-11-02,2542.54,Processed
955914,905914,2025-01-28,5649.87,Pending
955915,905915,2024-11-18,2127.33,Processed
955916,905916,2024-03-10,4835.04,Failed
955917,905917,2025-07-05,3992.26,
955918,905918,2025-06-12,13497.08,pending
955919,905919,2026-01-13,0.0,pending
955920,905920,2025-01-24,2381.89,processed
955921,905921,2024-08-27,4131.27,Failed
955922,905922,2024-10-14,701.53,
955923,905923,2024-11-30,1197.12,Pending
955924,905924,2025-11-07,2539.71,
955925,905925,2025-02-04,0.0,Pending
955926,905926,2024-09-24,1231790.25,processed
955927,905927,2025-04-10,4936.75,
955928,905928,2025-02-11,21407.43,Failed
955929,905929,2024-02-22,7254.89,Pending
955930,905930,2025-12-17,4437.82,Failed
955931,905931,2024-12-23,9954.25,Failed
955932,905932,2025-03-31,1632.64,pending
955933,905933,2024-06-16,2204897.04,Pending
955934,905934,2024-10-29,3065.34,Processed
955935,905935,2026-01-21,2018.45,processed
955936,905936,2024-01-08,28969.22,processed
955937,905937,2025-02-09,1637.79,pending
955938,905938,2025-11-16,1122.61,
955939,905939,2025-02-06,0.0,Processed
955940,905940,2024-07-11,1799236.44,pending
955941,905941,2025-01-19,7216.53,Failed
955942,905942,2024-04-10,278.02,Failed
955943,905943,2024-12-17,547.3,pending
955944,905944,2024-01-17,8308.36,Pending
955945,905945,2025-05-11,2708.83,Processed
955946,905946,2024-03-09,18440.24,
955947,905947,2024-08-02,3966.74,Pending
955948,905948,2024-08-04,1335.37,Processed
955949,905949,2024-07-12,3872.57,pending
955950,905950,2024-02-10,2887.51,pending
955951,905951,2025-07-09,1949.95,
955952,905952,2024-02-26,13022.84,Pending
955953,905953,2024-04-18,17602.56,Failed
955954,905954,2025-05-26,3565.67,processed
955955,905955,2025-12-31,1792.29,processed
955956,905956,2025-07-06,259.57,pending
955957,905957,2025-03-06,1196.0,Pending
955958,905958,2024-06-13,1466.12,processed
955959,905959,2025-06-07,11088.43,pending
955960,905960,2025-05-03,1671.27,Pending
955961,905961,2025-05-17,922.85,Processed
955962,905962,2025-06-05,1535498.99,Pending
955963,905963,2025-11-27,2289.01,Pending
955964,905964,2025-07-08,6803.52,Processed
955965,905965,2025-01-16,0.0,pending
955966,905966,2024-03-11,999999.0,pending
955967,905967,2025-04-17,3470.18,
955968,905968,2024-11-06,1814.55,processed
955969,905969,2026-01-10,1640.17,pending
955970,905970,2024-03-03,5987.44,Pending
955971,905971,2025-12-23,5920.24,Pending
955972,905972,2025-02-25,20644.04,processed
955973,905973,2025-02-06,9829.21,processed
955974,905974,2024-07-15,1117.69,
955975,905975,2024-07-29,0.0,
955976,905976,2025-02-28,1972.71,
955977,905977,2025-02-11,12921.23,processed
955978,905978,2025-07-23,27190.11,processed
955979,905979,2024-12-20,5372.27,Pending
955980,905980,2025-01-05,1523.9,Processed
955981,905981,2024-12-02,11219.71,
955982,905982,2024-10-21,18972.42,Processed
955983,905983,2025-10-02,376.91,Processed
955984,905984,2025-07-26,21391.23,
955985,905985,2024-05-12,1832.17,
955986,905986,2024-11-08,1064.69,Processed
955987,905987,2024-06-28,3315.9,processed
955988,905988,2026-01-16,2519.04,pending
955989,905989,2025-11-10,1900.6,pending
955990,905990,2024-07-29,36551.84,
955991,905991,2025-04-12,13896.46,
955992,905992,2025-04-04,21151.01,Processed
955993,905993,2024-01-17,4700.13,
955994,905994,2024-04-04,-500.0,Processed
955995,905995,2025-10-14,223.87,
955996,905996,2025-12-13,25635.09,processed
955997,905997,2025-12-16,13172.49,Processed
955998,905998,2025-06-25,2323.88,Processed
955999,905999,2025-08-03,2949.75,processed
956000,906000,2024-12-08,138579.21,processed
956001,906001,2024-05-12,1312.45,Failed
956002,906002,2024-03-20,1660.04,Failed
956003,906003,2024-04-10,2474.16,
956004,906004,2026-01-19,3623.08,Pending
956005,906005,2026-01-20,3263.39,pending
956006,906006,2024-05-19,1754.96,Pending
956007,906007,2024-11-27,3382.44,Failed
956008,906008,2025-04-04,12136.68,processed
956009,906009,2024-07-11,2433.61,pending
956010,906010,2025-06-06,3636.8,pending
956011,906011,2025-03-24,6799.25,processed
956012,906012,2024-10-18,16519.56,
956013,906013,2024-11-06,1701.78,processed
956014,906014,2025-09-15,7902.91,processed
956015,906015,2025-01-31,498.76,processed
956016,906016,2024-10-01,4846.68,Failed
956017,906017,2024-05-12,1061.76,Failed
956018,906018,2024-04-01,3055.15,Processed
956019,906019,2024-02-28,5727.71,pending
956020,906020,2025-04-30,475.27,Processed
956021,906021,2026-01-14,5752.62,Processed
956022,906022,2025-01-13,0.0,Failed
956023,906023,2024-01-12,1143.85,Failed
956024,906024,2024-07-25,3537.7,Processed
956025,906025,2025-05-23,411.63,Pending
956026,906026,2025-12-25,10642.55,Processed
956027,906027,2024-01-31,470.66,Pending
956028,906028,2024-11-26,862.8,Processed
956029,906029,2024-03-14,2708.1,Pending
956030,906030,2024-11-07,5052.34,pending
956031,906031,2025-01-26,11520.21,pending
956032,906032,2024-03-10,749.89,Processed
956033,906033,2025-12-06,1763.71,processed
956034,906034,2024-03-08,6124.78,Pending
956035,906035,2025-08-30,16512.33,Processed
956036,906036,2024-04-17,5178.42,Processed
956037,906037,2024-09-10,5773.52,processed
956038,906038,2025-03-07,1518.88,processed
956039,906039,2024-02-22,0.0,pending
956040,906040,2024-12-12,500000.0,
956041,906041,2024-05-26,10716.62,Failed
956042,906042,2025-06-12,5391.89,Processed
956043,906043,2025-07-31,2768.31,
956044,906044,2024-03-12,15349.54,Pending
956045,906045,2025-01-15,8779.89,processed
956046,906046,2024-02-17,4947.07,processed
956047,906047,2025-02-15,2897.64,Pending
956048,906048,2024-08-29,10635.22,Processed
956049,906049,2025-08-19,2648.77,processed
956050,906050,2025-01-10,5506.9,pending
956051,906051,2024-07-28,4961.78,processed
956052,906052,2025-03-29,4813.44,Processed
956053,906053,2025-09-16,2951.75,
956054,906054,2024-10-19,4066.04,Processed
956055,906055,2024-05-17,0.0,pending
956056,906056,2024-10-29,1295.93,Processed
956057,906057,2024-06-18,4920.58,
956058,906058,2026-01-03,20987.75,processed
956059,906059,2025-03-21,7694.58,Pending
956060,906060,2025-10-14,3017.63,Pending
956061,906061,2024-06-10,2468.45,Processed
956062,906062,2024-12-22,1054.04,pending
956063,906063,2024-04-21,4935.2,Processed
956064,906064,2025-07-23,1041.95,Failed
956065,906065,2024-04-18,442.07,pending
956066,906066,2025-09-06,22139.71,Pending
956067,906067,2025-01-31,3295.74,Processed
956068,906068,2024-03-28,1324.01,Pending
956069,906069,2025-11-18,5079.59,processed
956070,906070,2025-07-29,1572.19,Failed
956071,906071,2024-11-29,4104.8,Pending
956072,906072,2025-04-29,407.12,Processed
956073,906073,2024-10-14,1668.21,
956074,906074,2024-05-18,2937.99,Processed
956075,906075,2024-03-06,6916.66,Failed
956076,906076,2025-10-23,4323.98,pending
956077,906077,2025-12-21,1340.64,processed
956078,906078,2024-12-29,2171.14,Failed
956079,906079,2024-08-21,622.05,Processed
956080,906080,2024-01-25,5996.28,Failed
956081,906081,2024-02-01,5663.69,Pending
956082,906082,2025-08-21,857.31,Pending
956083,906083,2024-02-04,3427.98,Pending
956084,906084,2025-12-27,13485.01,processed
956085,906085,2024-09-29,1861.15,
956086,906086,2024-12-27,2836.25,
956087,906087,2024-08-18,3222.19,pending
956088,906088,2024-11-09,1164.04,
956089,906089,2024-05-31,8203.58,processed
956090,906090,2024-05-28,6372.52,processed
956091,906091,2024-07-06,32505.94,pending
956092,906092,2024-08-13,3614.81,pending
956093,906093,2024-12-17,4096.32,
956094,906094,2025-11-19,799.48,processed
956095,906095,2025-01-07,9890.92,Processed
956096,906096,2024-09-07,6349.13,pending
956097,906097,2025-08-07,5258.15,Failed
956098,906098,2024-06-16,2569.98,Failed
956099,906099,2025-10-07,4364345.06,Pending
956100,906100,2024-04-08,6574.13,processed
956101,906101,2025-08-16,2531.8,processed
956102,906102,2024-06-16,2275.83,pending
956103,906103,2025-10-09,11075.97,processed
956104,906104,2024-05-20,2522.09,Pending
956105,906105,2024-06-18,3275.38,Pending
956106,906106,2024-01-17,823.27,pending
956107,906107,2025-12-18,500000.0,
956108,906108,2024-06-25,610.37,
956109,906109,2024-06-19,1001.23,
956110,906110,2024-12-08,1866.45,Failed
956111,906111,2024-09-22,1132.97,pending
956112,906112,2024-02-07,1266.65,Pending
956113,906113,2024-02-15,2323.79,Pending
956114,906114,2024-12-27,0.0,Failed
956115,906115,2025-06-10,9401.82,
956116,906116,2024-06-01,1268.72,
956117,906117,2024-07-04,1833.44,pending
956118,906118,2024-11-10,780.44,
956119,906119,2024-08-12,2466.65,Processed
956120,906120,2025-12-11,4755.6,processed
956121,906121,2024-05-31,8374.12,Processed
956122,906122,2025-01-30,2369.49,
956123,906123,2024-05-22,1268.6,processed
956124,906124,2024-12-09,1784.28,processed
956125,906125,2024-07-21,6813.91,Failed
956126,906126,2024-09-21,1817.17,
956127,906127,2024-07-09,1596.13,Failed
956128,906128,2024-12-11,4869.3,pending
956129,906129,2025-03-29,3031.07,Processed
956130,906130,2024-03-13,0.0,pending
956131,906131,2025-08-27,2657.76,Failed
956132,906132,2025-08-13,2457.82,processed
956133,906133,2024-01-29,6000.75,pending
956134,906134,2024-04-28,15992.52,pending
956135,906135,2024-10-14,20952.35,Processed
956136,906136,2025-07-06,3898.62,Failed
956137,906137,2025-11-13,5253.31,Pending
956138,906138,2025-06-10,26005.69,Processed
956139,906139,2025-01-16,1416.31,Processed
956140,906140,2024-08-02,2643.14,Pending
956141,906141,2026-01-15,642652.09,processed
956142,906142,2024-11-09,4933.73,processed
956143,906143,2024-03-18,456.9,pending
956144,906144,2024-01-15,17541.63,Processed
956145,906145,2026-01-25,0.0,Processed
956146,906146,2025-01-06,3486.87,
956147,906147,2024-08-09,1249.75,Failed
956148,906148,2024-08-02,6424.56,
956149,906149,2025-10-31,874.22,pending
956150,906150,2024-05-08,6831.96,Pending
956151,906151,2025-10-06,2076.62,Pending
956152,906152,2025-11-22,0.0,processed
956153,906153,2025-12-14,2358.29,Processed
956154,906154,2024-10-29,548.31,pending
956155,906155,2025-07-26,23028.45,pending
956156,906156,2025-06-10,1670.4,processed
956157,906157,2026-01-05,29688.95,Pending
956158,906158,2025-02-03,5120.85,pending
956159,906159,2025-10-06,1751.28,Failed
956160,906160,2024-02-24,1828.77,Failed
956161,906161,2025-05-12,479.62,processed
956162,906162,2025-02-20,13638.19,processed
956163,906163,2025-05-28,12604.96,Processed
956164,906164,2025-05-05,6312.65,
956165,906165,2025-09-18,9943.4,pending
956166,906166,2024-09-21,621.32,Processed
956167,906167,2025-09-12,9899.36,processed
956168,906168,2025-04-18,1854.12,Failed
956169,906169,2025-07-06,8252.45,
956170,906170,2025-05-18,26047.27,processed
956171,906171,2024-09-29,4325.34,Processed
956172,906172,2024-06-13,3213965.86,pending
956173,906173,2025-12-29,5423.19,Pending
956174,906174,2025-02-17,13218.52,pending
956175,906175,2025-04-18,6934.1,Processed
956176,906176,2025-04-08,8623.54,Pending
956177,906177,2025-08-26,2464.78,pending
956178,906178,2025-11-03,2208.97,processed
956179,906179,2024-06-19,13066.61,
956180,906180,2025-12-19,4184.8,pending
956181,906181,2024-03-31,1823.95,pending
956182,906182,2025-04-19,6896.41,Failed
956183,906183,2024-11-28,4374.86,Pending
956184,906184,2024-03-27,1503.63,Processed
956185,906185,2024-12-19,6425.38,pending
956186,906186,2025-03-30,14418.39,
956187,906187,2025-06-09,3210.25,processed
956188,906188,2024-09-11,22580.28,Processed
956189,906189,2024-03-28,4144.68,Processed
956190,906190,2024-04-21,1669.87,Processed
956191,906191,2024-08-31,1923.27,Pending
956192,906192,2025-09-22,22084.73,
956193,906193,2025-11-01,11011.8,processed
956194,906194,2025-06-07,3867.93,
956195,906195,2024-08-16,3436.68,pending
956196,906196,2025-03-04,2145.91,processed
956197,906197,2024-07-08,4549.94,Failed
956198,906198,2024-12-06,2048.83,Failed
956199,906199,2024-12-23,6676.43,
956200,906200,2025-12-02,1512361.47,pending
956201,906201,2024-10-31,5103.54,
956202,906202,2025-05-27,13473.63,processed
956203,906203,2024-09-23,8601.95,Pending
956204,906204,2025-04-10,398.37,Processed
956205,906205,2025-08-02,2244.11,Failed
956206,906206,2024-11-23,8077.48,pending
956207,906207,2024-03-10,11932.47,processed
956208,906208,2025-09-29,3897.95,pending
956209,906209,2025-07-05,9449.1,Processed
956210,906210,2024-08-28,2094.96,processed
956211,906211,2025-02-27,3303.22,Failed
956212,906212,2024-02-03,1165.15,Failed
956213,906213,2025-12-20,20481.09,Processed
956214,906214,2024-02-14,7485.92,Failed
956215,906215,2024-02-11,4657.38,
956216,906216,2024-05-29,517.16,processed
956217,906217,2024-12-13,3482.54,
956218,906218,2025-01-07,4733.58,Pending
956219,906219,2025-12-20,33873.86,pending
956220,906220,2025-07-27,1020.53,Pending
956221,906221,2024-08-08,9703.66,pending
956222,906222,2024-08-08,178.29,Pending
956223,906223,2025-03-29,1939.27,Processed
956224,906224,2024-02-02,4042.88,Failed
956225,906225,2025-06-06,15310.74,pending
956226,906226,2025-01-18,4315.49,
956227,906227,2025-08-03,1581.85,
956228,906228,2025-04-25,2879.41,processed
956229,906229,2024-12-29,3701.8,
956230,906230,2025-08-31,295.87,pending
956231,906231,2025-01-13,5333.56,
956232,906232,2025-12-02,7071.15,processed
956233,906233,2025-10-05,5238.1,pending
956234,906234,2025-03-26,4526.16,Pending
956235,906235,2025-01-27,0.0,Pending
956236,906236,2025-02-28,6080.27,processed
956237,906237,2025-01-31,3549.16,Processed
956238,906238,2026-01-22,18034.62,Pending
956239,906239,2025-12-21,6832.28,
956240,906240,2024-12-07,1187.29,pending
956241,906241,2025-09-04,5554.12,Processed
956242,906242,2024-06-14,1103.78,Failed
956243,906243,2024-06-18,0.0,
956244,906244,2025-01-14,7502.01,pending
956245,906245,2025-08-03,2259.44,Processed
956246,906246,2025-07-13,4043.11,Processed
956247,906247,2025-04-20,5206.79,processed
956248,906248,2024-07-01,2153.65,Failed
956249,906249,2025-11-04,5668.28,pending
956250,906250,2024-08-18,6234.75,processed
956251,906251,2025-10-19,15535.34,processed
956252,906252,2025-08-22,0.0,Processed
956253,906253,2025-09-10,4936.67,
956254,906254,2024-09-10,2663.73,Pending
956255,906255,2024-11-12,1883.97,processed
956256,906256,2024-07-02,1609.83,Failed
956257,906257,2025-08-18,3854.42,pending
956258,906258,2024-05-05,4484.91,Failed
956259,906259,2024-08-18,56758.07,Failed
956260,906260,2024-11-25,10768.23,
956261,906261,2024-01-18,4419.99,Processed
956262,906262,2024-03-07,20390.46,Processed
956263,906263,2024-05-06,2231.83,Pending
956264,906264,2025-11-04,2347.75,Pending
956265,906265,2025-03-07,905.99,Processed
956266,906266,2025-05-11,3172.51,
956267,906267,2025-03-17,3399.35,pending
956268,906268,2025-03-09,4581.9,pending
956269,906269,2024-01-26,2068182.89,Pending
956270,906270,2024-05-02,2458.44,Processed
956271,906271,2024-10-03,2234.57,pending
956272,906272,2024-09-12,6512.1,pending
956273,906273,2024-08-16,2166.83,
956274,906274,2025-10-14,933.29,processed
956275,906275,2025-03-11,-500.0,Failed
956276,906276,2024-12-07,1494.59,processed
956277,906277,2024-05-31,7016.95,
956278,906278,2025-12-21,6128.82,processed
956279,906279,2024-05-22,6920.92,
956280,906280,2025-05-13,1660.62,Processed
956281,906281,2024-11-23,500000.0,pending
956282,906282,2024-09-07,1137.33,processed
956283,906283,2024-03-26,6867.24,processed
956284,906284,2025-12-21,2878.7,pending
956285,906285,2025-12-28,1407710.69,
956286,906286,2025-09-24,73447.22,Pending
956287,906287,2024-03-20,913.48,processed
956288,906288,2024-04-22,1920.3,pending
956289,906289,2024-02-24,5940.51,Failed
956290,906290,2024-03-22,1215.97,Pending
956291,906291,2024-04-26,14009.08,Pending
956292,906292,2024-01-15,3625.26,processed
956293,906293,2024-05-30,7657.37,pending
956294,906294,2024-07-01,13594.46,processed
956295,906295,2025-04-01,2741.82,pending
956296,906296,2024-09-16,5642.81,pending
956297,906297,2024-11-05,36550.38,
956298,906298,2025-01-12,603.67,pending
956299,906299,2024-02-23,159.83,Failed
956300,906300,2025-04-30,2405.44,pending
956301,906301,2024-11-22,6898.53,Pending
956302,906302,2024-02-14,1055.54,pending
956303,906303,2025-09-07,4949.73,Pending
956304,906304,2024-08-14,36949.25,pending
956305,906305,2024-09-30,6662.68,pending
956306,906306,2025-07-04,2829.97,
956307,906307,2024-03-29,7255.62,processed
956308,906308,2025-04-11,2862.75,processed
956309,906309,2024-04-23,6249.09,
956310,906310,2024-04-25,2669.31,processed
956311,906311,2024-08-20,1023.15,Processed
956312,906312,2025-06-28,7561.95,Processed
956313,906313,2024-02-15,822.01,
956314,906314,2024-05-13,3282.69,Failed
956315,906315,2024-10-11,288.92,
956316,906316,2024-05-02,0.0,Pending
956317,906317,2025-05-15,2754.59,Pending
956318,906318,2025-08-21,1342.87,Pending
956319,906319,2024-04-14,16178.83,Processed
956320,906320,2024-08-03,4047.96,Failed
956321,906321,2025-05-23,1917.54,pending
956322,906322,2024-10-15,5140.9,
956323,906323,2024-05-07,7270.46,
956324,906324,2024-11-20,18672.35,Pending
956325,906325,2024-04-23,0.0,processed
956326,906326,2025-03-23,4247.52,Failed
956327,906327,2024-05-17,609.66,Processed
956328,906328,2025-05-26,10278.77,processed
956329,906329,2025-06-03,414.28,Pending
956330,906330,2024-02-10,13201.08,Processed
956331,906331,2024-01-22,1597.26,
956332,906332,2025-07-02,5431.6,Failed
956333,906333,2024-07-23,24471.26,
956334,906334,2025-04-06,7542.49,
956335,906335,2024-06-17,4356.43,processed
956336,906336,2024-09-27,2846.34,Failed
956337,906337,2024-12-01,2491.51,Failed
956338,906338,2025-10-06,7599.97,Failed
956339,906339,2024-05-29,1617.29,Processed
956340,906340,2024-06-30,1879.31,processed
956341,906341,2024-03-18,1382.23,Processed
956342,906342,2025-04-26,6244.76,
956343,906343,2025-10-31,4337.76,Failed
956344,906344,2025-03-13,402.36,pending
956345,906345,2024-04-19,1475.22,
956346,906346,2024-08-22,1987.44,
956347,906347,2024-09-09,0.0,
956348,906348,2025-06-20,874.41,pending
956349,906349,2024-09-13,1744.04,Pending
956350,906350,2025-01-15,1799.44,Pending
956351,906351,2024-10-22,646.36,Processed
956352,906352,2024-02-22,2550.57,Pending
956353,906353,2024-05-14,0.0,Pending
956354,906354,2024-07-15,740.36,Failed
956355,906355,2025-10-28,12618.51,
956356,906356,2024-04-01,5226.08,pending
956357,906357,2025-12-29,3728.64,Pending
956358,906358,2024-11-11,37201.58,
956359,906359,2025-08-09,50826.53,
956360,906360,2024-01-24,23394.66,Failed
956361,906361,2025-07-12,3964.89,pending
956362,906362,2024-10-16,748.74,pending
956363,906363,2024-09-18,5312.28,Pending
956364,906364,2024-11-11,646.76,Failed
956365,906365,2025-12-16,10323.51,Processed
956366,906366,2025-11-29,58755.87,processed
956367,906367,2024-10-19,24070.16,Processed
956368,906368,2024-08-02,109.51,
956369,906369,2025-10-20,5471.1,Failed
956370,906370,2026-01-03,2650.1,processed
956371,906371,2024-09-06,19204.18,Failed
956372,906372,2024-02-13,43323.39,Processed
956373,906373,2024-01-28,5061.22,processed
956374,906374,2025-02-19,816.97,Failed
956375,906375,2024-05-24,3036.63,Failed
956376,906376,2025-12-08,1345.84,
956377,906377,2024-04-05,20861.06,Pending
956378,906378,2025-02-01,3945.13,pending
956379,906379,2025-12-09,4291.86,
956380,906380,2025-01-14,674.48,pending
956381,906381,2024-03-02,2358.41,Failed
956382,906382,2024-02-04,9035.1,Pending
956383,906383,2024-05-04,99.14,
956384,906384,2024-03-14,4715.05,Pending
956385,906385,2025-06-26,31345.63,Processed
956386,906386,2025-01-21,5718.71,Failed
956387,906387,2024-04-28,3687.45,Failed
956388,906388,2025-12-21,33318.94,Processed
956389,906389,2025-07-30,402.95,processed
956390,906390,2025-10-12,16076.17,Processed
956391,906391,2025-10-13,1428.35,Processed
956392,906392,2025-10-07,987.75,
956393,906393,2024-07-11,17146.07,Processed
956394,906394,2024-04-11,796.97,Failed
956395,906395,2025-04-07,10330.61,Processed
956396,906396,2024-05-11,5400.07,
956397,906397,2024-03-05,6597.45,Processed
956398,906398,2024-11-24,4501.53,
956399,906399,2024-08-09,4122.01,
956400,906400,2024-06-12,1364.89,processed
956401,906401,2025-09-22,197154.75,Failed
956402,906402,2024-11-21,1544.51,
956403,906403,2026-01-07,721.07,pending
956404,906404,2024-02-22,1843.01,processed
956405,906405,2024-09-01,4022.75,processed
956406,906406,2024-10-07,301.81,Failed
956407,906407,2025-03-11,6151.05,
956408,906408,2024-07-29,8692.16,
956409,906409,2026-01-03,2474.67,processed
956410,906410,2025-02-20,7322.7,Pending
956411,906411,2025-10-22,706.03,Processed
956412,906412,2024-11-30,0.0,Failed
956413,906413,2024-04-05,7302.98,Processed
956414,906414,2025-10-12,27381.17,Pending
956415,906415,2024-01-18,723.81,Processed
956416,906416,2024-09-12,820.79,pending
956417,906417,2024-10-01,4083.26,pending
956418,906418,2025-06-14,0.0,pending
956419,906419,2024-07-31,3522.31,processed
956420,906420,2024-10-22,538.98,Pending
956421,906421,2025-07-25,878.27,
956422,906422,2025-02-13,4423.49,Processed
956423,906423,2025-11-09,1059.67,pending
956424,906424,2025-03-17,4049.54,Pending
956425,906425,2025-07-10,938.39,Processed
956426,906426,2026-01-10,2305.82,Failed
956427,906427,2024-11-26,15570.34,Processed
956428,906428,2025-09-25,6468.62,pending
956429,906429,2025-03-28,8266.81,processed
956430,906430,2024-07-30,4423.18,Failed
956431,906431,2024-10-16,15841.11,pending
956432,906432,2025-02-08,8200.56,Pending
956433,906433,2024-11-13,20934.96,Failed
956434,906434,2025-08-29,575.72,processed
956435,906435,2024-04-19,4149.63,Pending
956436,906436,2025-07-02,2898.64,Failed
956437,906437,2026-01-07,415.31,
956438,906438,2024-04-19,1062.97,pending
956439,906439,2024-06-18,12997.13,Pending
956440,906440,2025-10-02,8453.79,Failed
956441,906441,2026-01-19,6337.96,
956442,906442,2025-12-16,2079.72,Pending
956443,906443,2025-11-21,1990.05,Failed
956444,906444,2025-10-27,1483.12,
956445,906445,2024-01-23,2083.63,processed
956446,906446,2024-03-09,26156.66,processed
956447,906447,2025-08-24,3618.1,pending
956448,906448,2025-05-28,368.85,Pending
956449,906449,2024-09-12,1127.92,processed
956450,906450,2025-07-24,2613.34,Failed
956451,906451,2024-05-20,1571.79,pending
956452,906452,2024-05-02,4029.31,pending
956453,906453,2024-11-05,3844.27,Pending
956454,906454,2025-12-31,2645.9,
956455,906455,2025-01-02,941.14,pending
956456,906456,2025-02-14,839.35,Pending
956457,906457,2025-03-19,15608.07,processed
956458,906458,2024-03-31,1472.22,processed
956459,906459,2024-11-10,9843.3,pending
956460,906460,2024-08-11,14051.79,processed
956461,906461,2025-09-06,9331.92,processed
956462,906462,2026-01-03,7835.0,pending
956463,906463,2025-03-29,1015.64,Processed
956464,906464,2024-07-08,32659.12,Pending
956465,906465,2025-05-27,7787.62,
956466,906466,2024-02-17,4180.07,pending
956467,906467,2024-08-03,37439.7,processed
956468,906468,2024-09-27,506.79,pending
956469,906469,2025-03-20,5706.88,Processed
956470,906470,2024-03-02,1734.29,pending
956471,906471,2024-10-03,2613.89,processed
956472,906472,2024-11-18,4459.7,Failed
956473,906473,2025-04-13,2117.08,Pending
956474,906474,2024-08-27,563.98,pending
956475,906475,2026-01-24,1765.29,
956476,906476,2025-06-03,737.34,pending
956477,906477,2024-11-26,5008.34,processed
956478,906478,2024-12-15,1972.65,Pending
956479,906479,2024-10-27,7560.59,Processed
956480,906480,2025-04-01,218.79,
956481,906481,2025-07-07,1336.76,pending
956482,906482,2025-11-01,763.22,pending
956483,906483,2025-03-25,13256.72,pending
956484,906484,2025-09-10,22655.26,Failed
956485,906485,2024-11-12,3840.63,Failed
956486,906486,2024-08-09,3496.17,Failed
956487,906487,2024-10-13,32748.64,Processed
956488,906488,2024-06-20,2584.07,Failed
956489,906489,2024-11-02,3290.8,Processed
956490,906490,2025-04-15,16598.58,Failed
956491,906491,2024-02-16,4858.44,pending
956492,906492,2025-09-16,2657.86,processed
956493,906493,2025-12-15,6299.61,Processed
956494,906494,2025-01-06,3595.32,Processed
956495,906495,2024-04-21,19445.15,Processed
956496,906496,2025-10-07,0.0,processed
956497,906497,2025-04-16,7216.18,Pending
956498,906498,2024-02-16,2048.67,Pending
956499,906499,2024-09-24,2008.51,processed
956500,906500,2024-11-07,2585.09,
956501,903738,2025-01-17,2543.89,Failed
956502,900487,2025-01-16,1520.06,Pending
956503,900274,2024-04-19,3698.26,pending
956504,905605,2024-07-25,435.21,processed
956505,900886,2024-03-01,2699.84,pending
956506,904608,2024-02-07,4347.77,processed
956507,900073,2024-09-25,3253.77,pending
956508,900018,2025-03-14,1197.23,Failed
956509,904619,2024-02-07,3785.06,processed
956510,904633,2025-07-24,2105.12,pending
956511,901219,2025-11-15,4434.93,Pending
956512,905348,2024-11-16,3361.54,
956513,903372,2024-07-28,1009.29,pending
956514,901177,2024-04-16,6673.62,processed
956515,906040,2024-12-12,6871.22,pending
956516,906301,2024-11-22,6898.53,Failed
956517,906437,2026-01-07,415.31,Processed
956518,901242,2025-05-30,4195.68,processed
956519,903422,2024-06-30,11589.69,Failed
956520,904208,2025-01-23,0.0,processed
956521,902377,2025-08-08,1143.98,
956522,900323,2025-02-06,2304.46,processed
956523,901012,2026-01-24,1316.01,processed
956524,905179,2024-08-03,0.0,
956525,901826,2024-06-28,1239.04,
956526,904341,2024-01-14,23088.44,
956527,902041,2025-05-04,3539.71,
956528,900112,2025-07-19,4187.54,Processed
956529,900368,2025-06-13,6054.76,Failed
956530,902120,2025-07-24,1766.48,pending
956531,901664,2025-09-08,506.76,Failed
956532,901565,2024-11-15,7078.92,Pending
956533,902771,2024-10-05,3509.23,
956534,904173,2024-12-14,3700.73,processed
956535,902898,2024-11-07,2327.7,processed
956536,902296,2026-01-07,5938.93,Processed
956537,902160,2025-12-10,2325.76,processed
956538,904888,2024-09-06,14326.83,Failed
956539,900545,2024-06-03,14454.0,Failed
956540,902164,2025-01-10,12768.62,Failed
956541,900434,2024-09-01,2424.8,
956542,900165,2025-07-09,819.71,Failed
956543,905167,2025-08-03,20227.74,Processed
956544,903299,2024-08-01,1804.28,Processed
956545,905979,2024-12-20,5372.27,Processed
956546,904908,2024-08-10,22919.75,Processed
956547,900954,2025-12-21,4450.29,pending
956548,904291,2024-05-30,6840.49,Processed
956549,901546,2024-06-26,88.59,pending
956550,904422,2024-10-02,3199.01,processed
