Return_ID,Order_ID,Return_Date,Return_Reason,Return_Status,Refund_Method,Refund_Amount
900001,718056,2025-08-13,size issue,,,1683.32
900002,707284,2024-08-05,Late Delivery,Approved,original payment,11001.01
900003,710263,2025-05-02,Size Issue,,Store Credit,2821.34
900004,716996,2024-08-17,Quality Issue,Rejected,Original Payment,3434.15
900005,713712,2026-01-04,Not as Expected,,Original Payment,28347.69
900006,706415,2025-09-04,Changed Mind,Requested,Original Payment,22979.26
900007,704870,2024-09-03,Late Delivery,Completed,Bank Transfer,1376.13
900008,702595,2025-06-05,Size Issue,Rejected,UPI,5777.37
900009,710148,2024-04-21,Not as Expected,Requested,UPI,1404.07
900010,700815,2025-03-31,size issue,Requested,UPI,4474.28
900011,707721,2025-05-29,Changed Mind,Completed,UPI,2037.48
900012,717245,2025-03-13,Late Delivery,,Bank Transfer,0.0
900013,700795,2025-11-01,Quality Issue,Rejected,,14870.79
900014,716644,2024-05-27,damaged,Completed,Original Payment,330.38
900015,713496,2024-05-27,size issue,Rejected,,5511.22
900016,709456,2024-06-23,Wrong Item,Rejected,Original Payment,3109.48
900017,711488,2024-09-17,Duplicate Order,Approved,Original Payment,841.44
900018,715266,2025-03-14,Quality Issue,requested,Store Credit,1197.23
900019,701000,2024-02-14,Damaged,Completed,Bank Transfer,3781.08
900020,711981,2024-11-21,Quality Issue,requested,UPI,0.0
900021,709914,2025-12-10,Late Delivery,Completed,Store Credit,4852.28
900022,712200,2024-06-25,Duplicate Order,,Bank Transfer,2786.41
900023,702062,2024-11-14,Not as Expected,Approved,Original Payment,1092.9
900024,707506,2024-06-25,Not as Expected,requested,Bank Transfer,1043.03
900025,719402,2026-01-10,damaged,Rejected,UPI,1513.73
900026,707611,2025-12-08,,Rejected,UPI,636.25
900027,709911,2024-07-13,Late Delivery,requested,,49743.09
900028,705452,2025-10-07,Late Delivery,requested,Store Credit,2278.89
900029,703070,2024-02-20,Duplicate Order,Approved,original payment,3283.7
900030,703896,2024-05-31,Damaged,Requested,,11157.61
900031,719968,2024-07-06,Wrong Item,Approved,Bank Transfer,838.48
900032,710522,2025-05-17,Size Issue,requested,Bank Transfer,1106.26
900033,719568,2024-11-02,Duplicate Order,approved,original payment,2170.95
900034,709845,2024-05-15,Not as Expected,Approved,Original Payment,4064.38
900035,706792,2024-11-15,Quality Issue,Completed,UPI,1010.41
900036,710502,2025-04-24,Not as Expected,Approved,Bank Transfer,1872.76
900037,710331,2025-08-08,Quality Issue,Approved,Store Credit,8310.72
900038,706852,2025-08-24,,,UPI,20517.59
900039,714036,2025-03-02,Not as Expected,Requested,Bank Transfer,1054.6
900040,716212,2025-11-12,Duplicate Order,Approved,Original Payment,9122.72
900041,712931,2025-08-04,Damaged,Rejected,Original Payment,1554.37
900042,714288,2024-10-25,Wrong Item,Completed,UPI,6720.42
900043,701625,2024-05-01,Size Issue,Completed,Bank Transfer,5799.9
900044,702117,2024-04-12,,approved,Store Credit,3014.55
900045,708346,2024-07-16,Damaged,Requested,original payment,5226.62
900046,711685,2024-07-07,Late Delivery,approved,Store Credit,0.0
900047,713212,2025-08-29,Size Issue,approved,UPI,7326.98
900048,711796,2024-09-04,Late Delivery,Rejected,Original Payment,3786.85
900049,716862,2024-06-08,Not as Expected,Approved,Bank Transfer,11185.08
900050,705475,2024-10-23,Late Delivery,Requested,original payment,10961.48
900051,719035,2024-01-18,Quality Issue,Approved,UPI,16130.78
900052,716430,2024-01-26,Wrong Item,,original payment,2284.63
900053,706470,2024-11-01,damaged,Requested,original payment,1310.92
900054,713299,2024-08-16,Late Delivery,,Original Payment,4330.93
900055,706434,2025-09-26,Damaged,Approved,Original Payment,7484.12
900056,715868,2025-06-23,Duplicate Order,approved,original payment,2741.06
900057,714393,2024-02-07,Duplicate Order,Completed,,373.57
900058,711984,2024-11-22,Damaged,Approved,UPI,1755.62
900059,708653,2024-07-14,damaged,requested,Bank Transfer,10295.33
900060,702971,2025-04-06,Wrong Item,Approved,Original Payment,4080.63
900061,709347,2025-12-05,,Completed,original payment,20369.93
900062,708725,2025-01-13,Size Issue,requested,,5530.19
900063,705632,2024-06-16,Duplicate Order,requested,,958.62
900064,706833,2025-05-27,size issue,,original payment,443.08
900065,704949,2025-04-18,Late Delivery,Approved,original payment,414.86
900066,701165,2025-12-05,Not as Expected,Rejected,,1131.1
900067,700061,2024-01-06,,requested,original payment,324.79
900068,712733,2025-04-08,Not as Expected,Requested,Original Payment,793.04
900069,704625,2024-08-16,Duplicate Order,approved,Store Credit,1210.12
900070,707328,2024-11-20,Late Delivery,,Original Payment,679.86
900071,704032,2025-01-12,,requested,Bank Transfer,558019.06
900072,715307,2025-02-20,Quality Issue,,,2291.66
900073,713917,2024-09-25,Duplicate Order,Requested,Store Credit,3253.77
900074,704172,2025-07-25,damaged,Requested,Original Payment,4315.06
900075,707983,2024-06-30,size issue,approved,,2296.2
900076,717743,2025-10-11,Wrong Item,Requested,Store Credit,7434.05
900077,708294,2025-09-12,Damaged,Rejected,Store Credit,25536.52
900078,701812,2025-06-30,Changed Mind,,Original Payment,5183.4
900079,702189,2025-04-30,Damaged,Completed,original payment,2466.68
900080,700378,2024-07-14,damaged,approved,original payment,773.26
900081,701690,2025-05-16,Damaged,Rejected,Bank Transfer,3330.93
900082,715886,2025-03-08,,Rejected,Original Payment,10792.43
900083,700936,2025-01-08,Not as Expected,Approved,original payment,2365.28
900084,700268,2024-10-26,Size Issue,Completed,original payment,2776.7
900085,702831,2024-05-22,Damaged,Completed,original payment,1801.12
900086,714646,2025-04-26,Size Issue,approved,,1991.75
900087,712870,2024-02-20,Not as Expected,approved,UPI,1461.06
900088,706474,2024-12-12,Damaged,approved,Original Payment,3704.66
900089,704960,2025-06-20,Late Delivery,,Store Credit,588.31
900090,703108,2025-10-15,damaged,approved,Store Credit,2366.79
900091,711618,2025-07-30,Late Delivery,Approved,original payment,10022.01
900092,710967,2024-03-22,Late Delivery,requested,Bank Transfer,2673.73
900093,710391,2024-09-16,damaged,,Bank Transfer,1071.43
900094,714039,2025-11-18,Duplicate Order,Approved,UPI,902.55
900095,708905,2025-04-22,,approved,Store Credit,0.0
900096,716181,2025-07-27,Damaged,Approved,original payment,3219.38
900097,708101,2025-03-11,Duplicate Order,,original payment,3247.89
900098,700989,2024-11-11,Damaged,Approved,Original Payment,4191.18
900099,703682,2025-03-29,Wrong Item,approved,Store Credit,2211.86
900100,704276,2024-07-15,Quality Issue,Completed,Original Payment,26738.5
900101,716441,2025-10-06,Duplicate Order,approved,UPI,5450.15
900102,713670,2024-12-13,Duplicate Order,Completed,Bank Transfer,1976.06
900103,716894,2024-09-15,Damaged,Approved,,2104.67
900104,704359,2025-02-25,Size Issue,approved,Original Payment,4047.61
900105,710082,2024-11-06,Damaged,approved,,2653.26
900106,709527,2025-06-05,Not as Expected,Rejected,Store Credit,12195.26
900107,705538,2025-05-29,Damaged,Rejected,UPI,4597.84
900108,702761,2026-01-02,Damaged,Completed,Store Credit,1632.98
900109,703428,2025-07-11,Late Delivery,Approved,Original Payment,4353.26
900110,708313,2024-05-14,Size Issue,Approved,Original Payment,4131.84
900111,708843,2025-08-29,Changed Mind,Requested,original payment,19087.37
900112,716955,2025-07-19,Wrong Item,requested,UPI,4187.54
900113,716437,2024-03-08,damaged,Requested,Store Credit,1712.49
900114,700162,2025-10-18,Wrong Item,approved,,9221.53
900115,700888,2025-11-27,damaged,Requested,UPI,1354.18
900116,706620,2025-05-27,,requested,Bank Transfer,699.65
900117,708430,2025-11-17,Late Delivery,,Original Payment,12608.48
900118,700879,2024-06-04,Quality Issue,Completed,Bank Transfer,3424.45
900119,706096,2026-01-02,Wrong Item,Requested,Original Payment,1052.83
900120,703301,2025-07-29,Quality Issue,Completed,,5870.38
900121,707013,2025-06-19,damaged,requested,Original Payment,12888.07
900122,719813,2025-05-31,Changed Mind,Requested,original payment,3439.38
900123,712967,2025-03-06,Quality Issue,Completed,,3283.36
900124,715656,2025-01-02,Not as Expected,approved,Store Credit,17495.45
900125,710212,2024-05-02,Late Delivery,requested,Original Payment,876.47
900126,717719,2025-05-18,Late Delivery,requested,,16975.65
900127,716191,2024-07-09,Duplicate Order,Requested,Store Credit,8016.12
900128,708070,2024-09-24,Quality Issue,approved,Store Credit,2112.1
900129,710025,2024-08-15,Duplicate Order,,Original Payment,21005.71
900130,711857,2024-12-28,Not as Expected,Approved,Original Payment,12081.42
900131,708491,2025-12-04,Not as Expected,Completed,Store Credit,25535.89
900132,707320,2025-09-24,Changed Mind,Rejected,Original Payment,3016.2
900133,709759,2024-07-05,damaged,Completed,UPI,11893.68
900134,718455,2025-07-14,Changed Mind,,UPI,3773.68
900135,704083,2024-05-08,,Rejected,Original Payment,6602.63
900136,703778,2025-02-19,Damaged,requested,Original Payment,6253.94
900137,715290,2024-02-07,Wrong Item,Approved,Store Credit,273.94
900138,713051,2024-08-03,Size Issue,requested,,472.86
900139,719842,2025-12-20,Damaged,requested,Store Credit,2258.1
900140,714477,2024-12-06,damaged,Completed,Bank Transfer,701.68
900141,702950,2025-07-23,Quality Issue,approved,UPI,1038.72
900142,710569,2025-12-04,Duplicate Order,Requested,UPI,1243.35
900143,700668,2025-02-11,size issue,Completed,original payment,10317.64
900144,701948,2025-12-14,Not as Expected,approved,Store Credit,18407.13
900145,707902,2025-10-20,Not as Expected,Approved,Store Credit,1811.67
900146,718170,2025-08-14,damaged,approved,,385.66
900147,702671,2025-03-21,Changed Mind,Rejected,Bank Transfer,7145.61
900148,719469,2024-12-14,Damaged,requested,Bank Transfer,1066.06
900149,700344,2024-10-15,damaged,,original payment,1750.77
900150,719064,2025-07-25,Not as Expected,Approved,Store Credit,695.4
900151,709582,2024-12-13,Damaged,approved,Original Payment,3684.96
900152,701274,2025-09-12,Duplicate Order,Requested,Bank Transfer,2053.58
900153,704834,2024-07-09,,Requested,original payment,39038.71
900154,709791,2026-01-14,Changed Mind,Approved,Bank Transfer,3765311.96
900155,711244,2024-01-27,,approved,Original Payment,4122.23
900156,708643,2024-03-06,damaged,approved,Bank Transfer,49153.91
900157,705156,2024-06-05,Quality Issue,Approved,Store Credit,9610.76
900158,712516,2026-01-13,size issue,Rejected,,21944.67
900159,707091,2024-04-05,,requested,,4608.11
900160,705821,2024-05-15,Wrong Item,Requested,,5183.06
900161,713729,2025-05-13,,Approved,Original Payment,3761.68
900162,700009,2025-06-02,Changed Mind,approved,,1031.75
900163,719880,2024-10-30,Late Delivery,requested,Store Credit,4749.15
900164,715982,2025-12-12,Duplicate Order,,Original Payment,4753.97
900165,702375,2025-07-09,size issue,requested,,819.71
900166,715328,2024-09-10,size issue,Approved,,4520.92
900167,714866,2024-10-26,Quality Issue,Rejected,Original Payment,4185.51
900168,703832,2024-06-08,Damaged,Requested,original payment,9304.75
900169,716026,2024-09-10,Damaged,requested,Store Credit,9277.28
900170,719449,2024-05-13,Changed Mind,approved,,234.36
900171,709821,2024-06-04,Changed Mind,Approved,,27463.58
900172,713026,2024-10-03,,approved,,2473.06
900173,704047,2025-09-08,damaged,approved,Bank Transfer,4990.37
900174,708654,2025-10-06,Late Delivery,Approved,original payment,10840.43
900175,708424,2024-07-10,Changed Mind,Requested,Bank Transfer,3922.16
900176,712411,2025-10-13,Late Delivery,Rejected,,28142.28
900177,706513,2024-04-04,Wrong Item,Requested,,5268.61
900178,715564,2025-05-02,Late Delivery,Rejected,original payment,2677.61
900179,707723,2025-05-08,,requested,Original Payment,4170.16
900180,702775,2025-08-20,Not as Expected,Rejected,Original Payment,324.7
900181,717033,2025-07-16,damaged,Requested,,731.37
900182,712027,2025-11-10,Damaged,Completed,UPI,1404.43
900183,718373,2025-09-24,size issue,Rejected,Bank Transfer,1757.13
900184,700356,2024-06-05,Changed Mind,Approved,UPI,10186.73
900185,702629,2024-08-21,Quality Issue,approved,Original Payment,1293.92
900186,706449,2025-02-03,Late Delivery,Approved,UPI,4701.11
900187,719333,2025-04-18,Wrong Item,Approved,original payment,9115.93
900188,717677,2025-07-17,Changed Mind,approved,Original Payment,633.11
900189,716234,2025-09-15,,Requested,Original Payment,3336.94
900190,708883,2024-10-19,,Rejected,,871.52
900191,703966,2024-07-30,Size Issue,,UPI,2347.77
900192,715529,2025-07-21,Quality Issue,,original payment,1152.78
900193,708572,2024-04-04,damaged,approved,UPI,6596.23
900194,712013,2024-04-21,size issue,Completed,Bank Transfer,315.23
900195,708414,2025-01-25,Duplicate Order,,original payment,3590.76
900196,712783,2025-03-26,Damaged,,Original Payment,27055.16
900197,719533,2024-12-02,Size Issue,Completed,,7954.67
900198,715838,2024-09-22,Changed Mind,approved,original payment,14691.39
900199,712160,2024-07-19,Wrong Item,Requested,UPI,2443.66
900200,719272,2025-04-08,Duplicate Order,approved,Store Credit,50676.1
900201,716052,2026-01-02,size issue,requested,Store Credit,1578.08
900202,711612,2024-12-18,size issue,requested,Store Credit,28293.43
900203,700080,2025-08-12,Late Delivery,Completed,Original Payment,1988.57
900204,712825,2025-10-12,Duplicate Order,approved,Store Credit,1336.22
900205,707641,2024-12-21,damaged,Rejected,Store Credit,2665.31
900206,713064,2024-10-10,Late Delivery,approved,,9211.13
900207,719884,2024-08-20,Size Issue,Completed,,5299.7
900208,709415,2024-06-02,damaged,Requested,,836.54
900209,707066,2025-04-22,,Rejected,original payment,1459.47
900210,707625,2024-02-22,Wrong Item,,Store Credit,3906.97
900211,701699,2024-07-18,size issue,Completed,UPI,3881.39
900212,719380,2024-07-08,Quality Issue,Approved,UPI,4625.73
900213,703537,2025-09-03,Late Delivery,Rejected,Original Payment,9892.11
900214,700462,2025-03-21,Quality Issue,approved,,1475.88
900215,702436,2025-02-08,Duplicate Order,Completed,UPI,804.52
900216,711908,2024-10-19,,Requested,,2153.27
900217,718879,2025-02-25,,approved,Original Payment,0.0
900218,711015,2025-05-07,Size Issue,approved,UPI,4864.82
900219,712698,2024-04-18,Duplicate Order,Completed,original payment,0.0
900220,704544,2025-06-10,size issue,requested,original payment,14394.9
900221,708137,2026-01-16,damaged,Completed,Original Payment,818.95
900222,704847,2024-09-16,,,Bank Transfer,764.92
900223,711660,2025-02-21,Duplicate Order,Rejected,original payment,5826.19
900224,705614,2025-08-19,Damaged,Completed,Store Credit,2546.12
900225,715295,2024-06-26,Late Delivery,Requested,Bank Transfer,9927.16
900226,711065,2024-05-28,Not as Expected,Approved,Store Credit,3987.03
900227,716591,2024-03-06,,approved,UPI,7737.49
900228,705491,2024-12-11,Changed Mind,approved,UPI,942.5
900229,718845,2025-01-16,Damaged,Rejected,original payment,7072.67
900230,709408,2024-02-24,Damaged,,UPI,3110.65
900231,706253,2024-03-23,size issue,Requested,,4723.83
900232,702236,2025-10-08,Damaged,Rejected,UPI,2762.63
900233,705758,2024-01-24,,,UPI,7266.86
900234,708592,2024-12-12,Late Delivery,requested,original payment,7012.56
900235,714717,2025-09-01,Changed Mind,Approved,original payment,5071.3
900236,702987,2024-07-04,Size Issue,Requested,original payment,2024.07
900237,706797,2024-09-29,,Approved,UPI,3114.98
900238,709150,2024-05-19,Quality Issue,,original payment,4657.7
900239,700924,2025-01-24,damaged,Rejected,Original Payment,8326.45
900240,714725,2025-08-29,Duplicate Order,Rejected,original payment,1751.9
900241,713902,2025-12-04,Duplicate Order,Completed,,5969.08
900242,703982,2025-06-18,Late Delivery,approved,,5327.1
900243,704314,2025-12-30,Not as Expected,requested,,8652.56
900244,709455,2024-11-05,Late Delivery,Requested,Bank Transfer,1772.98
900245,714326,2025-01-23,Changed Mind,Requested,UPI,1082.2
900246,704022,2025-06-05,damaged,,UPI,2379.57
900247,718035,2025-04-21,Late Delivery,Requested,Bank Transfer,3368.79
900248,706999,2025-05-22,Late Delivery,Rejected,original payment,2470.75
900249,706153,2024-05-28,size issue,Requested,Bank Transfer,909710.47
900250,717341,2024-04-26,Damaged,,Original Payment,835.54
900251,703983,2024-05-25,damaged,approved,Bank Transfer,2568.07
900252,700787,2024-05-02,Wrong Item,Completed,Bank Transfer,6522.34
900253,700684,2025-07-29,Quality Issue,Approved,Original Payment,27021.61
900254,706058,2025-03-16,Late Delivery,Approved,UPI,903.48
900255,708076,2025-08-08,Wrong Item,requested,original payment,966.51
900256,708206,2025-11-12,Late Delivery,requested,UPI,624.0
900257,705784,2024-07-27,Late Delivery,Rejected,Original Payment,2183.16
900258,706771,2025-05-25,Size Issue,requested,UPI,4656.82
900259,712074,2024-07-29,Duplicate Order,approved,Original Payment,12321.43
900260,710254,2025-12-18,,requested,original payment,1043.78
900261,710089,2025-01-27,damaged,Approved,UPI,11569.19
900262,708631,2024-05-29,Wrong Item,Rejected,Original Payment,1593.29
900263,713036,2025-06-06,Wrong Item,Completed,Store Credit,1492.23
900264,716947,2025-12-22,damaged,,original payment,1910.88
900265,704306,2025-06-18,Damaged,Requested,,5129.51
900266,700350,2024-06-20,Wrong Item,Requested,,1317.13
900267,719768,2024-05-05,Size Issue,Rejected,original payment,13686.59
900268,716383,2025-02-26,Damaged,,,15685.95
900269,705929,2025-06-29,Size Issue,Completed,Original Payment,21918.69
900270,718210,2024-08-31,,Completed,UPI,10282.01
900271,708299,2024-07-06,Damaged,requested,UPI,1846.74
900272,717834,2025-12-02,Quality Issue,requested,original payment,1188.03
900273,712364,2024-05-16,Wrong Item,approved,Store Credit,1462.29
900274,712511,2024-04-19,Changed Mind,requested,Original Payment,3698.26
900275,703840,2025-08-20,Late Delivery,,Store Credit,7150.54
900276,702268,2024-08-28,Late Delivery,,original payment,978.95
900277,709566,2025-07-04,size issue,,Store Credit,3997.84
900278,711478,2024-12-02,size issue,Approved,Original Payment,12142.13
900279,717703,2024-06-30,Not as Expected,Approved,UPI,617.05
900280,712703,2024-05-27,Damaged,,UPI,1836.51
900281,712147,2025-09-24,Not as Expected,Requested,original payment,8206.2
900282,718513,2025-10-11,Quality Issue,Completed,Bank Transfer,1353.06
900283,703583,2025-07-19,Damaged,,Store Credit,3527.8
900284,701826,2024-11-29,Not as Expected,Approved,UPI,1286.71
900285,714304,2024-02-04,Quality Issue,approved,Original Payment,3632.95
900286,712287,2024-02-08,Not as Expected,approved,,9581.18
900287,718527,2024-10-05,Late Delivery,Requested,original payment,3734.16
900288,703416,2024-04-05,size issue,Completed,UPI,3042.07
900289,706976,2024-03-06,Size Issue,approved,UPI,6262.16
900290,715774,2024-01-22,Late Delivery,Approved,Bank Transfer,1407.26
900291,711590,2024-12-07,Late Delivery,Requested,Store Credit,21564.34
900292,710858,2025-10-06,Changed Mind,Completed,UPI,242.87
900293,700332,2024-10-29,damaged,,Store Credit,1828.17
900294,700991,2024-05-21,size issue,approved,,674.48
900295,714237,2026-01-03,Not as Expected,Approved,UPI,5734.37
900296,711879,2025-11-07,size issue,approved,Original Payment,1418267.41
900297,718379,2025-05-17,Changed Mind,Approved,Original Payment,1353.53
900298,710955,2024-01-21,size issue,Requested,Store Credit,17905.55
900299,712542,2024-09-23,Quality Issue,Completed,Store Credit,898.6
900300,711341,2024-04-17,Not as Expected,Approved,UPI,2515.64
900301,703248,2025-05-05,Size Issue,requested,Original Payment,4179.34
900302,714856,2025-08-24,,Rejected,,1353.59
900303,714826,2025-01-19,Quality Issue,approved,original payment,882.67
900304,700443,2024-02-20,Not as Expected,requested,UPI,2178.0
900305,714593,2024-06-07,Size Issue,Approved,Bank Transfer,5485.23
900306,716547,2025-06-24,Changed Mind,Approved,Bank Transfer,1788.69
900307,704698,2024-12-01,Damaged,requested,,26806.37
900308,705221,2024-09-26,Size Issue,requested,UPI,14174.21
900309,702923,2024-03-16,Size Issue,Approved,Original Payment,4023.57
900310,703786,2025-07-03,size issue,requested,Bank Transfer,1946.33
900311,706890,2025-07-07,size issue,Approved,original payment,11830.67
900312,715951,2025-07-18,damaged,approved,UPI,10585.04
900313,705539,2024-06-22,,Rejected,Store Credit,0.0
900314,712298,2024-08-17,Not as Expected,requested,UPI,2186.46
900315,706302,2024-07-29,Size Issue,Completed,Original Payment,5201.19
900316,704007,2024-03-17,Changed Mind,requested,UPI,6753.57
900317,700291,2025-03-16,Duplicate Order,Approved,UPI,14882.05
900318,706533,2025-07-30,size issue,Rejected,original payment,30171.42
900319,716818,2026-01-18,Not as Expected,requested,Store Credit,1982.16
900320,701463,2025-08-20,,Approved,,5792.6
900321,705791,2025-09-10,Quality Issue,approved,Original Payment,9183.59
900322,713863,2024-11-19,Late Delivery,,Bank Transfer,1658.22
900323,718466,2025-02-06,damaged,,UPI,2304.46
900324,710758,2024-06-26,,Completed,Original Payment,1150.87
900325,713727,2024-10-13,Not as Expected,Requested,original payment,10479.63
900326,701638,2024-05-12,size issue,Approved,,733187.19
900327,719022,2025-09-20,Size Issue,,Original Payment,3223.2
900328,707362,2024-08-09,size issue,Approved,original payment,2383.47
900329,718744,2024-09-07,size issue,Rejected,,0.0
900330,718383,2025-01-22,Duplicate Order,Approved,,9473.05
900331,702793,2025-04-17,Damaged,Requested,UPI,2064.63
900332,701531,2024-09-15,Duplicate Order,requested,UPI,10475.46
900333,700466,2024-11-15,size issue,approved,original payment,493.53
900334,718132,2024-05-25,Changed Mind,Requested,original payment,1411.58
900335,711126,2025-06-26,,Requested,Original Payment,14313.08
900336,717782,2024-11-17,damaged,approved,Original Payment,4610.03
900337,716732,2025-08-13,Duplicate Order,requested,Original Payment,0.0
900338,701043,2024-08-16,Late Delivery,requested,UPI,1977.88
900339,701594,2025-04-10,Size Issue,Approved,Original Payment,1276.31
900340,706072,2024-03-19,Duplicate Order,approved,UPI,5155.04
900341,716837,2025-01-26,Duplicate Order,approved,Bank Transfer,2607.5
900342,713651,2025-08-07,Damaged,Completed,Bank Transfer,5700.6
900343,713775,2025-05-27,Duplicate Order,,,341.72
900344,719444,2024-05-30,Changed Mind,Requested,Bank Transfer,15200.06
900345,711166,2025-11-16,size issue,Approved,Store Credit,1875.2
900346,719030,2025-04-06,size issue,Approved,original payment,3816.66
900347,718434,2025-06-15,Quality Issue,Rejected,Bank Transfer,1702.19
900348,704641,2024-03-09,Changed Mind,Requested,UPI,7406.18
900349,718510,2024-05-22,Quality Issue,Approved,Store Credit,2871.72
900350,714987,2025-09-02,Quality Issue,,Bank Transfer,1880.49
900351,708245,2025-11-12,Not as Expected,requested,Bank Transfer,1585.85
900352,717563,2024-03-08,,Approved,Original Payment,1099.9
900353,700141,2024-10-26,Not as Expected,Completed,,19252.8
900354,704349,2025-05-21,Quality Issue,approved,Store Credit,2213.79
900355,708267,2025-07-17,Not as Expected,,Original Payment,61687.58
900356,717182,2025-11-17,size issue,requested,Store Credit,1886.67
900357,705705,2024-05-28,Not as Expected,approved,original payment,3946.85
900358,717781,2025-08-26,Not as Expected,Requested,UPI,2178.85
900359,714706,2025-11-05,Late Delivery,approved,Original Payment,1042.97
900360,702159,2025-09-18,,Completed,UPI,7902.09
900361,709696,2024-04-02,size issue,Requested,original payment,3711.73
900362,702460,2024-02-20,Size Issue,Completed,Store Credit,1914.95
900363,709113,2024-03-30,damaged,approved,original payment,3569.01
900364,714873,2025-04-18,Late Delivery,Rejected,,1646.31
900365,702766,2024-11-08,Size Issue,Completed,Bank Transfer,14732.32
900366,702014,2025-07-07,Wrong Item,approved,Store Credit,2282.35
900367,705762,2025-02-03,Not as Expected,Rejected,,747.29
900368,712484,2025-06-13,Changed Mind,Completed,Original Payment,6054.76
900369,700890,2024-03-06,,Approved,,1370.37
900370,700156,2025-12-21,Size Issue,requested,UPI,5517.56
900371,711672,2024-06-04,Changed Mind,Approved,,788.01
900372,705862,2025-12-07,Not as Expected,Rejected,Original Payment,469.74
900373,712646,2025-01-07,Wrong Item,requested,Original Payment,1026.13
900374,706064,2025-08-24,damaged,Approved,UPI,4673.87
900375,715208,2025-06-15,Damaged,requested,Store Credit,8109.93
900376,706590,2026-01-10,Duplicate Order,,Store Credit,3978.62
900377,700447,2024-02-25,Wrong Item,Requested,original payment,11248.93
900378,709268,2025-07-14,Late Delivery,Completed,,4439.21
900379,708453,2024-01-18,,Completed,Store Credit,22070.72
900380,714875,2025-09-22,Size Issue,Rejected,original payment,7453.92
900381,703916,2024-05-31,,,,1925.16
900382,714892,2024-02-24,,Completed,original payment,2202.6
900383,704714,2025-11-26,Duplicate Order,Rejected,UPI,2200.9
900384,715332,2025-03-16,,Requested,Bank Transfer,5566.37
900385,701273,2024-10-30,Size Issue,approved,Store Credit,5301.17
900386,713392,2025-04-20,Quality Issue,requested,Original Payment,4723.28
900387,711593,2025-12-21,Quality Issue,Completed,UPI,3757.14
900388,717184,2025-09-29,,requested,Store Credit,1367.1
900389,715926,2025-11-21,Size Issue,Rejected,UPI,0.0
900390,717750,2024-10-17,,approved,,21255.94
900391,700070,2025-01-11,Wrong Item,Approved,Original Payment,2305.8
900392,714908,2025-09-09,Duplicate Order,approved,Bank Transfer,1800.2
900393,709939,2024-05-05,Wrong Item,Approved,UPI,2975.47
900394,705647,2025-09-15,size issue,Approved,UPI,1550.71
900395,708972,2025-06-05,,Approved,UPI,7500.15
900396,711807,2024-01-27,Duplicate Order,Completed,Bank Transfer,16251.81
900397,708955,2025-03-26,size issue,Rejected,Store Credit,3171.51
900398,718579,2025-01-09,Late Delivery,Approved,Original Payment,2725.47
900399,704197,2024-07-29,,requested,Store Credit,496.88
900400,704468,2025-05-22,,Completed,original payment,12035.86
900401,706615,2024-01-21,Quality Issue,Requested,Original Payment,709.49
900402,719642,2024-08-03,Duplicate Order,Approved,UPI,9279.79
900403,714495,2024-02-09,Duplicate Order,Approved,UPI,4176.92
900404,700749,2025-03-10,,Rejected,UPI,542.87
900405,702136,2025-05-07,Duplicate Order,Requested,UPI,5092.27
900406,702603,2024-04-30,,,UPI,5064.75
900407,710580,2024-02-10,damaged,Rejected,Store Credit,7214.08
900408,705305,2025-12-12,Not as Expected,approved,original payment,10027.45
900409,713219,2024-07-27,damaged,approved,Original Payment,3047.35
900410,703086,2025-11-10,Changed Mind,requested,Store Credit,1599.05
900411,718246,2025-07-22,size issue,requested,,2992.97
900412,718145,2024-04-13,Duplicate Order,,Bank Transfer,4997.0
900413,716840,2024-06-29,Wrong Item,,UPI,0.0
900414,706705,2025-04-16,Wrong Item,approved,,707.35
900415,703850,2024-04-11,Duplicate Order,Completed,,13085.02
900416,705028,2025-05-31,Damaged,Completed,Store Credit,1069.58
900417,715379,2024-02-01,Late Delivery,,Original Payment,3763.56
900418,716787,2025-03-28,Size Issue,requested,,12697.55
900419,715602,2025-08-05,Size Issue,,UPI,7827.38
900420,711253,2024-08-05,Duplicate Order,Approved,,3453.53
900421,702689,2025-02-27,size issue,Rejected,Store Credit,1913.41
900422,715004,2025-10-25,Duplicate Order,,Bank Transfer,4438.24
900423,709238,2025-12-25,damaged,Approved,Original Payment,2829.6
900424,709458,2024-12-17,Not as Expected,Requested,Bank Transfer,5231.79
900425,714375,2024-05-01,Duplicate Order,,,7023.34
900426,704457,2024-10-01,Wrong Item,Completed,,1188.01
900427,711365,2025-09-17,Changed Mind,Approved,UPI,11463.57
900428,704951,2025-10-03,damaged,Requested,original payment,14898.11
900429,705010,2025-10-06,Changed Mind,requested,,2043.14
900430,715009,2024-10-22,Quality Issue,,Bank Transfer,3389.06
900431,708343,2025-05-18,Duplicate Order,Completed,UPI,0.0
900432,707935,2024-09-09,Quality Issue,Completed,,2252.96
900433,704153,2024-06-03,Not as Expected,requested,UPI,1108.74
900434,715792,2024-09-01,Damaged,Approved,UPI,2424.8
900435,710560,2024-03-28,Wrong Item,approved,UPI,5991.03
900436,700550,2025-08-21,Duplicate Order,Approved,UPI,619.29
900437,709378,2024-05-15,Damaged,Rejected,Bank Transfer,0.0
900438,704364,2024-06-27,Damaged,Requested,original payment,6522.93
900439,705106,2025-12-15,Duplicate Order,Approved,Bank Transfer,1995.56
900440,705691,2024-02-03,Not as Expected,Requested,Bank Transfer,6504.29
900441,714150,2025-01-05,size issue,,Original Payment,3757.87
900442,717055,2025-07-25,damaged,Rejected,UPI,3212.31
900443,717018,2025-08-21,Duplicate Order,,Store Credit,8316.65
900444,716685,2024-04-26,Damaged,Requested,,916.25
900445,710923,2025-12-16,damaged,Requested,Bank Transfer,11861.33
900446,706782,2025-05-05,Late Delivery,Rejected,original payment,6390.05
900447,701112,2025-11-16,Size Issue,Completed,original payment,7521.74
900448,712928,2024-11-01,Damaged,,,887.19
900449,716848,2024-03-18,Not as Expected,Completed,UPI,9155.22
900450,700094,2025-06-13,size issue,requested,original payment,4662.05
900451,717107,2024-05-28,Not as Expected,Requested,,7251.86
900452,702829,2024-09-28,Wrong Item,approved,,3635.6
900453,718345,2024-06-21,size issue,requested,Bank Transfer,2015.82
900454,705478,2025-12-20,,Approved,Store Credit,1356.42
900455,704809,2024-03-27,Wrong Item,requested,Bank Transfer,0.0
900456,705393,2025-06-03,Late Delivery,requested,,7408.93
900457,708089,2024-07-12,Not as Expected,Approved,Store Credit,2520.26
900458,718634,2025-07-07,Late Delivery,Completed,Store Credit,4013.22
900459,712109,2024-09-12,Changed Mind,approved,original payment,45335.75
900460,719305,2025-10-26,Late Delivery,requested,original payment,0.0
900461,719571,2024-12-15,size issue,requested,Store Credit,4334.84
900462,713235,2025-08-14,damaged,Approved,Original Payment,4006.73
900463,719760,2024-04-28,Size Issue,Requested,original payment,1210666.38
900464,719047,2024-03-29,,Requested,Original Payment,757.9
900465,714485,2025-01-15,Changed Mind,Completed,original payment,6959.53
900466,717028,2024-07-14,size issue,Rejected,Store Credit,635.2
900467,702270,2025-09-28,,Approved,UPI,1718.02
900468,704247,2026-01-11,Not as Expected,Requested,,1816.91
900469,706344,2024-08-24,size issue,approved,UPI,17015.19
900470,715073,2025-06-06,Wrong Item,Approved,UPI,377.89
900471,715411,2024-06-18,Changed Mind,Approved,Store Credit,3587.83
900472,713857,2024-02-07,,approved,Store Credit,340.53
900473,710638,2024-01-26,damaged,approved,original payment,514.5
900474,701571,2025-07-12,damaged,Requested,UPI,6907.24
900475,703210,2025-11-03,Duplicate Order,Rejected,UPI,3669.78
900476,703880,2024-03-28,Size Issue,Requested,Original Payment,0.0
900477,702233,2025-04-02,Late Delivery,requested,Original Payment,2160.64
900478,710617,2025-06-17,Changed Mind,Rejected,Bank Transfer,2730.98
900479,708320,2025-12-17,Damaged,approved,Bank Transfer,1651.35
900480,715093,2025-08-30,Not as Expected,Rejected,Bank Transfer,4775.48
900481,700131,2025-06-23,Duplicate Order,Completed,Store Credit,7358.7
900482,705408,2024-05-14,size issue,Requested,original payment,6246.92
900483,702945,2025-05-19,damaged,Rejected,Store Credit,3601.27
900484,701389,2024-10-12,size issue,Approved,Original Payment,7255.18
900485,707667,2024-02-19,Changed Mind,Approved,Original Payment,5303.17
900486,714144,2024-11-27,Wrong Item,requested,,39533.29
900487,715638,2025-01-16,Changed Mind,Requested,UPI,1520.06
900488,711724,2025-03-28,Late Delivery,Completed,,6700.46
900489,717291,2025-08-12,size issue,Requested,original payment,3805.67
900490,712607,2025-05-26,Damaged,,Original Payment,7342.36
900491,716267,2025-12-10,Damaged,Completed,Bank Transfer,18343.01
900492,703395,2024-01-23,Size Issue,Requested,Original Payment,2743.44
900493,706613,2025-07-28,,Approved,Bank Transfer,4894.12
900494,711491,2025-11-17,Damaged,approved,Bank Transfer,5640.75
900495,712996,2025-05-09,Size Issue,requested,Store Credit,1317.68
900496,715814,2025-01-11,damaged,approved,Store Credit,4910.77
900497,701586,2024-04-14,,Approved,original payment,2861.6
900498,714223,2025-01-23,damaged,Completed,Original Payment,7356.24
900499,706275,2024-06-25,Late Delivery,approved,UPI,5602.31
900500,719135,2025-09-15,Quality Issue,Completed,original payment,5735.44
900501,702673,2026-01-15,,Requested,original payment,415.33
900502,713328,2025-08-15,Damaged,approved,Store Credit,17761.98
900503,700489,2025-11-05,Wrong Item,Requested,UPI,26144.67
900504,717469,2024-10-25,Size Issue,Rejected,UPI,6258.97
900505,705328,2025-06-03,damaged,Completed,Store Credit,1327.83
900506,705412,2025-06-12,Late Delivery,Requested,Store Credit,3038.65
900507,712095,2024-03-04,Not as Expected,requested,Bank Transfer,4949.34
900508,713486,2024-11-01,Wrong Item,,original payment,15738.61
900509,711401,2025-05-05,damaged,Approved,Store Credit,3960.94
900510,711234,2025-10-26,Duplicate Order,,Original Payment,457.12
900511,719764,2025-09-07,Quality Issue,requested,Bank Transfer,14762.51
900512,718647,2024-03-19,size issue,Requested,Store Credit,2376.14
900513,711289,2025-11-22,Wrong Item,Approved,UPI,2665.53
900514,708539,2025-04-10,,Requested,,1599.88
900515,701404,2025-06-02,Late Delivery,Rejected,,875.73
900516,716516,2025-03-29,Duplicate Order,Rejected,original payment,4535.42
900517,714452,2025-06-04,Not as Expected,Rejected,,-500.0
900518,711446,2025-05-21,damaged,,original payment,10766.0
900519,714604,2025-06-13,Duplicate Order,Completed,,16384.11
900520,713117,2024-08-28,Changed Mind,Requested,Bank Transfer,4546.48
900521,700320,2024-01-09,Duplicate Order,Approved,Original Payment,9344.44
900522,700997,2024-03-06,Late Delivery,Requested,UPI,4255.17
900523,718154,2025-12-11,Late Delivery,Requested,UPI,822.81
900524,705920,2025-09-16,damaged,Requested,Bank Transfer,2523.18
900525,700486,2024-05-16,Changed Mind,,UPI,22358.64
900526,706447,2024-10-14,Not as Expected,approved,Original Payment,2323.52
900527,706101,2024-03-09,,Requested,Original Payment,11149.89
900528,701306,2024-09-23,size issue,Rejected,,1817.03
900529,716123,2024-02-24,Late Delivery,Rejected,,1130.08
900530,718990,2025-06-24,Quality Issue,approved,,2365.37
900531,710704,2025-03-25,damaged,approved,UPI,23287.84
900532,701073,2024-12-05,Late Delivery,Rejected,Bank Transfer,2051.34
900533,708264,2025-12-17,Quality Issue,approved,original payment,8205.17
900534,713791,2025-05-15,damaged,Completed,original payment,16363.18
900535,710813,2025-10-20,Late Delivery,Requested,Bank Transfer,3123.8
900536,709304,2025-05-15,,Approved,original payment,661.46
900537,702187,2025-01-06,Not as Expected,approved,,33295.39
900538,712322,2025-03-07,Size Issue,Requested,Original Payment,25217.52
900539,713327,2024-03-05,Late Delivery,requested,Bank Transfer,10676.28
900540,711531,2024-06-19,,requested,Bank Transfer,6424.07
900541,702285,2025-11-30,Size Issue,requested,Original Payment,16666.85
900542,704365,2025-07-17,Duplicate Order,Rejected,Bank Transfer,3737.07
900543,702652,2025-09-28,damaged,approved,original payment,8881.91
900544,712491,2025-01-16,Changed Mind,approved,Original Payment,1273.11
900545,715653,2024-06-03,Duplicate Order,approved,UPI,14454.0
900546,710634,2024-07-19,damaged,approved,Bank Transfer,5587.56
900547,709522,2024-02-25,Changed Mind,Approved,UPI,342.14
900548,700737,2024-10-11,Changed Mind,approved,UPI,13847.76
900549,719650,2025-06-20,size issue,Rejected,original payment,15377.1
900550,716203,2025-02-10,Quality Issue,Rejected,Original Payment,1244.96
900551,701758,2025-09-11,Changed Mind,approved,Original Payment,3247.06
900552,705879,2025-03-29,Late Delivery,Rejected,Original Payment,18684.93
900553,714971,2024-09-09,Damaged,approved,Original Payment,1451.44
900554,715386,2024-08-04,,Requested,Bank Transfer,5990.52
900555,707175,2025-02-13,size issue,approved,Store Credit,6141.3
900556,719970,2025-07-06,Late Delivery,Completed,Original Payment,965.25
900557,713519,2025-11-13,Not as Expected,,,1023.4
900558,711232,2025-02-13,Duplicate Order,Rejected,Store Credit,2303.01
900559,707461,2025-06-25,Size Issue,Rejected,Original Payment,12295.01
900560,713880,2024-12-30,Wrong Item,approved,,4185.56
900561,704012,2025-06-09,Changed Mind,requested,Store Credit,3317.23
900562,700929,2025-07-26,Wrong Item,,UPI,1890.46
900563,703833,2025-09-01,Not as Expected,Requested,original payment,1113.38
900564,707295,2025-06-14,Late Delivery,Rejected,Store Credit,5510.28
900565,705330,2025-04-30,Not as Expected,Completed,Store Credit,21749.02
900566,718417,2024-08-21,size issue,Rejected,original payment,4907.31
900567,712861,2026-01-01,damaged,approved,,10197.07
900568,712961,2024-04-22,,Requested,Store Credit,12041.63
900569,715099,2025-11-11,Damaged,Rejected,UPI,5060.29
900570,705481,2024-06-22,damaged,Completed,,1140.79
900571,715932,2025-09-07,Damaged,Rejected,UPI,2185.54
900572,702033,2025-06-19,Quality Issue,,Original Payment,3562.3
900573,700703,2024-09-04,Duplicate Order,Rejected,Original Payment,0.0
900574,718116,2025-04-24,damaged,,Original Payment,31166.03
900575,705035,2025-10-24,damaged,,Bank Transfer,5054.73
900576,714545,2025-09-02,Changed Mind,,UPI,11330.4
900577,707085,2025-11-07,Wrong Item,Requested,UPI,2329.64
900578,716375,2024-07-23,Not as Expected,Requested,original payment,0.0
900579,703336,2024-09-10,Quality Issue,Requested,Store Credit,999999.0
900580,700723,2025-01-09,Wrong Item,approved,original payment,3645.5
900581,704797,2024-10-12,Damaged,,original payment,3304.59
900582,715562,2025-09-14,damaged,Rejected,original payment,3795.8
900583,704803,2025-11-01,Wrong Item,approved,,7724.13
900584,715265,2025-08-17,Not as Expected,approved,,10570.11
900585,715465,2025-08-10,Quality Issue,requested,,6340.14
900586,711917,2024-02-16,Late Delivery,Requested,,3368.68
900587,710055,2024-10-15,damaged,Completed,Store Credit,0.0
900588,712744,2025-06-10,Not as Expected,,Bank Transfer,549.71
900589,709534,2025-08-22,Not as Expected,approved,Original Payment,8767.9
900590,717622,2025-05-10,Late Delivery,Rejected,Bank Transfer,3172.64
900591,702859,2025-07-28,Late Delivery,Rejected,UPI,2215.3
900592,717954,2024-07-28,Quality Issue,Completed,Store Credit,2686.69
900593,701187,2025-01-02,Damaged,Approved,,17482.7
900594,701157,2025-07-19,damaged,Rejected,Original Payment,3199.51
900595,711024,2024-01-21,Wrong Item,Requested,UPI,3629.13
900596,712735,2025-04-19,Duplicate Order,requested,Bank Transfer,1807.6
900597,713394,2024-05-22,Not as Expected,,Original Payment,1440.29
900598,718117,2025-02-28,size issue,Rejected,Original Payment,148.31
900599,719622,2024-11-12,Quality Issue,,Bank Transfer,10484.59
900600,718846,2024-09-20,Damaged,approved,Original Payment,1086.23
900601,701611,2025-01-30,Damaged,approved,Store Credit,11151.05
900602,719789,2025-06-30,Damaged,Completed,UPI,1062.47
900603,709930,2024-08-23,size issue,Rejected,Original Payment,3860.1
900604,706425,2024-08-20,Damaged,,Bank Transfer,10634.78
900605,700231,2025-05-13,Not as Expected,Completed,,2538.41
900606,716833,2025-12-29,Not as Expected,Completed,Original Payment,2510.66
900607,706630,2024-12-13,Duplicate Order,approved,original payment,1836.97
900608,702024,2025-06-01,damaged,requested,,1115.38
900609,717480,2025-02-10,Not as Expected,Requested,UPI,2682.22
900610,700682,2024-02-25,size issue,requested,Store Credit,2900.74
900611,709411,2025-12-14,size issue,Approved,UPI,4688.38
900612,711543,2024-03-12,size issue,Requested,,0.0
900613,706942,2024-03-28,damaged,Rejected,Bank Transfer,10327.65
900614,716549,2024-08-09,Wrong Item,requested,UPI,9967.11
900615,715727,2025-11-15,Duplicate Order,Rejected,Bank Transfer,2543.78
900616,718955,2024-07-23,,approved,,30756.65
900617,710300,2025-01-01,Quality Issue,approved,Bank Transfer,917.41
900618,715894,2025-08-13,Not as Expected,Rejected,Store Credit,10234.85
900619,718629,2025-10-19,damaged,requested,,1005.35
900620,711752,2024-10-22,Late Delivery,,UPI,9921.41
900621,701981,2025-09-21,Duplicate Order,requested,Store Credit,-500.0
900622,705776,2024-02-08,Wrong Item,Approved,Bank Transfer,3845.11
900623,709136,2024-05-03,Size Issue,Approved,Bank Transfer,4635.6
900624,709713,2024-10-11,Changed Mind,Completed,UPI,8316.54
900625,707827,2025-06-12,Size Issue,Rejected,Bank Transfer,1030.35
900626,712066,2024-03-09,Damaged,Approved,Original Payment,1008.79
900627,711409,2024-02-12,Damaged,Approved,original payment,468.77
900628,702212,2025-04-20,Wrong Item,Requested,original payment,514.74
900629,714932,2024-03-03,,requested,original payment,3722.85
900630,706690,2024-11-02,Size Issue,Rejected,UPI,1073.85
900631,709934,2025-12-07,Damaged,,Store Credit,2839.99
900632,707754,2024-01-08,Late Delivery,Rejected,Store Credit,3733.29
900633,714311,2024-03-21,Late Delivery,,,546.92
900634,713252,2025-07-25,Quality Issue,approved,Store Credit,425.23
900635,717088,2024-05-25,Quality Issue,approved,original payment,1511.12
900636,703761,2025-02-22,Changed Mind,Rejected,Store Credit,731.28
900637,717943,2025-06-06,Changed Mind,Approved,Bank Transfer,0.0
900638,711453,2024-07-06,Quality Issue,Completed,Original Payment,2030.1
900639,708863,2024-03-31,Wrong Item,approved,original payment,1203.59
900640,708110,2025-08-10,size issue,,,12428.96
900641,707315,2024-08-06,Wrong Item,Rejected,UPI,1197.24
900642,705142,2024-11-10,,Rejected,Original Payment,4485.69
900643,712694,2024-07-26,size issue,requested,Original Payment,1099.07
900644,706081,2025-05-21,Quality Issue,requested,Bank Transfer,0.0
900645,716846,2025-09-14,Wrong Item,approved,Original Payment,945.89
900646,701442,2024-11-01,Quality Issue,,Bank Transfer,6971.24
900647,714207,2025-01-23,Wrong Item,approved,Original Payment,2401.85
900648,708519,2024-10-19,Changed Mind,,Bank Transfer,24002.22
900649,719261,2024-06-03,Late Delivery,Approved,UPI,19126.55
900650,713162,2024-10-23,Quality Issue,approved,Original Payment,0.0
900651,708173,2024-07-06,Wrong Item,requested,,3972.36
900652,703921,2024-09-25,size issue,approved,UPI,-500.0
900653,702849,2024-12-02,Wrong Item,requested,UPI,24182.58
900654,714795,2025-02-20,Size Issue,Completed,Bank Transfer,25353.69
900655,705377,2025-07-28,Size Issue,approved,,4429.17
900656,709417,2025-10-13,Size Issue,,Original Payment,3989.79
900657,716316,2024-02-15,Late Delivery,Requested,,2642.22
900658,714969,2025-03-19,Late Delivery,approved,UPI,8094.43
900659,706972,2025-06-27,damaged,,Store Credit,1259.98
900660,714637,2024-09-01,Late Delivery,Rejected,Original Payment,581.02
900661,718507,2024-09-05,Damaged,,original payment,5053.73
900662,718044,2025-10-06,Damaged,,original payment,1110.07
900663,714475,2025-05-29,size issue,Completed,Bank Transfer,0.0
900664,717183,2025-05-27,Late Delivery,Requested,UPI,784.43
900665,704094,2025-10-12,Size Issue,requested,Store Credit,13882.11
900666,703286,2024-03-12,Not as Expected,requested,original payment,3728.16
900667,719308,2025-04-14,Damaged,Approved,Store Credit,11028.0
900668,707040,2026-01-01,,approved,original payment,2837.88
900669,712685,2025-06-02,Size Issue,Rejected,original payment,5321.98
900670,702694,2025-08-15,,Requested,Bank Transfer,4654.88
900671,717015,2024-10-21,Late Delivery,approved,UPI,3720.36
900672,705623,2024-09-19,Wrong Item,,UPI,21162.43
900673,719745,2024-11-10,Not as Expected,Requested,,3203.13
900674,701862,2025-09-21,,Rejected,Store Credit,812.5
900675,713450,2024-05-24,Late Delivery,requested,original payment,3399.14
900676,710140,2024-09-25,,Completed,UPI,1096.3
900677,701336,2024-04-16,Late Delivery,,,7732.59
900678,716143,2024-07-21,Not as Expected,Approved,original payment,1435.21
900679,715939,2025-11-16,Late Delivery,Rejected,Original Payment,5558.6
900680,706608,2025-02-12,Changed Mind,approved,original payment,804.94
900681,705587,2024-12-02,,approved,original payment,1490.27
900682,714285,2024-10-05,Changed Mind,,UPI,8282.64
900683,704450,2024-08-17,Changed Mind,Requested,UPI,6446.85
900684,717129,2025-02-05,Changed Mind,approved,Bank Transfer,401.87
900685,708156,2025-03-25,Quality Issue,Rejected,Bank Transfer,53543.58
900686,713860,2025-12-25,damaged,Requested,Original Payment,0.0
900687,705555,2025-11-28,Not as Expected,Approved,Original Payment,2750.17
900688,713821,2024-12-29,Damaged,approved,Store Credit,3700.69
900689,717973,2024-10-02,Quality Issue,,,2740.8
900690,714983,2025-09-19,Late Delivery,Approved,Bank Transfer,2907.84
900691,714780,2025-08-15,Late Delivery,Completed,original payment,3935.65
900692,705318,2025-11-10,Size Issue,Approved,,5718.01
900693,718856,2025-08-11,,Completed,,7996.07
900694,719825,2025-10-23,Damaged,Approved,original payment,1465.97
900695,718020,2024-07-02,damaged,Requested,Bank Transfer,0.0
900696,715303,2024-10-27,Duplicate Order,,Original Payment,2388.52
900697,703230,2025-07-23,Late Delivery,approved,Store Credit,0.0
900698,717811,2024-10-31,Wrong Item,approved,,8420.76
900699,717511,2025-11-14,Damaged,Completed,Original Payment,1143.63
900700,707319,2024-11-10,Damaged,Approved,Original Payment,5435.49
900701,710063,2024-09-10,Size Issue,Requested,UPI,7737.32
900702,702713,2025-09-14,Wrong Item,,UPI,412.31
900703,715284,2024-07-08,,Approved,Bank Transfer,17644.61
900704,712666,2024-08-23,Duplicate Order,Requested,Store Credit,1490.97
900705,710817,2025-08-10,Wrong Item,Approved,Store Credit,3950.75
900706,703892,2025-02-08,Duplicate Order,Approved,,5675.18
900707,704943,2024-10-03,,Completed,,2927.25
900708,713224,2025-01-20,Damaged,Completed,UPI,486.32
900709,715525,2025-05-16,Duplicate Order,Approved,Store Credit,1396.39
900710,701600,2024-08-28,damaged,Requested,,10771.76
900711,714955,2025-02-17,Late Delivery,Approved,Bank Transfer,2064.24
900712,704545,2025-09-17,damaged,,,1908.27
900713,714439,2024-02-06,Size Issue,Requested,Bank Transfer,4156.91
900714,709497,2025-09-11,size issue,Rejected,Bank Transfer,25403.36
900715,719468,2024-04-30,,Approved,UPI,7875.22
900716,702988,2025-11-08,,approved,Bank Transfer,7010.89
900717,703811,2024-03-22,damaged,Rejected,,9758.42
900718,717872,2024-02-08,,Completed,Bank Transfer,12297.92
900719,718124,2024-06-30,Not as Expected,Completed,UPI,11609.64
900720,711285,2024-04-20,Duplicate Order,approved,,1452.59
900721,701419,2025-06-01,Size Issue,approved,Original Payment,4350.02
900722,702619,2025-12-10,damaged,Approved,,20387.51
900723,703898,2025-09-14,Size Issue,Rejected,Bank Transfer,18741.48
900724,704697,2024-11-28,Size Issue,Approved,,33669.03
900725,703680,2025-08-08,Late Delivery,Rejected,Bank Transfer,9906.46
900726,703104,2024-08-09,Quality Issue,requested,Bank Transfer,845.7
900727,701181,2024-09-23,size issue,Rejected,,2376673.8
900728,701061,2025-06-22,Changed Mind,Requested,Bank Transfer,2877.58
900729,718926,2024-08-11,size issue,,Store Credit,1509.07
900730,714271,2025-04-29,Size Issue,,Original Payment,933.4
900731,710722,2025-05-07,,,original payment,1321.86
900732,719069,2024-11-11,,Approved,Store Credit,1851.38
900733,703913,2025-02-15,size issue,,Original Payment,517.39
900734,717980,2024-04-24,Changed Mind,Requested,Bank Transfer,14445.79
900735,716807,2024-08-20,Duplicate Order,Requested,original payment,8334.93
900736,709186,2024-06-05,Late Delivery,approved,original payment,6331.74
900737,706375,2025-03-13,damaged,Approved,,1520.95
900738,709274,2025-09-07,,Rejected,Store Credit,993.05
900739,717740,2024-05-29,size issue,Requested,,1146.02
900740,713535,2024-05-22,,Approved,,2839.72
900741,701464,2024-12-02,Wrong Item,requested,Store Credit,8412.36
900742,702898,2025-09-02,Quality Issue,requested,original payment,3858.44
900743,701523,2024-04-04,Size Issue,Approved,Store Credit,34606.64
900744,717162,2024-09-06,damaged,requested,Store Credit,26214.12
900745,717718,2024-04-10,damaged,approved,,2331.57
900746,704477,2025-11-27,Not as Expected,Approved,UPI,3232.67
900747,712661,2024-08-15,Size Issue,Requested,Store Credit,2273.36
900748,710267,2025-03-14,size issue,Approved,Original Payment,879.32
900749,712695,2025-06-13,size issue,requested,Original Payment,956.38
900750,700523,2025-07-11,Quality Issue,Approved,Store Credit,59531.15
900751,715760,2024-05-02,Duplicate Order,Requested,,5809.62
900752,702850,2025-03-03,Duplicate Order,approved,UPI,4591.3
900753,717196,2025-01-02,,Requested,Bank Transfer,8911.72
900754,709832,2024-02-18,damaged,requested,original payment,8602.12
900755,717769,2025-01-25,Wrong Item,Approved,UPI,22354.56
900756,707161,2025-02-23,Duplicate Order,Completed,UPI,3488.2
900757,701409,2024-01-19,,approved,original payment,328.45
900758,709307,2024-01-31,,Requested,Bank Transfer,8931.27
900759,715107,2025-07-09,damaged,,,0.0
900760,705802,2024-04-27,,,Store Credit,3761.05
900761,705218,2025-05-02,Quality Issue,approved,,5819.03
900762,703213,2025-07-11,Late Delivery,Rejected,UPI,887.56
900763,716464,2025-01-23,Duplicate Order,Rejected,original payment,6727.69
900764,705875,2025-06-06,Quality Issue,Approved,Store Credit,10469.08
900765,709176,2024-08-19,Late Delivery,Rejected,original payment,7795.66
900766,713964,2024-10-23,Size Issue,Requested,Bank Transfer,721.04
900767,707141,2024-11-02,Wrong Item,Rejected,UPI,6063.01
900768,704015,2025-09-11,Changed Mind,Approved,Bank Transfer,48200.46
900769,708251,2025-09-12,Wrong Item,requested,Original Payment,354.22
900770,718618,2024-02-13,Quality Issue,approved,Store Credit,865.17
900771,719754,2024-04-26,damaged,Requested,UPI,1626.71
900772,705290,2025-01-17,Size Issue,,Bank Transfer,2831.47
900773,718107,2025-02-10,Changed Mind,Approved,Store Credit,0.0
900774,714278,2024-04-23,Wrong Item,,original payment,2085.96
900775,702405,2025-10-20,size issue,Rejected,original payment,1134.88
900776,700087,2024-09-13,Late Delivery,Completed,Original Payment,11009.8
900777,708566,2025-05-06,,Requested,Store Credit,1816.01
900778,719491,2025-11-14,Late Delivery,Requested,,3220.36
900779,717351,2024-05-30,Late Delivery,approved,,2635.4
900780,707432,2025-12-23,size issue,Approved,,1727.25
900781,706154,2025-05-12,Quality Issue,Requested,UPI,4705.08
900782,710486,2025-03-08,Quality Issue,,original payment,14076.49
900783,703032,2024-01-16,Quality Issue,approved,,2950.79
900784,708295,2026-01-04,Not as Expected,Rejected,Store Credit,1075.61
900785,700768,2025-12-25,Not as Expected,,Store Credit,19681.57
900786,713233,2024-01-31,Damaged,Completed,Bank Transfer,3620.13
900787,703025,2024-07-31,Quality Issue,Completed,Store Credit,3662.17
900788,717240,2024-11-01,Changed Mind,,UPI,311.13
900789,713784,2024-01-15,Quality Issue,Requested,original payment,3266.4
900790,705744,2025-08-22,,,Bank Transfer,1581.13
900791,701697,2024-04-30,Changed Mind,Requested,UPI,6505.04
900792,700373,2024-11-01,Late Delivery,Requested,Bank Transfer,34976.9
900793,709878,2025-09-24,damaged,approved,Store Credit,921.75
900794,706228,2024-07-05,Changed Mind,Completed,Store Credit,6326.59
900795,719613,2025-04-07,damaged,Approved,Store Credit,24078.98
900796,719544,2024-08-12,Late Delivery,Requested,original payment,2614.37
900797,704300,2024-01-20,,requested,Original Payment,4577.4
900798,713369,2025-09-06,Quality Issue,Requested,Bank Transfer,0.0
900799,711873,2025-06-24,Changed Mind,requested,,1471.37
900800,714857,2024-07-21,Late Delivery,requested,Store Credit,19175.15
900801,718078,2024-02-28,Changed Mind,Completed,,6377.66
900802,705789,2025-08-15,Quality Issue,Approved,UPI,4275.46
900803,717893,2025-11-19,,Completed,original payment,3237.84
900804,703417,2025-03-07,Not as Expected,Completed,,4466.1
900805,702032,2025-04-05,damaged,Completed,,4099.37
900806,716017,2024-07-02,Quality Issue,Requested,original payment,5982.89
900807,714702,2025-06-02,Not as Expected,approved,Original Payment,1124.69
900808,711999,2024-12-03,Late Delivery,Rejected,Bank Transfer,2296.04
900809,711679,2025-06-27,size issue,Requested,Store Credit,2059.83
900810,714740,2025-02-08,Damaged,Completed,Bank Transfer,3382.45
900811,705884,2025-01-11,Late Delivery,requested,UPI,3202.88
900812,707508,2024-04-10,Damaged,Requested,Bank Transfer,13537.42
900813,709402,2024-08-23,Changed Mind,approved,Bank Transfer,13100.17
900814,711014,2025-07-24,Not as Expected,approved,UPI,5811.38
900815,716497,2025-01-29,Changed Mind,approved,,9644.48
900816,718138,2025-08-19,Wrong Item,requested,Original Payment,1446.69
900817,714445,2025-10-08,Damaged,Completed,,1909.37
900818,702147,2024-02-02,Duplicate Order,Rejected,,2096.47
900819,709286,2024-05-18,damaged,Completed,Original Payment,1239.56
900820,700169,2024-08-29,size issue,Completed,,1042.7
900821,710754,2025-12-02,Wrong Item,Approved,Bank Transfer,8508.67
900822,704237,2025-10-01,Not as Expected,Rejected,,2159.5
900823,714436,2024-05-02,Duplicate Order,Rejected,,13414.85
900824,710942,2024-10-08,Size Issue,,original payment,551.07
900825,705836,2024-04-27,size issue,Requested,Store Credit,304.9
900826,717502,2025-07-05,damaged,Requested,UPI,7091.62
900827,711649,2025-11-19,Not as Expected,Rejected,UPI,3120.05
900828,713250,2024-11-15,,Approved,Store Credit,4172.13
900829,704388,2024-10-15,Late Delivery,Approved,original payment,25274.09
900830,708886,2025-07-28,Size Issue,,Bank Transfer,0.0
900831,714038,2025-04-09,Size Issue,Requested,Original Payment,20866.42
900832,706197,2025-07-04,Duplicate Order,Completed,UPI,12379.84
900833,712351,2025-03-17,size issue,Rejected,Bank Transfer,2090.19
900834,716974,2025-08-08,Late Delivery,Rejected,UPI,537.92
900835,705680,2025-12-27,Duplicate Order,Rejected,Store Credit,341.21
900836,705038,2026-01-07,damaged,Rejected,,480.42
900837,719718,2025-09-27,,approved,Store Credit,2377.75
900838,704717,2024-01-31,Not as Expected,Requested,Store Credit,5668.14
900839,714136,2025-07-17,Not as Expected,requested,,3370.04
900840,701772,2024-06-02,Duplicate Order,requested,Original Payment,7547.06
900841,705517,2025-04-18,Size Issue,Completed,original payment,716.42
900842,717678,2024-11-17,damaged,Requested,UPI,660.66
900843,704578,2024-04-09,,Requested,original payment,1795.52
900844,709323,2025-12-14,Changed Mind,,Original Payment,1251.2
900845,706458,2025-10-14,size issue,Rejected,Store Credit,991.29
900846,706009,2025-10-03,Late Delivery,Approved,Store Credit,6790.7
900847,715152,2025-01-16,Wrong Item,Rejected,Store Credit,2689.62
900848,701415,2024-02-14,Late Delivery,requested,,3529.87
900849,713292,2025-06-16,Damaged,Completed,Store Credit,29998.08
900850,705932,2024-09-01,damaged,,Original Payment,5189.78
900851,707707,2024-07-25,Size Issue,Completed,Bank Transfer,0.0
900852,713662,2025-02-06,Size Issue,approved,,3396.11
900853,717975,2025-02-15,Duplicate Order,,,14912.86
900854,711688,2025-05-08,Changed Mind,Rejected,original payment,2624.45
900855,713680,2025-09-17,Changed Mind,requested,Bank Transfer,7801.35
900856,706083,2025-09-06,Wrong Item,Approved,,8947.03
900857,715483,2025-03-14,Size Issue,Approved,,3053.05
900858,718227,2024-10-25,Changed Mind,requested,Bank Transfer,22226.99
900859,701426,2024-09-13,Size Issue,requested,Store Credit,9297.81
900860,719501,2025-03-28,Damaged,Requested,original payment,4369.53
900861,719667,2025-03-01,Wrong Item,Requested,Original Payment,988.73
900862,707140,2024-02-11,Late Delivery,approved,Store Credit,459.29
900863,715026,2024-07-15,Quality Issue,Completed,,1424.69
900864,714126,2025-05-23,Quality Issue,,Bank Transfer,2619.89
900865,710507,2025-08-23,Late Delivery,Requested,Bank Transfer,9178.07
900866,713115,2024-12-14,Damaged,Rejected,Bank Transfer,382.95
900867,707656,2026-01-08,Changed Mind,approved,Bank Transfer,25696.11
900868,705817,2025-12-27,damaged,approved,original payment,1181.59
900869,706494,2024-04-02,Damaged,,UPI,739403.82
900870,705415,2025-10-29,,Requested,,2106.82
900871,708008,2024-12-19,Quality Issue,Requested,Store Credit,1735.83
900872,713373,2025-06-11,Quality Issue,approved,Original Payment,1028.38
900873,703101,2025-04-28,Damaged,requested,original payment,4141.94
900874,712100,2024-06-19,Duplicate Order,,,493.01
900875,715490,2024-12-15,Not as Expected,requested,original payment,695.24
900876,708436,2025-01-09,Size Issue,Requested,,1818.97
900877,715442,2024-06-13,,Completed,Store Credit,1217.91
900878,719386,2024-02-01,Size Issue,,UPI,5630.1
900879,714581,2024-08-14,Not as Expected,approved,Bank Transfer,2492.0
900880,706675,2024-07-15,Size Issue,Requested,Bank Transfer,1959.01
900881,711116,2025-08-03,size issue,Rejected,Store Credit,6341.26
900882,709820,2025-06-30,Wrong Item,Approved,original payment,4297.53
900883,707469,2025-06-09,Late Delivery,approved,UPI,18348.07
900884,714915,2024-02-15,Late Delivery,,Bank Transfer,7552.72
900885,709218,2025-01-02,Duplicate Order,,Original Payment,2415.51
900886,701564,2024-03-01,Damaged,Rejected,,2699.84
900887,705033,2025-05-05,Wrong Item,Completed,original payment,1177.65
900888,705004,2024-07-29,damaged,approved,Store Credit,1413.73
900889,704868,2024-09-03,Not as Expected,requested,Bank Transfer,15220.36
900890,713962,2025-11-27,Not as Expected,approved,,3234.41
900891,714949,2024-12-12,Changed Mind,Rejected,UPI,0.0
900892,709474,2025-09-10,Duplicate Order,Rejected,original payment,382.69
900893,715766,2025-08-24,Wrong Item,approved,Original Payment,1945.98
900894,717307,2024-08-10,size issue,Requested,,1643.04
900895,712275,2024-02-18,Not as Expected,,original payment,3652.47
900896,702818,2024-06-09,Changed Mind,Requested,Store Credit,13601.56
900897,719855,2024-10-18,Duplicate Order,Completed,,964.28
900898,703023,2025-02-14,Damaged,approved,original payment,6437.85
900899,714861,2024-11-08,Damaged,requested,Original Payment,3669.8
900900,700112,2025-12-14,Size Issue,Approved,Original Payment,954.46
900901,709771,2025-07-12,Late Delivery,approved,Original Payment,22751.67
900902,700019,2025-11-16,Duplicate Order,Completed,,1841.23
900903,700053,2024-10-04,Changed Mind,Approved,UPI,5375.2
900904,709481,2025-08-17,damaged,Rejected,original payment,12714.55
900905,718237,2025-07-15,Wrong Item,Approved,Store Credit,2548.22
900906,716085,2024-02-16,Duplicate Order,Completed,Original Payment,1027.91
900907,704050,2024-03-20,damaged,,Store Credit,6625.91
900908,717760,2024-11-18,damaged,,,1028.56
900909,711900,2025-08-14,damaged,requested,,10867.99
900910,711929,2025-10-31,,Rejected,Bank Transfer,17830.08
900911,718500,2025-09-08,Quality Issue,approved,original payment,813.82
900912,713834,2024-06-03,Damaged,Completed,UPI,12168.34
900913,716596,2024-12-14,Changed Mind,Rejected,UPI,2321.54
900914,711493,2024-12-16,Quality Issue,Completed,original payment,2449.21
900915,702640,2025-06-18,Damaged,Completed,Original Payment,4755.6
900916,706693,2025-04-13,damaged,requested,Bank Transfer,1796.88
900917,702701,2024-04-12,damaged,Completed,Original Payment,780.91
900918,717645,2024-12-17,Not as Expected,requested,UPI,8332.93
900919,702380,2024-10-31,Damaged,requested,,6668.83
900920,715469,2025-08-27,size issue,Rejected,,17112.84
900921,714415,2024-05-16,,Requested,original payment,1256.9
900922,707269,2025-05-20,Not as Expected,Completed,Bank Transfer,1910.43
900923,707972,2025-01-28,Quality Issue,requested,UPI,646.28
900924,715039,2024-07-27,Damaged,Requested,Original Payment,3168.26
900925,707958,2024-02-28,Late Delivery,Approved,Bank Transfer,115.7
900926,717498,2026-01-19,Quality Issue,Requested,Bank Transfer,4697.63
900927,707924,2025-08-18,Damaged,Approved,original payment,943.32
900928,714433,2024-11-15,Changed Mind,Requested,,3490.77
900929,712649,2024-02-07,Quality Issue,Approved,original payment,4996.24
900930,712853,2024-02-26,Damaged,Requested,Bank Transfer,14577.77
900931,717041,2025-05-01,Quality Issue,Approved,Bank Transfer,3315.2
900932,709538,2025-12-14,Size Issue,Rejected,Bank Transfer,6419.01
900933,712619,2024-08-20,Quality Issue,Requested,UPI,3924.18
900934,700334,2024-10-06,Late Delivery,Rejected,original payment,1377.54
900935,703352,2025-11-21,size issue,Completed,Store Credit,2153.88
900936,706212,2026-01-09,Wrong Item,Completed,Bank Transfer,3530.52
900937,707048,2025-09-06,Wrong Item,Approved,,1120.22
900938,706571,2024-02-26,Late Delivery,Completed,Bank Transfer,5019.07
900939,716046,2024-11-13,Quality Issue,Completed,Store Credit,1695.14
900940,703768,2024-05-03,Late Delivery,Approved,Bank Transfer,1686.49
900941,701923,2024-08-05,Changed Mind,Approved,Bank Transfer,7969.35
900942,714369,2024-12-05,Changed Mind,Completed,original payment,3581.68
900943,712091,2024-03-07,size issue,Requested,original payment,1305.81
900944,701989,2024-10-10,damaged,approved,Store Credit,1704.37
900945,716250,2024-07-11,Size Issue,approved,original payment,3796.75
900946,719246,2025-09-15,Duplicate Order,Requested,Bank Transfer,1735.87
900947,715234,2024-08-02,Damaged,Requested,Original Payment,2917.78
900948,706166,2025-02-20,Duplicate Order,Rejected,UPI,1827.14
900949,719340,2024-08-18,Late Delivery,Completed,UPI,6831.28
900950,703662,2024-07-30,Not as Expected,Approved,UPI,3635.98
900951,706172,2025-08-25,Quality Issue,approved,original payment,5922.73
900952,706509,2024-06-26,Changed Mind,Requested,UPI,1278039.21
900953,713452,2024-01-12,Not as Expected,,Bank Transfer,1939.33
900954,715931,2025-12-21,Damaged,Rejected,UPI,4450.29
900955,709677,2024-10-03,Damaged,Approved,,1002.7
900956,704453,2024-02-27,Quality Issue,,Bank Transfer,12219.66
900957,708802,2024-11-04,,Approved,Original Payment,6124.35
900958,702346,2025-04-23,,Completed,UPI,5393.63
900959,701676,2025-02-22,Duplicate Order,,Bank Transfer,4331.58
900960,705383,2024-05-01,size issue,Completed,Original Payment,4615.85
900961,710252,2024-07-16,Wrong Item,,Bank Transfer,3110.85
900962,709509,2024-05-18,size issue,Approved,,3979.23
900963,719440,2025-03-12,Not as Expected,Rejected,,1712.03
900964,717905,2025-11-27,Not as Expected,,Original Payment,16151.2
900965,709699,2025-04-27,Changed Mind,Rejected,Original Payment,8174.74
900966,700158,2025-09-03,Wrong Item,requested,Bank Transfer,4552.45
900967,712141,2024-04-28,Late Delivery,approved,Bank Transfer,2150.21
900968,709191,2024-04-07,Quality Issue,Approved,Bank Transfer,4766.48
900969,701851,2025-06-15,Late Delivery,,Store Credit,5140.04
900970,717982,2024-09-11,Damaged,Approved,Store Credit,0.0
900971,717445,2024-03-21,,Completed,Bank Transfer,28391.1
900972,702558,2025-08-29,size issue,Approved,Bank Transfer,10237.42
900973,710505,2024-07-05,Damaged,,original payment,714.29
900974,701382,2025-01-26,Late Delivery,Completed,Bank Transfer,1634.1
900975,717683,2025-02-20,,Approved,UPI,5545.05
900976,700460,2025-01-22,Size Issue,approved,Original Payment,1296.7
900977,717255,2024-02-25,size issue,,Store Credit,2791.09
900978,718614,2024-11-11,Changed Mind,,Bank Transfer,2129.84
900979,703531,2025-11-07,Damaged,requested,,9653.32
900980,704339,2025-06-30,Quality Issue,Completed,,2621.26
900981,714576,2024-11-02,damaged,requested,Store Credit,3852.52
900982,706576,2024-11-03,Size Issue,Completed,original payment,3637.98
900983,701255,2024-08-04,size issue,Requested,Original Payment,11162.04
900984,715098,2024-04-01,Changed Mind,requested,,5196.8
900985,702789,2025-09-25,Not as Expected,approved,,16647.57
900986,704643,2024-08-26,Quality Issue,Approved,UPI,2854.45
900987,707127,2025-10-04,damaged,Requested,Bank Transfer,3979.91
900988,716221,2024-04-11,Size Issue,Requested,Store Credit,0.0
900989,703748,2025-04-22,Late Delivery,,UPI,1406.83
900990,716902,2024-06-01,,Completed,Original Payment,683.27
900991,706701,2025-12-13,damaged,Completed,original payment,0.0
900992,706284,2025-01-25,Wrong Item,Requested,,803.91
900993,710994,2025-02-07,Late Delivery,requested,UPI,5513.19
900994,710046,2024-11-16,Wrong Item,Approved,UPI,1238.88
900995,713464,2024-03-07,size issue,Approved,,1779.52
900996,715626,2025-10-01,damaged,Rejected,Original Payment,3248.05
900997,708616,2025-02-01,damaged,approved,Original Payment,3174.63
900998,709751,2024-11-16,Damaged,requested,original payment,1813.58
900999,705294,2024-06-25,,requested,Original Payment,239.93
901000,709148,2025-08-04,Duplicate Order,Requested,Bank Transfer,17704.28
901001,713332,2025-10-06,damaged,Approved,,16332.87
901002,705376,2024-08-17,Damaged,approved,Store Credit,848.91
901003,708393,2025-02-02,damaged,requested,UPI,3655.64
901004,702354,2025-09-08,Not as Expected,Rejected,UPI,4095.13
901005,710980,2025-11-29,Quality Issue,requested,Bank Transfer,5573.7
901006,708192,2024-12-24,Quality Issue,Requested,Store Credit,1348.62
901007,705608,2024-12-08,Size Issue,Completed,Store Credit,12315.95
901008,711092,2025-03-30,,requested,,6671.69
901009,714538,2026-01-15,,approved,Bank Transfer,4043.98
901010,705801,2025-04-09,Changed Mind,,Store Credit,3215.75
901011,702258,2025-07-02,Damaged,requested,Bank Transfer,701.84
901012,714116,2026-01-24,damaged,requested,original payment,1316.01
901013,715235,2024-06-30,Size Issue,Completed,UPI,1958.92
901014,711782,2025-12-29,damaged,Rejected,Original Payment,1887.7
901015,708170,2024-02-04,Size Issue,requested,original payment,2205.34
901016,704325,2025-12-20,Not as Expected,Requested,original payment,11066.96
901017,710696,2025-05-24,Changed Mind,approved,Bank Transfer,2721.23
901018,713273,2024-06-14,Size Issue,requested,UPI,14325.43
901019,709876,2024-06-01,Not as Expected,Approved,Original Payment,2436.77
901020,713221,2024-03-27,,,original payment,2099.78
901021,707333,2024-06-30,Size Issue,Rejected,Bank Transfer,1638.59
901022,706754,2024-06-01,size issue,approved,Original Payment,3750.08
901023,711457,2025-07-31,Size Issue,Approved,original payment,290.58
901024,704609,2025-09-24,Quality Issue,approved,original payment,18350.64
901025,714457,2025-10-23,Size Issue,Completed,Original Payment,17094.72
901026,700357,2024-11-19,Size Issue,Completed,Original Payment,1375.07
901027,719868,2025-11-26,damaged,approved,Bank Transfer,12885.97
901028,701965,2024-06-21,Changed Mind,requested,UPI,1931.81
901029,710453,2024-03-13,Quality Issue,Rejected,Store Credit,944.51
901030,705563,2025-07-18,Size Issue,,UPI,1552.39
901031,702027,2026-01-27,Not as Expected,requested,UPI,5604.2
901032,711634,2025-12-04,Damaged,Rejected,UPI,370.05
901033,719752,2026-01-14,Changed Mind,requested,,4060.05
901034,715244,2024-07-27,Wrong Item,Requested,UPI,4298.42
901035,717832,2024-04-10,Late Delivery,Approved,UPI,9368.09
901036,700309,2024-07-18,Wrong Item,approved,Bank Transfer,2176.27
901037,700866,2025-11-12,Late Delivery,,Original Payment,3705.85
901038,715825,2025-12-31,Late Delivery,Rejected,Original Payment,1420.44
901039,713504,2025-06-19,Duplicate Order,Completed,Bank Transfer,4629.42
901040,704248,2025-08-26,size issue,Requested,Store Credit,3697.06
901041,711320,2024-05-06,,,original payment,6669.26
901042,701357,2024-04-02,,Approved,UPI,21205.21
901043,707377,2025-10-10,Duplicate Order,approved,UPI,12782.43
901044,712966,2024-06-25,Changed Mind,Requested,Original Payment,0.0
901045,700551,2025-04-09,damaged,approved,Store Credit,7339.96
901046,700451,2025-03-12,damaged,Requested,Bank Transfer,13767.36
901047,717867,2024-09-06,Wrong Item,Approved,Store Credit,466.63
901048,702482,2025-04-12,Damaged,Rejected,Original Payment,3310.28
901049,710000,2024-03-11,Quality Issue,Approved,,21736.41
901050,706054,2024-02-15,Not as Expected,Completed,,322.84
901051,715841,2025-04-10,,Rejected,,1754.42
901052,703545,2025-08-22,Wrong Item,,UPI,3342.17
901053,710662,2024-07-16,damaged,requested,Bank Transfer,257.13
901054,712509,2025-05-09,size issue,approved,Bank Transfer,18732.13
901055,703055,2025-10-11,Duplicate Order,Rejected,original payment,20109.17
901056,714762,2024-06-11,Quality Issue,approved,UPI,2209.17
901057,713451,2025-06-05,Wrong Item,,Original Payment,5236.46
901058,700415,2025-11-02,Damaged,Requested,Store Credit,3414.6
901059,717791,2025-10-30,Late Delivery,requested,original payment,3616.55
901060,719114,2025-11-23,size issue,Completed,Bank Transfer,19467.36
901061,716676,2025-10-04,Not as Expected,Requested,Store Credit,7222.61
901062,709592,2025-02-13,Changed Mind,requested,,3465.52
901063,710587,2025-10-07,Changed Mind,requested,Original Payment,4777.92
901064,714619,2025-11-03,size issue,requested,UPI,3609.48
901065,708477,2025-04-06,,,,1655.39
901066,705090,2025-02-14,Not as Expected,Requested,UPI,19980.92
901067,716041,2024-04-19,Not as Expected,requested,original payment,4589.72
901068,716180,2024-12-04,Not as Expected,Rejected,Original Payment,538.21
901069,701476,2025-12-09,Changed Mind,,Original Payment,1618.29
901070,713220,2024-12-10,Quality Issue,Completed,original payment,2584.73
901071,717319,2025-10-06,Damaged,approved,UPI,23685.39
901072,704557,2025-12-14,Damaged,,original payment,24396.71
901073,703967,2025-03-18,Late Delivery,requested,Bank Transfer,0.0
901074,708459,2025-09-18,Duplicate Order,,Original Payment,5867.23
901075,719099,2025-05-22,Wrong Item,Rejected,UPI,4296.98
901076,712864,2025-03-10,Late Delivery,Requested,Bank Transfer,3554.66
901077,703995,2024-08-03,Damaged,,original payment,1554.94
901078,710302,2024-03-18,Damaged,approved,UPI,844.48
901079,703752,2025-02-07,Changed Mind,Requested,Bank Transfer,6967.48
901080,700307,2025-07-05,Changed Mind,,Original Payment,5850.04
901081,712455,2025-02-14,Damaged,,,36597.85
901082,711039,2024-08-13,Damaged,Completed,Original Payment,49446.09
901083,712942,2025-03-19,,Completed,Original Payment,681.62
901084,709326,2025-07-26,Changed Mind,approved,,1500.64
901085,700045,2025-01-07,Late Delivery,approved,UPI,27004.69
901086,707571,2025-08-24,Late Delivery,,Original Payment,36084.47
901087,712553,2024-12-12,Wrong Item,Rejected,Bank Transfer,2599.75
901088,710499,2025-07-07,Changed Mind,Requested,,5223.8
901089,710940,2026-01-08,Duplicate Order,Completed,Bank Transfer,494.59
901090,708933,2024-05-04,Duplicate Order,requested,Original Payment,679.47
901091,708865,2024-10-10,Damaged,requested,Bank Transfer,914.55
901092,710327,2025-06-14,damaged,,Store Credit,1652.98
901093,711636,2024-02-13,Quality Issue,Requested,Bank Transfer,7559.01
901094,711419,2024-10-27,Not as Expected,Rejected,Bank Transfer,12444.92
901095,715263,2024-05-17,size issue,Rejected,Store Credit,2518.05
901096,708645,2025-04-01,Not as Expected,requested,Store Credit,6803.49
901097,717228,2025-05-21,Changed Mind,,Original Payment,297.21
901098,708988,2025-06-10,Size Issue,approved,Store Credit,4426.68
901099,716563,2024-05-12,Duplicate Order,requested,Store Credit,725.45
901100,711252,2025-01-19,Late Delivery,,Bank Transfer,2291.83
901101,718150,2024-05-08,Quality Issue,Requested,,5946.92
901102,705596,2024-10-02,Changed Mind,Completed,,6475.54
901103,705772,2025-08-02,Not as Expected,requested,Original Payment,6716.15
901104,712393,2025-05-05,Size Issue,Completed,original payment,4357.91
901105,709132,2025-05-05,Size Issue,approved,original payment,8755.18
901106,709867,2026-01-05,Changed Mind,Completed,original payment,6078.56
901107,719961,2025-01-24,Changed Mind,Rejected,,9939.33
901108,712739,2025-03-14,Late Delivery,Requested,original payment,18061.9
901109,702239,2025-07-30,Wrong Item,Rejected,,1915.67
901110,703544,2025-06-29,Size Issue,approved,Bank Transfer,1077.42
901111,715616,2025-04-19,Size Issue,Completed,UPI,47387.23
901112,714923,2025-09-07,Wrong Item,Requested,original payment,5041.25
901113,705494,2024-02-17,Wrong Item,Approved,Original Payment,3652.16
901114,712790,2025-07-15,Wrong Item,,Original Payment,4943.19
901115,713426,2024-02-04,Damaged,,Bank Transfer,15263.93
901116,714544,2024-05-30,Size Issue,requested,original payment,13924.14
901117,704730,2025-11-26,Duplicate Order,Approved,,19729.38
901118,709047,2025-01-11,Quality Issue,Requested,,1800.58
901119,715299,2025-04-21,Duplicate Order,,Original Payment,1126.31
901120,711127,2024-07-22,Quality Issue,Requested,Bank Transfer,2774.24
901121,717343,2024-07-17,Late Delivery,approved,original payment,4661.32
901122,711251,2024-01-31,Damaged,Requested,UPI,1572.62
901123,712662,2024-05-04,,Requested,Original Payment,143336.25
901124,700894,2024-02-20,Quality Issue,Requested,,17319.27
901125,705530,2024-10-09,Duplicate Order,Approved,UPI,336.31
901126,700214,2024-11-15,Size Issue,requested,UPI,0.0
901127,712316,2025-09-08,size issue,Approved,original payment,1914.6
901128,700729,2025-04-07,Not as Expected,,original payment,2730.16
901129,700468,2025-07-26,Quality Issue,Completed,original payment,1493.4
901130,710052,2024-12-09,Duplicate Order,requested,Bank Transfer,19773.5
901131,708124,2025-03-10,Wrong Item,Completed,UPI,1266.62
901132,718902,2024-07-21,Wrong Item,Requested,original payment,3559.36
901133,708698,2025-05-25,Size Issue,Rejected,Bank Transfer,0.0
901134,712826,2024-07-07,Changed Mind,Requested,Original Payment,10628.57
901135,715354,2024-01-30,size issue,requested,UPI,2399.18
901136,709655,2025-06-20,damaged,Requested,Original Payment,3323.63
901137,717342,2025-04-03,,Rejected,UPI,3230.9
901138,700735,2025-06-11,Not as Expected,Completed,,405.32
901139,707864,2024-12-06,,Requested,Original Payment,3373.15
901140,712995,2025-06-14,,Rejected,Store Credit,1022.97
901141,713717,2025-08-04,,Rejected,Store Credit,1139.73
901142,701864,2024-09-18,Wrong Item,Completed,Bank Transfer,3566.72
901143,704613,2024-07-02,size issue,Requested,UPI,6709.86
901144,704189,2025-07-14,damaged,Approved,Store Credit,27208.9
901145,702500,2026-01-27,size issue,Requested,UPI,1964.72
901146,712639,2024-11-01,Quality Issue,Completed,,1560.0
901147,704206,2024-02-05,Changed Mind,requested,Store Credit,11131.95
901148,717896,2025-05-18,Not as Expected,Approved,UPI,5054.05
901149,706536,2024-07-16,Changed Mind,,Store Credit,255.69
901150,706482,2024-02-14,Damaged,requested,Store Credit,7564.14
901151,707853,2025-03-28,size issue,Approved,Original Payment,6535.75
901152,717753,2024-11-10,Duplicate Order,Completed,Bank Transfer,9128.24
901153,702340,2026-01-01,Quality Issue,Requested,Bank Transfer,2287.59
901154,708784,2024-12-16,size issue,Approved,,3569.49
901155,700976,2024-06-09,Not as Expected,approved,,20513.85
901156,707354,2025-01-22,damaged,requested,Bank Transfer,6128.97
901157,700528,2025-09-10,Duplicate Order,approved,Original Payment,771.34
901158,710359,2024-04-14,Late Delivery,Rejected,UPI,1302.16
901159,719590,2024-04-26,Quality Issue,approved,Store Credit,10398.37
901160,710780,2024-05-28,Wrong Item,Requested,original payment,1423.62
901161,710142,2025-06-25,Wrong Item,Rejected,original payment,8216.48
901162,701105,2025-04-13,Size Issue,Rejected,Store Credit,13108.88
901163,709994,2024-11-05,Not as Expected,Approved,Bank Transfer,3112.55
901164,704588,2025-03-17,Late Delivery,requested,Bank Transfer,1505.54
901165,705991,2025-02-25,Size Issue,,Store Credit,7169.24
901166,707872,2025-09-04,Wrong Item,approved,Bank Transfer,1089.89
901167,716895,2025-07-31,Size Issue,Completed,original payment,4960.26
901168,715630,2025-11-30,size issue,Requested,,800.62
901169,706217,2024-11-14,,Approved,Bank Transfer,3630.76
901170,707059,2024-06-15,Quality Issue,Requested,UPI,1870.18
901171,700388,2025-03-24,,requested,Original Payment,922.31
901172,706092,2025-01-20,Wrong Item,Approved,,828.45
901173,709839,2025-07-03,Wrong Item,Requested,Original Payment,16038.56
901174,717059,2024-04-11,Changed Mind,approved,original payment,9029.5
901175,703885,2024-10-14,Not as Expected,approved,original payment,1182.13
901176,709179,2025-10-25,Changed Mind,Completed,,3332.87
901177,718239,2024-04-16,Damaged,,UPI,6673.62
901178,705024,2025-10-22,Late Delivery,Rejected,Store Credit,6377.79
901179,711613,2024-07-07,Size Issue,approved,,4698.03
901180,713344,2025-10-03,Quality Issue,,Bank Transfer,1250.09
901181,709708,2024-10-20,Wrong Item,,Bank Transfer,2584.18
901182,703590,2025-08-06,Size Issue,Completed,original payment,6961.53
901183,718380,2025-01-22,damaged,Requested,,5439.46
901184,716779,2024-05-12,Late Delivery,approved,Original Payment,9992.04
901185,717846,2025-03-27,Quality Issue,Approved,UPI,829.69
901186,708002,2024-11-23,damaged,Rejected,original payment,21491.83
901187,711064,2024-05-06,Not as Expected,Approved,,5984.24
901188,703994,2025-12-29,Late Delivery,,,869.94
901189,704561,2025-02-04,Late Delivery,Completed,Original Payment,13432.33
901190,711233,2025-12-19,damaged,,Bank Transfer,4770.86
901191,706201,2024-05-18,Late Delivery,Approved,,562.96
901192,708482,2024-11-02,Duplicate Order,Requested,Original Payment,1770.02
901193,718363,2025-07-20,Late Delivery,,Original Payment,11332.58
901194,706063,2024-03-18,Changed Mind,Approved,original payment,6617.36
901195,711135,2024-04-06,Duplicate Order,approved,UPI,5121.7
901196,715933,2024-03-09,damaged,Completed,Store Credit,5962.75
901197,709162,2025-04-13,size issue,Requested,Bank Transfer,3964.52
901198,714008,2024-01-21,,Requested,UPI,2732.03
901199,710584,2025-04-12,Not as Expected,requested,original payment,4146.72
901200,710020,2024-05-20,Wrong Item,approved,Store Credit,2445.9
901201,709519,2024-04-27,Not as Expected,Rejected,Store Credit,1674.18
901202,710985,2024-04-18,Size Issue,Approved,Store Credit,3419.84
901203,709574,2024-09-15,Changed Mind,Completed,,9189.92
901204,715734,2024-02-08,Size Issue,,Store Credit,1426.9
901205,700397,2024-09-02,Changed Mind,requested,original payment,316.3
901206,707076,2025-11-13,Changed Mind,requested,Store Credit,1697.36
901207,713077,2025-10-04,Size Issue,Rejected,Original Payment,1089.24
901208,703848,2025-12-23,Duplicate Order,Approved,original payment,14464.29
901209,705584,2025-11-25,size issue,requested,,17615.97
901210,716365,2025-06-01,damaged,requested,Bank Transfer,1928.01
901211,716435,2025-07-15,size issue,Rejected,UPI,61473.19
901212,709182,2025-10-29,Wrong Item,Rejected,,762.96
901213,717366,2025-06-04,Duplicate Order,requested,Bank Transfer,0.0
901214,702132,2025-02-02,Duplicate Order,Completed,original payment,5463.02
901215,700655,2024-06-15,damaged,requested,,2651.59
901216,711855,2024-03-26,Duplicate Order,Completed,Original Payment,943.02
901217,705136,2024-03-31,Wrong Item,Completed,Original Payment,15418.72
901218,707845,2024-11-06,Damaged,,Store Credit,2851.18
901219,719497,2025-11-15,size issue,approved,Original Payment,4434.93
901220,706353,2024-03-14,Duplicate Order,Requested,original payment,5383.45
901221,707374,2024-08-25,damaged,Completed,Bank Transfer,4968.55
901222,703639,2024-08-31,,requested,Bank Transfer,776.59
901223,701764,2025-02-28,Size Issue,requested,Original Payment,6804.51
901224,701610,2024-08-19,Damaged,requested,original payment,7427.09
901225,707608,2025-10-17,Duplicate Order,Rejected,Store Credit,5734.81
901226,709860,2024-11-13,Duplicate Order,Completed,Store Credit,20122.44
901227,708356,2024-07-08,Size Issue,Completed,Store Credit,1892.11
901228,711663,2025-03-07,Changed Mind,Rejected,Original Payment,2836.54
901229,716896,2024-07-04,Late Delivery,approved,,6292.95
901230,705536,2025-08-02,size issue,approved,UPI,0.0
901231,717994,2025-07-11,Not as Expected,Completed,Store Credit,2676.15
901232,714517,2024-05-23,damaged,Requested,UPI,836.77
901233,710652,2024-08-30,Quality Issue,Rejected,UPI,3511.17
901234,703176,2025-02-02,,,Original Payment,4866.94
901235,718819,2024-03-02,size issue,Requested,Store Credit,4023.68
901236,710196,2024-12-02,Size Issue,requested,Store Credit,625.46
901237,717336,2024-09-27,Duplicate Order,Requested,Original Payment,2979.83
901238,707062,2025-10-11,Late Delivery,Approved,,7347.59
901239,701296,2025-03-08,Wrong Item,approved,UPI,2598.05
901240,716747,2024-09-04,size issue,approved,Store Credit,7230.77
901241,703620,2024-09-04,Not as Expected,requested,original payment,5855.3
901242,701601,2025-05-30,Changed Mind,Requested,original payment,4195.68
901243,704593,2024-11-17,Size Issue,Requested,Store Credit,1188.05
901244,700234,2024-02-09,damaged,approved,Store Credit,6723.29
901245,704941,2025-12-18,Not as Expected,approved,original payment,2002.06
901246,705942,2025-08-27,Damaged,Rejected,,1581.15
901247,707243,2026-01-02,Changed Mind,approved,Store Credit,5490.47
901248,705749,2025-04-02,size issue,Completed,Store Credit,10398.22
901249,702218,2025-01-19,Wrong Item,Rejected,UPI,547.65
901250,704104,2024-09-13,Duplicate Order,Completed,Bank Transfer,15940.03
901251,707047,2025-09-20,Damaged,Approved,Store Credit,1949.62
901252,708135,2024-04-02,Size Issue,Approved,UPI,740.44
901253,719038,2024-05-11,Quality Issue,approved,UPI,4729.85
901254,707216,2026-01-04,damaged,Rejected,UPI,4284.34
901255,711281,2025-10-05,Damaged,,Store Credit,13728.1
901256,709642,2025-09-28,damaged,requested,original payment,957.57
901257,709557,2024-12-28,,Completed,Original Payment,8235.34
901258,718115,2024-11-09,Not as Expected,Requested,original payment,6815.85
901259,705103,2024-05-14,Changed Mind,,Original Payment,1963.65
901260,703950,2024-09-23,Not as Expected,Approved,Original Payment,9365.0
901261,719201,2025-11-06,Duplicate Order,Rejected,Store Credit,701.41
901262,705878,2025-01-07,Size Issue,approved,Bank Transfer,3479.96
901263,703925,2024-10-30,Late Delivery,Rejected,,17096.3
901264,718698,2025-08-10,Wrong Item,Approved,Store Credit,5490.39
901265,711722,2025-07-03,Damaged,,Store Credit,4672.91
901266,710615,2025-10-23,Late Delivery,,original payment,943.82
901267,709961,2025-05-21,,requested,Bank Transfer,2186.22
901268,702976,2025-01-25,Damaged,,Bank Transfer,24801.77
901269,712395,2025-05-26,Not as Expected,,Original Payment,1120.1
901270,706823,2024-03-27,damaged,,Store Credit,397.03
901271,708004,2025-08-30,Late Delivery,Completed,Original Payment,600.91
901272,715037,2024-12-19,Wrong Item,Completed,UPI,9193.88
901273,708787,2024-10-05,Size Issue,Requested,,5833.85
901274,719834,2024-06-16,Size Issue,requested,original payment,493.84
901275,702069,2025-11-22,,approved,,0.0
901276,717198,2024-06-28,Changed Mind,Completed,Bank Transfer,4887.22
901277,705431,2024-03-21,Changed Mind,Completed,original payment,4092.35
901278,706155,2024-03-21,,Requested,,4480.05
901279,716800,2025-05-01,Not as Expected,Rejected,,3663.69
901280,711078,2025-09-25,Wrong Item,Rejected,Bank Transfer,9340.18
901281,705212,2024-11-29,Wrong Item,Rejected,UPI,12631.7
901282,705093,2024-05-24,,requested,original payment,2789.43
901283,719145,2025-06-03,Late Delivery,Rejected,Bank Transfer,7544.87
901284,708388,2024-07-14,Damaged,Completed,original payment,19137.3
901285,714404,2025-10-28,,Completed,UPI,4037563.87
901286,701198,2024-05-24,Wrong Item,Completed,original payment,637.64
901287,711017,2024-10-09,,Requested,original payment,14801.62
901288,713935,2024-08-30,Size Issue,requested,UPI,3764850.06
901289,713000,2025-04-17,size issue,Rejected,Original Payment,2841616.99
901290,717688,2025-09-07,Damaged,,original payment,1038.89
901291,709650,2025-12-11,Not as Expected,Approved,Original Payment,49611.15
901292,717915,2025-11-29,Duplicate Order,approved,UPI,2146.28
901293,701688,2025-02-05,Wrong Item,approved,original payment,1911361.27
901294,714841,2024-10-29,size issue,approved,Store Credit,1680.18
901295,710982,2025-07-16,Not as Expected,requested,,893.21
901296,703326,2025-01-22,Wrong Item,Requested,,3767.76
901297,717787,2025-09-08,Late Delivery,,Store Credit,9678.63
901298,710177,2025-09-14,Late Delivery,Completed,Bank Transfer,16603.77
901299,704148,2025-02-02,Changed Mind,Requested,Original Payment,687.72
901300,701469,2025-06-23,Damaged,approved,Store Credit,4566.43
901301,709764,2025-10-25,Late Delivery,approved,UPI,24460.5
901302,718592,2024-04-01,damaged,Rejected,Store Credit,11947.55
901303,701942,2024-06-22,damaged,approved,,1671.54
901304,714003,2024-08-16,Duplicate Order,approved,Bank Transfer,1128.61
901305,701144,2025-05-29,Duplicate Order,Requested,Original Payment,1838.85
901306,709952,2025-04-19,Wrong Item,requested,Store Credit,3964.27
901307,704611,2025-08-23,Duplicate Order,Completed,,14147.11
901308,710524,2025-01-07,Wrong Item,Completed,Bank Transfer,10453.28
901309,714663,2024-07-10,Quality Issue,,Original Payment,2849.82
901310,714102,2025-07-01,Wrong Item,requested,Store Credit,10059.06
901311,703068,2025-07-13,Not as Expected,Approved,,3994.44
901312,708960,2024-03-01,Wrong Item,,UPI,43307.86
901313,719684,2025-04-23,Damaged,Approved,Store Credit,10475.86
901314,710479,2024-08-01,damaged,,,1343.62
901315,704156,2024-12-04,Size Issue,approved,,1255.14
901316,705674,2025-01-04,Size Issue,Rejected,Bank Transfer,1783.79
901317,714072,2025-12-11,Not as Expected,approved,Bank Transfer,1678.65
901318,701088,2025-12-20,,Requested,Bank Transfer,0.0
901319,710288,2025-01-26,Size Issue,requested,Original Payment,4623.16
901320,718070,2024-08-30,Not as Expected,Rejected,Original Payment,2732.6
901321,709394,2025-11-20,Late Delivery,Rejected,Store Credit,3711.51
901322,718862,2024-07-21,Late Delivery,Requested,original payment,5085.0
901323,713973,2025-04-27,Not as Expected,Requested,UPI,909.25
901324,700983,2025-08-23,size issue,Approved,Bank Transfer,1573.91
901325,703568,2025-08-16,Changed Mind,Completed,Store Credit,3085.66
901326,715092,2024-07-04,Duplicate Order,Approved,Store Credit,403.62
901327,705958,2024-11-26,Damaged,Completed,UPI,10158.35
901328,708340,2024-12-02,damaged,Rejected,Store Credit,9016.83
901329,717120,2024-03-20,damaged,Completed,,9207.7
901330,707680,2024-05-27,Size Issue,,Bank Transfer,3844.93
901331,704395,2025-09-22,Damaged,requested,UPI,18938.73
901332,718318,2024-10-09,Wrong Item,Rejected,,1979.95
901333,706652,2025-10-26,size issue,Rejected,Bank Transfer,9660.89
901334,715571,2025-05-24,damaged,Requested,Original Payment,1392.72
901335,702291,2025-01-01,size issue,Approved,original payment,1419.72
901336,706774,2025-02-25,Wrong Item,,UPI,1100.08
901337,712547,2025-01-25,Duplicate Order,requested,Original Payment,3595.95
901338,700134,2025-12-16,Changed Mind,Completed,original payment,1111.08
901339,704887,2024-06-11,damaged,requested,,4420.54
901340,717709,2025-07-13,Damaged,Completed,Bank Transfer,1387.15
901341,700393,2024-09-07,Late Delivery,Approved,UPI,10588.76
901342,703360,2025-09-16,Quality Issue,Requested,Bank Transfer,9426.37
901343,703907,2024-10-14,damaged,Rejected,Original Payment,8637.32
901344,716007,2024-11-26,Late Delivery,approved,UPI,419.96
901345,716409,2024-12-01,size issue,Completed,UPI,8163.11
901346,716515,2025-01-08,Wrong Item,,Bank Transfer,1884.79
901347,716362,2025-10-04,Quality Issue,requested,Original Payment,742.97
901348,715755,2024-05-12,Size Issue,,Original Payment,8759.19
901349,711411,2024-11-06,Late Delivery,approved,original payment,11108.65
901350,706888,2024-06-10,Duplicate Order,Approved,Original Payment,1101.14
901351,701438,2024-12-31,Late Delivery,approved,original payment,35826.87
901352,707181,2024-11-02,size issue,Rejected,Store Credit,2918.99
901353,711832,2025-11-22,Damaged,Rejected,Store Credit,2061.99
901354,700676,2025-08-01,Quality Issue,Rejected,original payment,8663.54
901355,702904,2024-02-06,Not as Expected,requested,Original Payment,329.71
901356,701278,2025-08-31,Not as Expected,Rejected,Original Payment,800.08
901357,705695,2025-07-26,Not as Expected,Completed,Original Payment,2767.26
901358,705420,2024-02-04,Late Delivery,Completed,Bank Transfer,1584.99
901359,705347,2026-01-07,damaged,,,0.0
901360,712157,2024-05-04,damaged,approved,Store Credit,2149.25
901361,701491,2025-03-03,Wrong Item,approved,,5309.31
901362,712798,2025-09-21,Quality Issue,Approved,Store Credit,2473772.11
901363,707158,2025-03-11,Quality Issue,Requested,UPI,623.32
901364,711948,2025-06-27,Not as Expected,Requested,original payment,2758.61
901365,718595,2025-03-13,,Approved,,417.37
901366,718163,2025-09-30,Not as Expected,,original payment,28042.01
901367,714925,2025-03-05,damaged,Completed,original payment,2010.73
901368,715569,2024-05-07,Not as Expected,Rejected,Original Payment,2130.69
901369,704009,2025-01-24,damaged,Rejected,,41461.03
901370,715077,2024-10-22,Damaged,approved,original payment,2050.57
901371,711040,2024-07-31,Changed Mind,approved,Original Payment,23303.44
901372,715822,2024-12-06,damaged,,Bank Transfer,293.94
901373,715994,2025-02-07,damaged,approved,UPI,3223.2
901374,708605,2024-10-21,damaged,Rejected,Store Credit,11722.04
901375,713580,2024-01-17,Duplicate Order,Approved,,2746.38
901376,704702,2025-11-12,Damaged,Approved,Original Payment,7512.87
901377,717889,2024-02-12,Wrong Item,requested,UPI,1501.94
901378,700421,2025-05-04,Late Delivery,approved,Store Credit,1830.64
901379,701871,2026-01-17,Not as Expected,Requested,Original Payment,17013.5
901380,702043,2024-02-18,Late Delivery,,Bank Transfer,674.72
901381,703872,2025-03-09,,Requested,,5203.55
901382,718550,2025-06-21,Size Issue,requested,Store Credit,4928.16
901383,710746,2024-08-04,Late Delivery,Requested,Store Credit,1735.1
901384,719695,2025-11-29,damaged,requested,UPI,285.27
901385,717583,2025-01-29,Size Issue,approved,original payment,7021.27
901386,713035,2024-12-18,,Approved,Original Payment,11707.91
901387,711849,2024-01-06,Late Delivery,,Store Credit,5423.36
901388,712565,2025-10-21,Changed Mind,Completed,,3378.01
901389,703607,2025-07-08,Not as Expected,approved,UPI,1602.69
901390,711034,2024-04-14,Changed Mind,Approved,UPI,3948.22
901391,713718,2025-05-20,Not as Expected,Approved,,3387949.24
901392,716439,2025-12-03,Changed Mind,Rejected,original payment,5063.07
901393,708844,2024-06-07,Size Issue,Approved,,12507.75
901394,717661,2024-11-24,Duplicate Order,Completed,UPI,20150.68
901395,701452,2025-12-20,Quality Issue,Requested,UPI,15337.83
901396,715147,2026-01-03,Not as Expected,Approved,Original Payment,924.01
901397,713920,2024-08-21,Late Delivery,Completed,UPI,882.06
901398,710316,2024-06-11,Late Delivery,Rejected,UPI,0.0
901399,700844,2025-03-04,Quality Issue,Completed,Store Credit,709.81
901400,717163,2024-03-19,,Rejected,Original Payment,2302.63
901401,713076,2025-02-18,damaged,Approved,Original Payment,1022.01
901402,708396,2025-11-17,Late Delivery,requested,original payment,2238.57
901403,705321,2025-03-08,Size Issue,Rejected,,8425.53
901404,709726,2026-01-03,size issue,Approved,Store Credit,5627.95
901405,707298,2024-06-28,Wrong Item,approved,original payment,6205.82
901406,715668,2024-08-19,Late Delivery,,Bank Transfer,7559.12
901407,705737,2024-12-24,Not as Expected,Requested,original payment,2744.43
901408,704332,2025-05-30,Not as Expected,Completed,Original Payment,18628.43
901409,709354,2024-01-26,Not as Expected,Requested,Original Payment,2268.29
901410,706800,2025-10-23,,Completed,Bank Transfer,274.72
901411,701673,2025-10-19,Damaged,Requested,Bank Transfer,2408.95
901412,704376,2024-06-23,size issue,approved,original payment,9266.97
901413,707661,2024-04-20,Not as Expected,requested,,20154.18
901414,712494,2024-04-27,size issue,Requested,Store Credit,1323.78
901415,717388,2025-05-14,Duplicate Order,,original payment,4411.39
901416,712368,2025-01-07,damaged,Rejected,UPI,11789.58
901417,705206,2024-06-13,size issue,Requested,UPI,789.55
901418,717385,2025-11-07,Wrong Item,requested,Original Payment,5678.08
901419,719232,2025-09-09,Duplicate Order,Requested,UPI,466.2
901420,709656,2024-07-24,Wrong Item,Approved,Original Payment,2382.12
901421,701030,2025-01-21,Wrong Item,,,973.16
901422,706004,2025-03-26,Duplicate Order,,Bank Transfer,1263.07
901423,710168,2025-02-13,Duplicate Order,Requested,,5264.35
901424,712796,2025-11-01,damaged,requested,Original Payment,9149.39
901425,701576,2024-09-21,Size Issue,requested,Store Credit,5392.43
901426,704731,2025-07-31,Not as Expected,Approved,,6313.63
901427,700367,2025-12-25,Changed Mind,requested,Original Payment,5292.55
901428,707172,2024-09-02,Changed Mind,Requested,Bank Transfer,1638.86
901429,715889,2024-08-23,Changed Mind,Rejected,UPI,5171.48
901430,719129,2024-09-11,Wrong Item,Rejected,original payment,0.0
901431,709204,2024-05-20,size issue,approved,,24040.75
901432,706039,2025-03-12,Quality Issue,approved,Original Payment,5664.52
901433,710562,2024-04-06,Damaged,Requested,Original Payment,6432.5
901434,711227,2024-10-05,Wrong Item,,Store Credit,4433.05
901435,701534,2024-10-03,Not as Expected,Rejected,UPI,7777.76
901436,715268,2024-07-08,Late Delivery,Completed,UPI,1296.08
901437,703445,2024-07-06,Quality Issue,approved,,5764.21
901438,709743,2025-05-21,,Completed,,4494.97
901439,706220,2025-12-14,Size Issue,Rejected,Original Payment,1950.67
901440,713420,2025-02-11,,Requested,Store Credit,1711.69
901441,710384,2025-02-27,Changed Mind,,original payment,987.98
901442,710867,2024-03-17,Quality Issue,Rejected,Store Credit,1669.23
901443,719202,2025-11-30,Late Delivery,Requested,Store Credit,7268.57
901444,709647,2025-05-24,Quality Issue,Rejected,,14591.21
901445,710979,2024-10-12,Damaged,Rejected,UPI,39032.92
901446,706850,2025-08-04,size issue,Completed,UPI,772.79
901447,703082,2024-09-28,Not as Expected,Completed,Original Payment,6439.18
901448,708259,2025-11-26,,approved,Original Payment,4678.54
901449,700458,2025-03-20,Changed Mind,Completed,original payment,75369.48
901450,719720,2024-05-25,Size Issue,Approved,Original Payment,1483.59
901451,718900,2025-07-11,size issue,approved,Bank Transfer,12559.03
901452,704677,2025-12-02,Duplicate Order,Requested,Bank Transfer,8759.41
901453,710029,2025-12-07,Changed Mind,Approved,Original Payment,2996.87
901454,707043,2025-01-08,Late Delivery,Approved,UPI,1540.21
901455,714098,2026-01-24,Not as Expected,Approved,Store Credit,6974.08
901456,706439,2025-11-16,size issue,Approved,Bank Transfer,783.15
901457,703589,2025-11-24,Duplicate Order,Rejected,UPI,0.0
901458,704828,2024-12-09,Wrong Item,,Original Payment,2821.96
901459,718241,2024-08-22,Quality Issue,Approved,Bank Transfer,652.64
901460,700833,2026-01-06,size issue,Requested,Bank Transfer,730.95
901461,714302,2024-05-30,,Completed,Bank Transfer,4927.59
901462,700517,2025-01-28,Damaged,requested,,2091.06
901463,711853,2024-03-18,size issue,Completed,Original Payment,6263.0
901464,713322,2024-09-11,Duplicate Order,Completed,Bank Transfer,575.3
901465,700218,2024-11-04,Damaged,approved,original payment,13658.37
901466,706036,2024-08-18,Damaged,approved,,838.65
901467,713628,2024-08-15,Quality Issue,Approved,UPI,5113.28
901468,708056,2024-01-20,Quality Issue,Requested,original payment,275.91
901469,719994,2025-12-05,,approved,original payment,11791.4
901470,716096,2024-09-20,Wrong Item,Rejected,Store Credit,6113.55
901471,716538,2024-09-24,Not as Expected,Completed,UPI,983.78
901472,710478,2024-12-10,Duplicate Order,requested,Store Credit,3038.74
901473,702736,2024-12-28,Not as Expected,Rejected,Original Payment,22331.84
901474,705238,2025-11-17,Duplicate Order,Requested,UPI,1622.67
901475,709384,2025-01-20,Size Issue,requested,Original Payment,5130.08
901476,712525,2024-10-26,Changed Mind,,original payment,1079.74
901477,704382,2024-08-21,Changed Mind,approved,,726.82
901478,717779,2026-01-05,damaged,requested,UPI,3349.61
901479,712984,2024-05-27,,,Store Credit,1132.05
901480,704666,2024-10-18,damaged,,UPI,1662.25
901481,718008,2024-10-12,damaged,requested,,3203.45
901482,719078,2025-06-03,Quality Issue,Rejected,,14189.59
901483,708550,2025-08-15,size issue,,Store Credit,2450.98
901484,702123,2024-09-30,Changed Mind,Completed,UPI,1503.51
901485,711054,2026-01-01,Size Issue,Rejected,,1198.74
901486,712743,2025-02-09,Wrong Item,Completed,original payment,5503.91
901487,703886,2024-10-26,,Requested,UPI,1585.13
901488,719376,2025-03-29,,,UPI,1415.37
901489,701589,2025-11-22,,Requested,original payment,394.99
901490,708742,2024-07-20,Late Delivery,Rejected,Original Payment,15806.97
901491,714065,2025-07-29,Quality Issue,Rejected,,5969.36
901492,707371,2025-01-27,Wrong Item,Approved,Original Payment,16903.13
901493,707375,2024-04-02,Duplicate Order,Rejected,,4599.78
901494,718281,2024-11-20,Quality Issue,Completed,Store Credit,1752.88
901495,703666,2024-07-10,damaged,approved,original payment,2064.67
901496,701147,2025-07-23,Late Delivery,requested,UPI,4384.25
901497,707409,2025-08-20,Changed Mind,Completed,Original Payment,4736.79
901498,713139,2026-01-07,Not as Expected,approved,Store Credit,3578.41
901499,703560,2024-08-09,Size Issue,Requested,Original Payment,10338.22
901500,718176,2024-01-27,Wrong Item,Requested,Bank Transfer,2341.87
901501,705615,2025-12-25,damaged,,Store Credit,1072.26
901502,712408,2025-02-08,Size Issue,,Bank Transfer,14924.25
901503,704079,2025-05-11,Changed Mind,,Bank Transfer,8805.86
901504,705307,2026-01-08,Not as Expected,Rejected,UPI,4413.44
901505,716487,2025-05-30,Late Delivery,requested,original payment,1078.04
901506,717296,2025-11-03,Duplicate Order,Approved,Store Credit,1235.53
901507,718899,2024-11-18,Changed Mind,Approved,Bank Transfer,6890.6
901508,708107,2024-10-30,Wrong Item,requested,Original Payment,6593.94
901509,704334,2024-01-23,damaged,Completed,,2593.85
901510,715635,2024-10-03,Not as Expected,Requested,original payment,5541.81
901511,700167,2025-02-25,Quality Issue,requested,Bank Transfer,3223.75
901512,707316,2025-06-09,size issue,requested,Original Payment,1076.51
901513,711439,2025-10-25,Duplicate Order,Approved,UPI,1699.79
901514,710744,2025-05-16,size issue,Rejected,Original Payment,6238.5
901515,714143,2024-02-11,Late Delivery,Completed,Bank Transfer,16636.74
901516,711551,2024-06-21,Size Issue,Completed,original payment,1461.94
901517,702821,2025-06-09,Changed Mind,requested,Original Payment,21430.28
901518,714483,2025-11-26,,,,4176.47
901519,711950,2025-01-31,size issue,Rejected,Store Credit,13740.88
901520,700595,2025-07-26,Size Issue,,UPI,1617.32
901521,712303,2024-07-17,,Rejected,Original Payment,3529.51
901522,711692,2024-04-27,Damaged,requested,UPI,3173.13
901523,704475,2024-12-17,Duplicate Order,requested,Store Credit,3836.89
901524,717132,2024-09-16,Damaged,,Store Credit,21669.11
901525,700046,2024-03-26,damaged,,,1413.72
901526,702865,2025-12-31,,approved,,10941.15
901527,709811,2025-07-13,Quality Issue,Approved,,3563.5
901528,710376,2024-06-05,Wrong Item,approved,Store Credit,5429.99
901529,711780,2024-09-16,Not as Expected,Rejected,Original Payment,1784.16
901530,700396,2024-02-03,Changed Mind,requested,,5474.23
901531,701822,2025-12-12,damaged,,Bank Transfer,7745.39
901532,709153,2024-09-11,size issue,Rejected,UPI,738.35
901533,708719,2024-08-01,damaged,Rejected,,1610.26
901534,708999,2025-07-19,damaged,Completed,Store Credit,11651.55
901535,703573,2024-02-19,damaged,Completed,,22365.67
901536,719921,2025-12-02,damaged,Approved,,6702.97
901537,715184,2025-10-25,Changed Mind,Completed,,5527.27
901538,701587,2024-11-19,Size Issue,requested,UPI,0.0
901539,708827,2024-03-02,Size Issue,requested,UPI,38514.6
901540,705309,2024-05-04,Late Delivery,approved,,3105.34
901541,704745,2024-04-25,Changed Mind,requested,Original Payment,1025.61
901542,708556,2024-02-06,Size Issue,Rejected,,6598.75
901543,702744,2025-11-24,size issue,Approved,UPI,13134.18
901544,710972,2024-12-04,,Requested,UPI,0.0
901545,718314,2024-05-12,Quality Issue,Approved,Store Credit,873.51
901546,710781,2024-06-26,Wrong Item,Completed,Original Payment,88.59
901547,708931,2024-12-04,damaged,approved,Bank Transfer,6854.43
901548,708914,2025-03-07,Damaged,Rejected,Original Payment,7714.31
901549,711499,2025-12-08,Duplicate Order,,,4844.61
901550,709151,2025-05-06,Wrong Item,requested,Original Payment,3191.69
901551,706477,2024-05-17,Damaged,Completed,original payment,1249.75
901552,701682,2026-01-04,damaged,Rejected,original payment,5350.23
901553,704830,2025-01-20,Damaged,requested,UPI,1308.2
901554,719260,2025-09-10,,requested,original payment,3916.9
901555,712222,2024-12-04,Not as Expected,approved,Bank Transfer,11745.4
901556,705071,2025-12-21,size issue,Rejected,Bank Transfer,3090.22
901557,703165,2025-07-10,size issue,,Original Payment,1123.46
901558,712167,2026-01-16,Size Issue,,,4380.25
901559,717057,2024-06-10,Duplicate Order,requested,,2434.38
901560,708321,2024-06-18,Late Delivery,Approved,Store Credit,1659.04
901561,713044,2024-06-02,Wrong Item,,UPI,26823.53
901562,713483,2024-06-18,,Completed,original payment,1721.58
901563,715453,2025-10-12,Duplicate Order,Completed,Store Credit,15690.07
901564,719488,2024-12-21,,Completed,Store Credit,1115.26
901565,706717,2024-11-15,Changed Mind,,Original Payment,7078.92
901566,701102,2025-03-27,Duplicate Order,Requested,original payment,1899.88
901567,702306,2024-11-04,Quality Issue,,Store Credit,2171.62
901568,719161,2025-08-27,Late Delivery,requested,,11592.72
901569,704337,2025-12-02,Changed Mind,,original payment,1593.69
901570,711885,2025-07-02,Quality Issue,Approved,Store Credit,26436.35
901571,714989,2024-09-07,Damaged,Requested,,1315.55
901572,703952,2024-04-29,Size Issue,,original payment,758.31
901573,713889,2025-04-19,Quality Issue,Completed,Store Credit,5203.04
901574,702134,2024-10-13,size issue,requested,original payment,2338.36
901575,710180,2025-09-07,size issue,requested,Bank Transfer,5879.97
901576,710135,2025-03-23,Wrong Item,Approved,UPI,3707.66
901577,717910,2025-05-30,Duplicate Order,Approved,Original Payment,2998.28
901578,718667,2024-09-26,Wrong Item,,,4166.77
901579,715472,2024-07-04,Not as Expected,Approved,Original Payment,3650.75
901580,714696,2025-06-17,Wrong Item,requested,original payment,342.36
901581,711255,2024-04-07,damaged,Requested,Store Credit,597.53
901582,701494,2025-04-23,size issue,,original payment,1822.42
901583,700317,2025-01-08,Damaged,Completed,Bank Transfer,894.49
901584,702320,2025-06-05,damaged,approved,Bank Transfer,11131.5
901585,714698,2025-10-12,Quality Issue,Rejected,UPI,2235.43
901586,700422,2025-05-02,Quality Issue,,Original Payment,1150.01
901587,713744,2024-03-29,Wrong Item,Requested,Bank Transfer,6735.19
901588,706306,2025-01-30,Wrong Item,Rejected,Bank Transfer,12946.49
901589,709133,2024-08-20,Not as Expected,approved,Bank Transfer,5422.98
901590,711701,2024-01-11,Quality Issue,Requested,Bank Transfer,6550.8
901591,708769,2025-07-30,Not as Expected,Requested,Store Credit,1017.74
901592,718797,2024-06-04,size issue,Approved,Bank Transfer,7691.2
901593,705808,2024-08-16,Wrong Item,,Store Credit,7674.5
901594,706661,2024-10-27,size issue,approved,Original Payment,4961.79
901595,713065,2025-03-08,Wrong Item,requested,,5176.95
901596,701595,2025-09-06,Changed Mind,Requested,original payment,813260.55
901597,711579,2025-07-06,damaged,approved,,6634.67
901598,710651,2025-06-21,Not as Expected,Rejected,original payment,41685.4
901599,717525,2025-08-15,Damaged,Completed,Original Payment,6024.59
901600,706781,2024-01-31,damaged,Completed,Original Payment,1473.94
901601,704957,2025-03-15,Duplicate Order,requested,Store Credit,0.0
901602,708125,2024-12-07,Damaged,approved,Original Payment,0.0
901603,706430,2025-09-29,Size Issue,Completed,Bank Transfer,0.0
901604,708441,2024-05-27,Duplicate Order,Requested,Store Credit,2835.3
901605,707868,2025-05-18,Duplicate Order,Completed,original payment,4683.68
901606,717794,2025-04-12,Duplicate Order,approved,Store Credit,0.0
901607,708638,2025-06-25,Quality Issue,Rejected,UPI,5581.98
901608,715661,2024-08-23,,Requested,,4335.33
901609,703331,2025-10-07,damaged,Completed,,9460.96
901610,711254,2025-03-26,Quality Issue,Completed,Store Credit,3066.43
901611,711665,2024-07-18,Duplicate Order,Approved,Store Credit,1445.85
901612,700850,2025-01-22,Size Issue,Rejected,original payment,2010.52
901613,703364,2025-11-22,Damaged,Rejected,original payment,772.39
901614,716716,2024-09-13,Size Issue,Approved,UPI,4127.33
901615,702737,2026-01-18,Quality Issue,,original payment,14054.07
901616,707899,2024-07-15,Not as Expected,Rejected,Original Payment,8909.25
901617,713826,2024-12-05,Not as Expected,requested,Original Payment,6426.4
901618,708289,2024-01-12,Duplicate Order,,Bank Transfer,3301.88
901619,712340,2024-02-25,Quality Issue,Completed,original payment,3782.87
901620,717298,2025-03-29,Damaged,,Store Credit,12680.91
901621,710821,2024-04-22,Wrong Item,Rejected,,1497.97
901622,719037,2025-12-07,damaged,approved,original payment,3061.99
901623,715069,2025-04-06,,approved,Store Credit,8378.68
901624,703874,2025-08-03,size issue,requested,Original Payment,2993.51
901625,707144,2025-12-05,size issue,Rejected,original payment,5694.62
901626,713514,2025-12-11,Late Delivery,approved,original payment,14391.94
901627,700074,2025-07-08,Damaged,Requested,,678.32
901628,718010,2024-09-04,Late Delivery,requested,,6967.08
901629,718182,2025-05-12,Wrong Item,approved,,1105.73
901630,700075,2025-06-07,Changed Mind,,UPI,14434.4
901631,707060,2025-02-07,Late Delivery,Requested,original payment,1781.9
901632,712016,2025-03-13,Damaged,requested,UPI,1267.87
901633,703046,2026-01-24,Size Issue,approved,,420.09
901634,704423,2024-05-09,,,original payment,5141.55
901635,713886,2025-08-06,,Completed,Store Credit,5150.86
901636,715786,2025-09-17,Wrong Item,requested,UPI,1177.02
901637,714530,2024-04-14,size issue,approved,,1865.39
901638,714692,2025-03-27,Wrong Item,approved,,2166.35
901639,703688,2025-07-21,Wrong Item,,UPI,4199.16
901640,713428,2025-01-06,Duplicate Order,requested,Original Payment,2097.16
901641,719329,2024-11-12,Not as Expected,Rejected,original payment,10901.65
901642,711359,2025-11-14,Wrong Item,approved,,7584.09
901643,707283,2024-07-26,Size Issue,Rejected,,3058.06
901644,707044,2024-01-28,Wrong Item,Completed,,9624.58
901645,718816,2025-03-13,Quality Issue,Completed,Original Payment,4862.71
901646,701019,2024-03-31,size issue,requested,UPI,1819.03
901647,702085,2024-04-05,Late Delivery,Approved,Bank Transfer,3871.19
901648,714341,2026-01-09,Not as Expected,Requested,UPI,3833.29
901649,701891,2025-04-12,damaged,,UPI,1303.01
901650,710170,2025-03-06,Wrong Item,requested,UPI,2490.37
901651,705091,2024-08-26,Duplicate Order,requested,Store Credit,335.22
901652,701322,2025-04-24,Changed Mind,Rejected,Bank Transfer,2759.64
901653,709184,2024-12-29,Duplicate Order,approved,original payment,27880.58
901654,707492,2024-05-28,Late Delivery,Rejected,Store Credit,3883.5
901655,712972,2024-02-29,Late Delivery,Approved,Bank Transfer,1126.89
901656,714684,2024-01-30,Wrong Item,,Bank Transfer,1941.37
901657,719630,2024-11-28,damaged,Requested,Bank Transfer,53946.16
901658,708216,2024-09-05,size issue,requested,original payment,975.98
901659,719056,2024-06-23,Wrong Item,Approved,UPI,8014.22
901660,701471,2024-03-18,Size Issue,Requested,Bank Transfer,3518.03
901661,716695,2024-09-09,Wrong Item,Requested,,1465.37
901662,717698,2024-05-24,Wrong Item,Rejected,Bank Transfer,657.55
901663,705763,2024-04-12,Late Delivery,Requested,Bank Transfer,2306.42
901664,714009,2025-09-08,Quality Issue,,UPI,506.76
901665,707120,2025-12-23,Damaged,Requested,original payment,949.94
901666,718271,2024-04-27,Damaged,approved,Bank Transfer,10999.49
901667,704192,2025-01-08,damaged,Rejected,,2189.7
901668,707540,2025-04-08,Not as Expected,approved,,10825.4
901669,708760,2024-06-13,Size Issue,,Store Credit,14975.47
901670,718479,2024-10-26,Wrong Item,approved,Original Payment,32356.62
901671,701297,2024-04-09,Size Issue,Rejected,original payment,9960.99
901672,705223,2025-01-17,size issue,Approved,Bank Transfer,8509.79
901673,708094,2024-08-17,,Approved,Bank Transfer,3648.29
901674,708909,2025-01-13,Size Issue,Requested,Bank Transfer,5007.18
901675,703438,2024-07-14,Wrong Item,approved,Original Payment,10025.96
901676,706871,2024-02-17,Changed Mind,Requested,UPI,1729.48
901677,707414,2025-01-15,Changed Mind,approved,original payment,239.51
901678,710482,2025-08-13,Duplicate Order,,,3903.86
901679,717286,2025-11-12,Duplicate Order,Rejected,UPI,2401.28
901680,712471,2025-09-18,Changed Mind,,,9827.67
901681,705107,2025-09-19,Wrong Item,Completed,Bank Transfer,2007.13
901682,700825,2025-05-21,Size Issue,requested,,550.7
901683,716867,2025-10-30,damaged,Completed,,1351.26
901684,715906,2024-08-04,Size Issue,Completed,original payment,781.64
901685,710649,2025-03-10,Not as Expected,approved,UPI,600.74
901686,707041,2024-09-02,Quality Issue,Completed,Original Payment,10081.97
901687,700497,2024-08-18,Wrong Item,,Original Payment,1916.86
901688,715457,2025-04-10,size issue,Approved,Original Payment,9519.45
901689,717592,2025-01-09,Damaged,,Original Payment,1301.53
901690,717985,2024-10-21,,requested,Original Payment,661.84
901691,716631,2024-03-03,Not as Expected,Approved,UPI,1848.71
901692,710285,2024-09-03,,Requested,Store Credit,2648.33
901693,701173,2025-09-07,Late Delivery,Approved,,5208.39
901694,701218,2024-07-26,Not as Expected,approved,Store Credit,273.92
901695,719192,2025-05-11,size issue,approved,original payment,912.31
901696,717906,2025-03-10,,,Original Payment,2157.56
901697,712409,2024-03-23,Wrong Item,Rejected,Store Credit,1244.42
901698,701906,2025-11-16,Late Delivery,Approved,Bank Transfer,2819.72
901699,706745,2025-07-22,damaged,Requested,,497.18
901700,704735,2024-12-25,Changed Mind,Completed,UPI,7503.17
901701,708318,2025-11-03,Changed Mind,approved,UPI,5401.36
901702,711368,2024-10-10,Not as Expected,,UPI,3674.25
901703,702098,2025-05-05,size issue,Rejected,,10211.15
901704,717857,2024-02-23,size issue,Approved,Store Credit,313.47
901705,718443,2025-01-16,Size Issue,approved,original payment,3452.28
901706,714755,2025-03-31,Duplicate Order,Approved,UPI,12682.16
901707,705713,2025-01-12,Changed Mind,,Store Credit,2247.39
901708,716525,2025-09-04,size issue,approved,Bank Transfer,7880.04
901709,715188,2024-07-26,,Completed,Store Credit,5679.32
901710,712217,2025-12-23,size issue,Completed,,1037.9
901711,706551,2024-11-09,Size Issue,Requested,,7029.47
901712,718208,2025-06-24,damaged,Approved,Original Payment,1285.43
901713,702792,2025-06-22,damaged,Requested,,2431.96
901714,709881,2024-05-27,Quality Issue,Approved,,1955113.19
901715,712049,2024-07-07,Late Delivery,requested,original payment,917.18
901716,703497,2024-09-13,Size Issue,Rejected,UPI,7419.12
901717,703846,2025-07-19,size issue,Completed,Store Credit,5504.66
901718,712949,2025-07-12,Duplicate Order,approved,UPI,456.65
901719,711107,2025-01-18,Duplicate Order,approved,Original Payment,7918.43
901720,707142,2025-02-18,Not as Expected,Completed,Original Payment,34293.72
901721,719010,2024-02-20,Wrong Item,requested,Store Credit,9299.23
901722,712503,2024-11-04,Late Delivery,approved,Bank Transfer,5997.97
901723,717105,2025-01-23,damaged,requested,Bank Transfer,9015.24
901724,708455,2025-05-25,Duplicate Order,Completed,Original Payment,2359.64
901725,700452,2024-07-03,Size Issue,Rejected,UPI,7050.49
901726,712707,2026-01-07,size issue,Requested,Original Payment,0.0
901727,719739,2024-10-29,Damaged,Completed,,3845.97
901728,711946,2025-09-12,Changed Mind,Approved,UPI,10836.56
901729,701441,2025-06-30,damaged,Completed,Original Payment,3810783.65
901730,702647,2024-06-16,,,,5262.63
901731,713589,2025-05-04,damaged,Rejected,UPI,2365.68
901732,716597,2024-06-21,size issue,Rejected,original payment,4512.05
901733,716166,2024-01-22,Quality Issue,,Store Credit,27299.83
901734,709207,2025-12-15,Quality Issue,Requested,Original Payment,765.86
901735,703081,2025-08-22,Quality Issue,Completed,Original Payment,5116.55
901736,710844,2024-12-06,Quality Issue,requested,UPI,1902.04
901737,709946,2024-06-23,Late Delivery,Rejected,Original Payment,5302.62
901738,704383,2024-07-22,Quality Issue,,,434.7
901739,709731,2025-11-17,Not as Expected,Completed,UPI,1381908.19
901740,716738,2024-07-19,Duplicate Order,Approved,Bank Transfer,702.37
901741,709603,2025-12-20,Wrong Item,,Store Credit,12814.94
901742,715335,2025-10-09,Late Delivery,Rejected,Original Payment,966.25
901743,705619,2025-12-10,Damaged,Approved,UPI,4725.46
901744,703130,2024-08-22,Changed Mind,,UPI,2049.16
901745,703627,2024-07-21,Wrong Item,approved,UPI,5457.06
901746,717326,2024-04-20,,approved,,1566.85
901747,703943,2025-06-25,Quality Issue,Rejected,,19517.53
901748,715260,2025-04-22,Late Delivery,,Original Payment,2859.73
901749,711795,2025-09-15,Damaged,,original payment,4212.79
901750,714796,2024-02-12,Damaged,requested,UPI,9221.16
901751,704289,2024-12-15,Late Delivery,approved,,5160.5
901752,710380,2024-10-25,Changed Mind,Rejected,Bank Transfer,2431.49
901753,716411,2024-07-20,Size Issue,Rejected,original payment,7412.23
901754,700479,2025-01-01,damaged,Requested,UPI,6241.96
901755,710929,2025-07-01,,Approved,UPI,403.2
901756,709045,2024-09-27,size issue,approved,,5589.9
901757,707248,2025-06-03,Late Delivery,Rejected,Bank Transfer,2176.11
901758,712168,2024-10-31,Changed Mind,requested,,2343.57
901759,717237,2024-04-22,Size Issue,Rejected,Original Payment,3366.45
901760,706389,2025-02-03,size issue,Requested,original payment,15511.72
901761,717938,2025-11-20,size issue,Requested,UPI,11657.28
901762,713067,2024-07-28,Not as Expected,approved,original payment,5410.88
901763,714591,2025-08-06,damaged,Approved,Bank Transfer,6161.84
901764,712791,2024-07-23,size issue,Rejected,Bank Transfer,2044.92
901765,712523,2025-01-27,Size Issue,approved,Bank Transfer,8756.17
901766,700974,2024-08-23,Late Delivery,Rejected,Bank Transfer,4432.07
901767,708177,2024-08-06,Wrong Item,,UPI,2445.95
901768,700720,2025-01-08,Changed Mind,Rejected,original payment,2699.02
901769,709370,2024-02-23,damaged,requested,,3843.02
901770,719972,2024-01-31,Duplicate Order,Approved,Store Credit,1916.19
901771,717102,2025-09-19,Wrong Item,Rejected,Store Credit,12922.25
901772,702287,2025-07-15,,Completed,UPI,201.57
901773,715439,2024-11-12,Damaged,requested,UPI,663.06
901774,707726,2025-07-12,Wrong Item,Requested,original payment,2149.75
901775,712467,2025-01-19,Changed Mind,Approved,,34516.69
901776,715378,2025-11-13,Late Delivery,Completed,UPI,4907.77
901777,713262,2025-06-04,Size Issue,approved,,2547.41
901778,709740,2024-06-25,damaged,Completed,UPI,4006.09
901779,708729,2024-05-27,Duplicate Order,requested,UPI,1192.95
901780,707700,2024-11-26,Duplicate Order,Requested,UPI,691.98
901781,706028,2025-03-03,Not as Expected,Requested,original payment,2551.67
901782,710378,2024-10-18,size issue,requested,UPI,5406.87
901783,706857,2024-03-23,Damaged,requested,Original Payment,6999.14
901784,715666,2025-12-30,Size Issue,,UPI,8734.7
901785,710850,2025-06-30,Damaged,Rejected,Original Payment,6676.18
901786,702434,2025-05-12,size issue,approved,Original Payment,11005.96
901787,717921,2025-04-25,Size Issue,Requested,Store Credit,382.84
901788,712371,2025-12-12,Quality Issue,Approved,original payment,2725.12
901789,719381,2026-01-11,Duplicate Order,Requested,Original Payment,5077.52
901790,710583,2024-08-20,size issue,approved,original payment,974.56
901791,708569,2025-07-07,Not as Expected,Rejected,Original Payment,5597.75
901792,708032,2025-08-05,Duplicate Order,requested,UPI,10826.4
901793,714183,2025-01-14,Wrong Item,Approved,Bank Transfer,7178.32
901794,710968,2024-11-07,damaged,,,8237.88
901795,715873,2024-03-17,Quality Issue,approved,Original Payment,5095.63
901796,714830,2024-05-31,Wrong Item,requested,UPI,16649.88
901797,719584,2024-08-01,size issue,Rejected,UPI,17540.16
901798,708180,2025-11-09,Duplicate Order,Rejected,original payment,1365.07
901799,700541,2025-09-06,damaged,Rejected,Store Credit,3472.91
901800,706632,2025-05-29,Wrong Item,approved,UPI,1045.55
901801,719967,2025-02-21,Damaged,Approved,Store Credit,43577.26
901802,704372,2024-05-15,size issue,Approved,Bank Transfer,1836.73
901803,712251,2024-01-17,damaged,Approved,Store Credit,4767.54
901804,717338,2024-06-19,,Completed,Store Credit,1782.41
901805,713561,2025-07-01,Damaged,Completed,Bank Transfer,4053.75
901806,703565,2024-02-21,size issue,,,3333.47
901807,711080,2026-01-18,Late Delivery,requested,Bank Transfer,1727.88
901808,711884,2024-02-10,Size Issue,approved,Bank Transfer,5943.9
901809,714812,2024-03-21,Quality Issue,requested,UPI,2673.49
901810,713541,2025-10-11,,requested,Bank Transfer,5698.4
901811,705527,2025-04-02,Size Issue,,original payment,4219.57
901812,708401,2025-05-11,Duplicate Order,Completed,Original Payment,9203.83
901813,712240,2024-09-27,,requested,original payment,643.46
901814,712433,2024-05-22,Damaged,requested,Bank Transfer,2192.5
901815,708329,2024-09-16,size issue,Completed,UPI,599.04
901816,701845,2024-08-27,damaged,Requested,,448.63
901817,713819,2024-10-31,size issue,approved,,31679.38
901818,719522,2024-11-24,Duplicate Order,Completed,UPI,3394.85
901819,700824,2024-08-15,Late Delivery,Completed,Store Credit,2825.57
901820,703151,2025-04-19,size issue,Approved,original payment,1744.6
901821,700569,2025-05-13,damaged,,Original Payment,4046.04
901822,710365,2025-01-23,Duplicate Order,Rejected,,1733.49
901823,715357,2025-12-04,Wrong Item,requested,Store Credit,2246.28
901824,716937,2025-08-06,Damaged,approved,UPI,15397.02
901825,717968,2024-09-25,Wrong Item,Requested,,8558.11
901826,703319,2024-06-28,Not as Expected,Completed,,1239.04
901827,715423,2024-01-06,Wrong Item,Approved,Store Credit,714.02
901828,718824,2024-10-05,Duplicate Order,approved,Bank Transfer,3641.72
901829,704891,2025-09-14,size issue,approved,Store Credit,1848.59
901830,706602,2025-02-07,Damaged,Requested,original payment,1139.45
901831,713955,2025-11-19,Not as Expected,Completed,UPI,9886.04
901832,709609,2025-12-05,Quality Issue,Requested,,3737.35
901833,707881,2024-02-12,size issue,requested,original payment,207.01
901834,706550,2024-04-04,size issue,approved,,4627.98
901835,718913,2025-05-19,size issue,Completed,original payment,14597.94
901836,706868,2024-11-26,Damaged,Requested,Store Credit,943.39
901837,718458,2024-11-13,Not as Expected,,Original Payment,1052.94
901838,704027,2024-05-11,Damaged,Completed,Original Payment,339.37
901839,710607,2025-10-21,Size Issue,,Original Payment,2273.06
901840,716413,2025-07-17,Duplicate Order,Requested,,9182.14
901841,713641,2024-03-09,size issue,Rejected,Bank Transfer,7745.6
901842,718290,2025-03-18,Late Delivery,requested,original payment,37790.37
901843,705757,2026-01-01,damaged,Rejected,Original Payment,17353.11
901844,705476,2025-08-24,Changed Mind,,original payment,6226.96
901845,703455,2024-12-02,Wrong Item,,UPI,15476.27
901846,715552,2025-03-15,Duplicate Order,Rejected,Original Payment,5146.03
901847,703980,2025-03-06,Size Issue,approved,Store Credit,1714.92
901848,713996,2024-03-12,damaged,Rejected,original payment,7288.46
901849,701259,2025-11-06,Size Issue,Rejected,,16693.76
901850,705921,2024-11-01,size issue,Rejected,UPI,681.57
901851,707513,2025-02-28,Quality Issue,Approved,UPI,1173.27
901852,700487,2024-11-06,damaged,Requested,Original Payment,2193771.21
901853,704137,2025-01-13,Quality Issue,Requested,original payment,6248.59
901854,704817,2025-05-05,,Rejected,Original Payment,1772.73
901855,712319,2024-07-04,Size Issue,approved,Original Payment,15735.26
901856,709432,2025-04-29,Changed Mind,,Bank Transfer,3769.29
901857,703527,2025-12-02,size issue,,Original Payment,6198.67
901858,715798,2024-12-14,Duplicate Order,Requested,Store Credit,1598.83
901859,701167,2024-06-30,Changed Mind,requested,Store Credit,2586615.54
901860,711278,2025-07-08,Not as Expected,approved,Bank Transfer,8821.52
901861,709710,2024-07-09,size issue,Approved,original payment,19983.33
901862,717562,2025-06-29,Not as Expected,Completed,original payment,314.88
901863,712327,2024-11-16,Changed Mind,Rejected,Store Credit,27148.65
901864,708018,2024-10-02,,,Original Payment,2806.97
901865,715859,2025-02-15,Late Delivery,Completed,Store Credit,6179.09
901866,707598,2024-10-12,Wrong Item,Rejected,Bank Transfer,895.94
901867,717859,2024-12-27,Quality Issue,requested,Store Credit,1214.06
901868,700591,2024-02-12,Quality Issue,Requested,Original Payment,4196.5
901869,716984,2024-11-22,Duplicate Order,approved,Store Credit,2231.11
901870,718285,2024-12-14,Wrong Item,requested,Bank Transfer,4192.51
901871,706941,2024-09-03,Wrong Item,Requested,Original Payment,0.0
901872,708497,2025-01-12,,Requested,Original Payment,14187.11
901873,703785,2025-06-04,Size Issue,Approved,original payment,2832.43
901874,705982,2024-09-06,Wrong Item,Requested,original payment,6495.52
901875,718939,2025-01-31,damaged,Approved,,2031.65
901876,707774,2025-08-09,Damaged,Approved,Store Credit,2148.7
901877,714746,2025-06-11,damaged,Approved,original payment,9595.26
901878,700382,2024-07-31,Late Delivery,Rejected,original payment,7775.97
901879,706270,2025-04-18,Wrong Item,,original payment,357.46
901880,714329,2025-03-20,Duplicate Order,Rejected,,1025.19
901881,711862,2024-02-03,Size Issue,,UPI,2389.52
901882,716987,2025-12-07,Late Delivery,,Bank Transfer,537.12
901883,705535,2024-08-11,Late Delivery,Rejected,Bank Transfer,7632.27
901884,700937,2024-04-02,size issue,requested,UPI,634.89
901885,716167,2025-01-29,Duplicate Order,Requested,Original Payment,4676.53
901886,715024,2024-07-25,Quality Issue,Requested,Store Credit,4807.35
901887,702516,2024-08-27,size issue,,UPI,2552.78
901888,713600,2025-01-07,Quality Issue,Completed,original payment,1341.42
901889,715002,2025-12-28,Changed Mind,approved,UPI,3371.55
901890,719435,2025-09-16,Not as Expected,,original payment,4957.33
901891,714885,2025-07-19,Changed Mind,Requested,Bank Transfer,1229.15
901892,700588,2024-11-24,damaged,Requested,Store Credit,740.02
901893,710412,2025-09-06,Quality Issue,,UPI,5398.8
901894,712427,2024-03-30,damaged,approved,Original Payment,4889.75
901895,712626,2024-11-30,Quality Issue,Requested,Bank Transfer,267.38
901896,715248,2025-03-27,Changed Mind,requested,Original Payment,8589.18
901897,718897,2025-11-30,Not as Expected,Completed,Store Credit,6387.44
901898,705591,2025-03-16,Late Delivery,Completed,Store Credit,4066.59
901899,717701,2024-05-23,Changed Mind,Approved,Store Credit,812.76
901900,718653,2025-11-13,,approved,Bank Transfer,1907.4
901901,709558,2025-07-24,Duplicate Order,approved,Original Payment,4665.69
901902,716387,2025-11-14,Damaged,Approved,,2054.64
901903,701236,2024-09-10,Wrong Item,,,1587.82
901904,719554,2025-12-31,Changed Mind,approved,Original Payment,4774.23
901905,702483,2026-01-04,Quality Issue,,Bank Transfer,0.0
901906,719472,2025-08-20,Quality Issue,Approved,Original Payment,2300.37
901907,714862,2025-11-05,Size Issue,approved,original payment,2523.08
901908,712481,2024-05-24,Size Issue,Requested,UPI,20221.04
901909,718677,2025-12-21,Wrong Item,Completed,UPI,2131.82
901910,716082,2025-01-28,Wrong Item,approved,original payment,2004.65
901911,711803,2024-03-09,Late Delivery,Completed,original payment,5567.98
901912,701288,2024-03-12,Quality Issue,,original payment,4651.7
901913,705204,2024-11-18,Size Issue,Approved,Store Credit,8453.11
901914,700209,2025-04-19,,approved,Bank Transfer,4426.7
901915,702125,2024-12-02,Wrong Item,Approved,,3807.05
901916,702994,2025-08-29,Duplicate Order,Rejected,Original Payment,2646.86
901917,706520,2024-10-05,Quality Issue,Completed,Store Credit,30607.67
901918,708727,2025-05-20,Changed Mind,requested,UPI,2191.25
901919,704283,2025-07-16,Late Delivery,,Original Payment,1191.61
901920,701430,2025-06-14,Duplicate Order,approved,UPI,1647.64
901921,701934,2024-04-17,Wrong Item,Approved,UPI,3014.79
901922,703063,2025-10-30,,Requested,UPI,1101.42
901923,715309,2024-09-30,Damaged,requested,Bank Transfer,2035.38
901924,705948,2025-09-14,Wrong Item,Requested,original payment,3033.87
901925,711307,2024-08-18,Late Delivery,Completed,original payment,1252.76
901926,710383,2025-01-07,Size Issue,Rejected,original payment,8170.94
901927,716759,2025-09-08,Wrong Item,Approved,,7567.13
901928,701960,2024-02-18,damaged,,Bank Transfer,1575.71
901929,711161,2024-12-08,Late Delivery,Completed,original payment,2703.85
901930,702917,2024-07-02,Late Delivery,Approved,,478.25
901931,717526,2025-06-13,Size Issue,Rejected,original payment,890.6
901932,712609,2024-11-04,Late Delivery,approved,original payment,1354.1
901933,705863,2024-05-20,Not as Expected,Approved,original payment,4257.19
901934,716915,2024-08-08,Quality Issue,Completed,Store Credit,7954.91
901935,712651,2025-08-06,Quality Issue,Rejected,Bank Transfer,3415.31
901936,713636,2025-02-24,Changed Mind,,UPI,6641.47
901937,716149,2025-03-21,Late Delivery,Requested,original payment,1594.39
901938,702924,2025-07-24,Changed Mind,requested,Original Payment,2130.25
901939,717922,2024-08-30,size issue,Approved,original payment,1990.1
901940,714464,2025-07-05,Late Delivery,Approved,Store Credit,2782.41
901941,707069,2025-01-06,Size Issue,Completed,original payment,6023.99
901942,712597,2025-11-30,size issue,requested,UPI,8520.94
901943,707034,2024-12-31,,Approved,Bank Transfer,7511.4
901944,715023,2025-07-06,Size Issue,,Store Credit,28488.87
901945,710467,2025-10-10,Late Delivery,requested,UPI,1733.47
901946,710468,2025-02-07,Late Delivery,,,2089.69
901947,704952,2025-10-26,Late Delivery,Approved,Bank Transfer,21724.15
901948,701132,2025-11-29,,,UPI,3764.09
901949,704886,2024-05-13,Damaged,,,6445.73
901950,702499,2025-09-03,,Completed,Bank Transfer,2672.35
901951,705073,2024-06-16,Size Issue,requested,Store Credit,3660.39
901952,719819,2024-09-21,Damaged,Rejected,,2006.53
901953,715409,2025-08-02,Quality Issue,approved,original payment,238.5
901954,715769,2025-04-14,Changed Mind,Approved,Store Credit,1659.09
901955,712810,2025-06-01,,,Original Payment,804.41
901956,708122,2025-11-23,size issue,Requested,Bank Transfer,11834.21
901957,712867,2025-05-13,,Requested,,7882.55
901958,704926,2024-12-27,,,Original Payment,4553.6
901959,718573,2025-06-30,Wrong Item,approved,Store Credit,2590.23
901960,706731,2025-04-02,Quality Issue,requested,Bank Transfer,4552.63
901961,716566,2025-10-01,,Rejected,Store Credit,5910.63
901962,703909,2025-04-18,Quality Issue,,Store Credit,4170.53
901963,712923,2024-05-13,size issue,Completed,Store Credit,1009.4
901964,716526,2025-01-30,size issue,Rejected,Store Credit,15662.24
901965,711425,2024-06-02,Quality Issue,Approved,Store Credit,2856.73
901966,709705,2025-04-09,Size Issue,Approved,Store Credit,10912.93
901967,716133,2025-07-29,Duplicate Order,approved,Original Payment,6928.31
901968,700543,2025-05-12,damaged,Approved,,841.38
901969,707563,2024-12-15,Duplicate Order,Completed,Bank Transfer,16578.36
901970,703253,2025-09-11,damaged,Requested,Store Credit,0.0
901971,719199,2025-08-13,Not as Expected,Approved,UPI,1944.97
901972,716885,2025-04-02,Wrong Item,Rejected,,3842.09
901973,703306,2025-09-10,,requested,Original Payment,2109.02
901974,719898,2024-12-29,Size Issue,Completed,Original Payment,2312.06
901975,716773,2025-04-30,Late Delivery,Approved,original payment,3078.11
901976,718362,2025-03-30,Not as Expected,,Original Payment,2159.88
901977,712535,2025-02-07,Not as Expected,,Bank Transfer,3872.68
901978,717391,2025-12-31,Damaged,requested,UPI,4363.3
901979,701797,2025-02-17,Late Delivery,approved,UPI,6917.69
901980,709510,2025-04-14,Not as Expected,,UPI,1264.13
901981,709034,2025-11-14,Size Issue,Rejected,original payment,2154.7
901982,714002,2024-09-17,Changed Mind,requested,Store Credit,1655.03
901983,716429,2024-08-26,Wrong Item,Rejected,Original Payment,5482.69
901984,712335,2025-10-31,Size Issue,Rejected,Original Payment,3874.63
901985,711653,2025-02-20,Damaged,Completed,,7963.52
901986,700519,2024-09-25,damaged,Rejected,Store Credit,7342.88
901987,714424,2025-06-17,Not as Expected,requested,UPI,1897.91
901988,713361,2025-08-09,damaged,approved,original payment,3106.87
901989,710225,2024-05-23,Changed Mind,Approved,UPI,3854.56
901990,713440,2025-04-23,Quality Issue,requested,Original Payment,3140.65
901991,701818,2024-03-25,Late Delivery,Completed,Store Credit,894.06
901992,709861,2024-10-04,size issue,,original payment,978.75
901993,719154,2025-08-17,Late Delivery,Completed,UPI,18832.0
901994,716235,2025-02-09,Quality Issue,Completed,UPI,828.35
901995,703058,2024-09-27,Quality Issue,Completed,Bank Transfer,2561.24
901996,711128,2024-07-27,size issue,Rejected,UPI,1891.21
901997,708635,2024-10-08,Size Issue,Rejected,,6407.95
901998,709065,2025-03-23,Late Delivery,,Bank Transfer,29973.3
901999,715888,2024-10-11,size issue,Requested,Bank Transfer,2069.7
902000,715044,2024-05-18,damaged,Approved,UPI,4776.46
902001,717981,2025-12-20,damaged,requested,Store Credit,2863.44
902002,701843,2025-07-08,Not as Expected,Requested,original payment,1248.44
902003,702726,2025-10-10,Wrong Item,Completed,Store Credit,1190.01
902004,708067,2025-08-07,Changed Mind,Approved,,259.96
902005,708521,2024-08-17,Not as Expected,approved,Bank Transfer,3550.37
902006,717524,2025-09-11,damaged,approved,original payment,4996.15
902007,707744,2024-11-28,Changed Mind,requested,UPI,5789.75
902008,716335,2025-10-17,,,UPI,1244.64
902009,718472,2025-02-02,Damaged,,Bank Transfer,1096.99
902010,711363,2025-02-04,Damaged,Approved,UPI,1420.85
902011,702360,2024-05-12,,,Bank Transfer,1785.87
902012,700052,2024-06-05,,,original payment,3853.99
902013,712161,2024-11-06,Wrong Item,requested,Original Payment,6378.15
902014,703126,2025-09-26,damaged,Rejected,original payment,693.33
902015,718213,2024-12-17,Damaged,approved,Bank Transfer,8616.37
902016,708235,2025-04-22,Late Delivery,Completed,Store Credit,7934.14
902017,706955,2024-07-19,damaged,Requested,original payment,4910.42
902018,702927,2025-08-12,Not as Expected,approved,,1513.81
902019,712560,2024-05-05,size issue,requested,,14118.88
902020,702979,2024-03-28,Duplicate Order,approved,,3542.0
902021,700508,2024-01-25,size issue,Completed,Bank Transfer,3096.78
902022,719907,2024-03-05,Size Issue,Approved,Bank Transfer,3573.24
902023,708680,2025-08-11,Wrong Item,Completed,Original Payment,8069.32
902024,717604,2024-03-23,damaged,Requested,,4164.28
902025,707606,2024-08-25,damaged,Requested,UPI,6358.08
902026,715056,2024-12-31,damaged,Requested,Original Payment,5516.98
902027,716640,2024-12-21,damaged,requested,UPI,3437.78
902028,712228,2025-08-21,size issue,approved,Bank Transfer,3701.33
902029,713480,2024-07-18,Changed Mind,requested,original payment,23519.6
902030,710390,2025-09-21,Wrong Item,Completed,Original Payment,8386.49
902031,701317,2024-03-12,Late Delivery,approved,UPI,2054.88
902032,719647,2024-10-10,size issue,,Original Payment,1764.23
902033,712941,2024-02-27,Not as Expected,Approved,original payment,1245.15
902034,702385,2024-08-02,Quality Issue,requested,Store Credit,0.0
902035,710265,2024-06-09,size issue,Completed,,17635.64
902036,718807,2025-08-23,Changed Mind,requested,original payment,9790.78
902037,719757,2024-11-11,,Completed,original payment,1715.24
902038,714023,2025-06-30,size issue,Rejected,,1030.63
902039,711308,2025-09-25,Duplicate Order,Completed,Original Payment,1990.89
902040,707451,2025-07-12,size issue,Rejected,original payment,3819.29
902041,704437,2025-05-04,damaged,Completed,UPI,3539.71
902042,706007,2025-05-13,Not as Expected,Rejected,Original Payment,0.0
902043,701104,2024-10-12,Late Delivery,requested,UPI,0.0
902044,710600,2024-05-26,size issue,requested,Store Credit,3441.21
902045,709383,2025-05-26,Wrong Item,Requested,Original Payment,3715.52
902046,711648,2024-07-15,Not as Expected,,Bank Transfer,2101.43
902047,706962,2025-10-16,Damaged,requested,Bank Transfer,4330.49
902048,713069,2025-08-16,Not as Expected,Approved,Original Payment,1914.28
902049,708466,2024-12-29,Size Issue,Rejected,Bank Transfer,2923.27
902050,701153,2024-05-18,Late Delivery,Requested,Bank Transfer,669.27
902051,708109,2024-09-04,Damaged,Completed,Store Credit,3885.3
902052,700531,2024-12-01,Late Delivery,Completed,UPI,943.78
902053,719658,2024-12-01,Duplicate Order,Rejected,Original Payment,4888.45
902054,711063,2024-05-25,Duplicate Order,Rejected,original payment,2701.05
902055,718925,2025-01-10,Damaged,Approved,UPI,705.57
902056,707344,2024-06-24,Size Issue,Requested,UPI,3660.46
902057,706022,2024-01-20,Not as Expected,Requested,Store Credit,0.0
902058,706848,2024-04-06,Quality Issue,Approved,original payment,3756.39
902059,716466,2025-08-08,Not as Expected,Requested,Store Credit,1205.26
902060,702549,2024-11-22,,,UPI,25693.0
902061,708869,2025-07-23,Late Delivery,Approved,Bank Transfer,-500.0
902062,709725,2025-08-08,Quality Issue,,,872.75
902063,718260,2024-05-28,Not as Expected,Requested,UPI,2242.84
902064,706892,2024-09-15,Damaged,Requested,UPI,1436.42
902065,719841,2024-04-07,Size Issue,Approved,Original Payment,2285.1
902066,703862,2026-01-14,Duplicate Order,Requested,Bank Transfer,3024.37
902067,719801,2025-06-13,,requested,original payment,8418.43
902068,707373,2024-06-29,Duplicate Order,Rejected,UPI,19276.7
902069,707764,2025-08-01,size issue,,UPI,1085.69
902070,700228,2024-07-07,Size Issue,approved,original payment,3876.75
902071,714675,2025-05-03,Size Issue,approved,Store Credit,1568.47
902072,714010,2024-12-13,Late Delivery,,Store Credit,2858.11
902073,714021,2025-08-04,Quality Issue,Rejected,original payment,3412.99
902074,706156,2024-07-24,Duplicate Order,Requested,UPI,14561.33
902075,714540,2024-01-23,Duplicate Order,Rejected,Store Credit,10547.41
902076,716592,2024-02-08,Not as Expected,requested,Original Payment,10531.19
902077,709745,2024-05-29,Wrong Item,requested,Original Payment,3076.22
902078,703729,2024-12-12,Duplicate Order,Requested,Original Payment,27288.55
902079,703482,2025-05-21,damaged,,,1394.97
902080,702861,2024-08-29,Wrong Item,requested,Original Payment,9889.83
902081,706276,2024-09-16,,,Bank Transfer,390.58
902082,713603,2025-05-16,Size Issue,approved,original payment,48294.58
902083,712963,2024-12-21,Late Delivery,Approved,UPI,1601.98
902084,719429,2024-12-05,,Requested,UPI,41773.15
902085,714957,2024-12-17,Duplicate Order,Approved,Original Payment,1460.3
902086,716325,2024-09-23,Duplicate Order,,Bank Transfer,1196.28
902087,715463,2025-10-02,Size Issue,requested,Original Payment,16807.1
902088,712805,2024-11-14,Wrong Item,Requested,Bank Transfer,579.53
902089,708379,2024-02-07,Changed Mind,Requested,Original Payment,5615.58
902090,700738,2024-09-07,Late Delivery,Approved,Bank Transfer,6633.28
902091,708970,2024-03-26,damaged,Requested,original payment,32246.57
902092,717965,2025-10-03,Size Issue,approved,Store Credit,938.79
902093,707221,2025-09-12,Quality Issue,Rejected,original payment,2288.43
902094,704307,2025-01-27,Quality Issue,approved,Bank Transfer,47424.0
902095,713364,2025-01-15,Duplicate Order,Approved,Store Credit,3657.43
902096,708039,2024-08-20,damaged,Requested,Store Credit,2041.08
902097,718529,2025-06-27,size issue,Rejected,,2753.1
902098,711928,2024-03-26,Late Delivery,Approved,original payment,3464.59
902099,702801,2024-05-22,size issue,Completed,original payment,6884.2
902100,707205,2025-10-13,Wrong Item,approved,original payment,962.07
902101,706555,2024-05-04,size issue,approved,UPI,3054.15
902102,704921,2025-03-17,Duplicate Order,requested,original payment,3346.16
902103,715478,2024-12-25,Duplicate Order,approved,Bank Transfer,263.16
902104,712233,2025-07-30,,Rejected,,3861.4
902105,709165,2026-01-08,Changed Mind,,,15887.54
902106,705250,2025-05-01,Not as Expected,approved,,8494.74
902107,701429,2024-10-19,,approved,Store Credit,2777.98
902108,708442,2025-08-11,size issue,Completed,UPI,1694.67
902109,717843,2024-07-14,Wrong Item,Rejected,Store Credit,2869.45
902110,708344,2024-08-20,Duplicate Order,approved,UPI,2497.84
902111,714578,2024-01-15,size issue,Requested,UPI,6165.82
902112,714906,2025-08-05,Damaged,Rejected,Store Credit,0.0
902113,703643,2024-04-05,Size Issue,Approved,original payment,7742.21
902114,716928,2024-07-05,Duplicate Order,requested,Store Credit,2899.83
902115,719814,2024-10-21,size issue,Approved,Original Payment,2136.5
902116,718928,2024-07-13,,Requested,Original Payment,307.82
902117,703706,2024-11-15,Quality Issue,,Store Credit,1046.96
902118,707637,2024-06-05,Damaged,Completed,Bank Transfer,3245.6
902119,716899,2025-03-06,Not as Expected,Completed,Store Credit,2399.56
902120,708421,2025-07-24,Wrong Item,Rejected,Original Payment,1766.48
902121,706901,2024-04-28,,Rejected,,1939.25
902122,703632,2024-03-01,Changed Mind,Approved,Original Payment,3858.25
902123,711576,2024-03-15,Size Issue,Rejected,Original Payment,5528.58
902124,705323,2024-05-16,Duplicate Order,Completed,Bank Transfer,7095.77
902125,713253,2024-12-28,,,Store Credit,2237.6
902126,701385,2024-03-10,Changed Mind,Rejected,Original Payment,4689.39
902127,703789,2025-12-01,Damaged,Completed,Store Credit,8405.44
902128,709949,2025-02-07,Size Issue,,original payment,8144.68
902129,703713,2024-07-07,Not as Expected,Completed,Bank Transfer,3245951.57
902130,706663,2025-09-08,damaged,Completed,,6336.06
902131,708001,2025-05-08,Size Issue,Rejected,Store Credit,4490.5
902132,710230,2024-02-16,Changed Mind,Completed,,11184.26
902133,718468,2025-04-17,Wrong Item,approved,Original Payment,4294.87
902134,712569,2025-11-03,,approved,Bank Transfer,999999.0
902135,708894,2024-07-21,Damaged,Rejected,Bank Transfer,2242.38
902136,704517,2024-08-27,Changed Mind,approved,Store Credit,1717.21
902137,712115,2025-01-12,Late Delivery,Rejected,original payment,14577.02
902138,717251,2025-08-15,Late Delivery,Approved,UPI,1699.69
902139,714119,2024-10-19,Late Delivery,requested,,12335.55
902140,712130,2025-10-30,Late Delivery,Completed,Bank Transfer,4917.55
902141,703818,2025-02-20,Wrong Item,requested,Store Credit,4595.0
902142,719619,2024-09-23,Not as Expected,Approved,UPI,816.13
902143,708945,2025-09-02,Wrong Item,,Original Payment,1300.93
902144,714571,2025-07-13,Damaged,Rejected,,13818.24
902145,700002,2024-04-08,Late Delivery,Approved,original payment,303.46
902146,705528,2026-01-25,Size Issue,Completed,UPI,2170.36
902147,714893,2024-06-16,Not as Expected,approved,Original Payment,316.63
902148,703931,2025-01-13,size issue,Rejected,UPI,1991.88
902149,715806,2024-10-31,Quality Issue,requested,Original Payment,13585.0
902150,714462,2025-05-25,,Requested,,13217.61
902151,709483,2025-01-23,Wrong Item,Requested,Store Credit,1676.0
902152,715807,2024-09-02,Size Issue,Rejected,Store Credit,3637.32
902153,701799,2025-07-13,Duplicate Order,,Store Credit,3494.51
902154,710918,2025-12-09,Late Delivery,Approved,Bank Transfer,22194.15
902155,710166,2025-08-10,Wrong Item,Rejected,Bank Transfer,1563.03
902156,714442,2024-04-30,Duplicate Order,,,899.15
902157,707940,2025-02-25,size issue,approved,UPI,2354.3
902158,716919,2024-08-16,Damaged,Approved,Store Credit,2263.92
902159,718390,2024-07-26,Not as Expected,,Bank Transfer,935.79
902160,713311,2025-12-10,Not as Expected,requested,Original Payment,2325.76
902161,713096,2025-02-13,Changed Mind,Completed,UPI,3307.8
902162,712936,2025-03-29,,Completed,Original Payment,4477.78
902163,713192,2024-07-02,Not as Expected,Rejected,Original Payment,9494.26
902164,703594,2025-01-10,Duplicate Order,Requested,UPI,12768.62
902165,718838,2025-01-19,Changed Mind,requested,original payment,1609.46
902166,707642,2024-02-06,size issue,Approved,UPI,3331.26
902167,708543,2024-03-22,Late Delivery,Rejected,original payment,726.79
902168,701276,2025-07-24,Quality Issue,requested,Bank Transfer,5124.47
902169,703514,2024-03-22,Late Delivery,Requested,UPI,12158.66
902170,718100,2024-06-14,Not as Expected,approved,Bank Transfer,1124.75
902171,703002,2024-10-17,size issue,approved,Bank Transfer,1614.4
902172,714609,2024-07-18,Wrong Item,Approved,Original Payment,978.09
902173,717979,2024-04-11,Wrong Item,Approved,,213.09
902174,707937,2025-12-20,Wrong Item,,,6737.52
902175,706462,2025-07-29,Changed Mind,Approved,,123.91
902176,711290,2024-12-18,Quality Issue,Rejected,Store Credit,4040929.26
902177,703562,2024-09-09,size issue,approved,,1976.83
902178,703959,2024-09-16,Not as Expected,Rejected,UPI,2698.36
902179,710862,2024-10-28,,,,662.64
902180,712893,2026-01-12,Duplicate Order,Rejected,Store Credit,1731.74
902181,705240,2025-08-26,Not as Expected,approved,Original Payment,12750.94
902182,710187,2025-12-08,Quality Issue,,,2177.76
902183,713046,2024-10-10,,Requested,Original Payment,25753.76
902184,706219,2024-08-05,Size Issue,Approved,Bank Transfer,2586.41
902185,716801,2025-10-31,,,UPI,1675.7
902186,717799,2025-10-03,Not as Expected,requested,,1447.04
902187,703147,2025-06-21,Wrong Item,Completed,Bank Transfer,2930.22
902188,711447,2024-08-05,Wrong Item,Completed,original payment,6995.03
902189,708692,2024-11-29,Damaged,Requested,original payment,1569.6
902190,702876,2024-05-16,size issue,,,1733.63
902191,710198,2024-12-03,size issue,approved,original payment,2084.42
902192,711714,2024-01-30,,Completed,,1327.99
902193,713988,2025-11-29,Quality Issue,Completed,Store Credit,14456.28
902194,716485,2024-11-14,,Requested,Original Payment,7253.52
902195,712398,2024-04-23,Quality Issue,Approved,Store Credit,1896.42
902196,704577,2025-04-09,Size Issue,Completed,,24220.84
902197,710887,2025-11-11,,Completed,Store Credit,0.0
902198,709805,2025-07-17,Quality Issue,Approved,Store Credit,2376.15
902199,709412,2024-05-29,size issue,requested,Store Credit,8547.79
902200,710720,2025-10-15,Late Delivery,,original payment,6345.19
902201,702960,2025-05-15,Not as Expected,,,2145.14
902202,715181,2024-07-14,Damaged,Completed,UPI,10547.28
902203,709665,2024-07-01,Damaged,Requested,Store Credit,5863.37
902204,701009,2025-12-08,damaged,approved,Bank Transfer,3330.25
902205,716021,2024-04-25,Quality Issue,requested,Original Payment,2919.52
902206,700636,2025-01-07,Quality Issue,Completed,Store Credit,1983.39
902207,718956,2025-06-07,Changed Mind,approved,Bank Transfer,0.0
902208,712353,2025-01-29,Not as Expected,Requested,Original Payment,1067.04
902209,701004,2024-08-11,Duplicate Order,,,11480.11
902210,714889,2024-04-23,Changed Mind,Requested,UPI,45598.58
902211,700103,2025-08-03,Duplicate Order,approved,UPI,5062.9
902212,709695,2025-07-28,Size Issue,approved,Store Credit,2806.03
902213,713060,2024-10-05,,Requested,original payment,2444.5
902214,707989,2025-03-15,Quality Issue,Completed,original payment,4571.9
902215,711881,2025-09-19,Damaged,Completed,Original Payment,370.09
902216,706926,2025-10-02,damaged,Requested,original payment,370.09
902217,707568,2025-10-15,Damaged,Rejected,Bank Transfer,5754.61
902218,717748,2025-11-28,Quality Issue,Completed,Store Credit,312.65
902219,706664,2024-11-26,,Approved,Store Credit,4489.11
902220,709736,2024-05-26,size issue,Rejected,Bank Transfer,584.36
902221,702548,2025-08-04,,Approved,UPI,284.59
902222,705741,2024-03-22,Damaged,Approved,,1632.39
902223,710489,2024-01-21,Quality Issue,requested,Store Credit,8569.98
902224,716218,2024-09-07,size issue,requested,,440.59
902225,704033,2025-07-06,damaged,Requested,Bank Transfer,3629.48
902226,718876,2025-06-18,damaged,requested,UPI,3657.01
902227,719982,2025-07-13,Quality Issue,Rejected,Store Credit,22435.49
902228,715726,2025-08-23,Wrong Item,Approved,,2233.72
902229,714549,2024-11-17,Damaged,requested,original payment,140015.14
902230,700917,2024-01-18,Changed Mind,approved,Store Credit,10068.46
902231,709512,2024-12-09,Changed Mind,requested,UPI,1090.52
902232,702878,2025-03-21,,approved,Original Payment,516.15
902233,706540,2025-04-28,,Approved,Bank Transfer,0.0
902234,700623,2024-12-07,Quality Issue,,Bank Transfer,1941.12
902235,718887,2024-02-27,Late Delivery,Approved,original payment,1368.57
902236,702490,2025-07-11,size issue,Approved,Store Credit,3381.66
902237,718349,2024-12-28,size issue,Requested,UPI,8293.41
902238,703476,2025-12-17,Damaged,Completed,,8885.07
902239,704091,2025-11-30,damaged,Approved,original payment,4766.39
902240,718713,2024-10-22,Not as Expected,approved,Store Credit,4279.43
902241,710826,2025-10-29,Wrong Item,Approved,original payment,2967.32
902242,710593,2025-07-05,Size Issue,Rejected,,13347.99
902243,714687,2024-02-12,Damaged,Rejected,original payment,1701.24
902244,703260,2025-11-13,Wrong Item,Requested,Bank Transfer,3658.93
902245,709915,2025-05-30,Changed Mind,Rejected,original payment,7206.16
902246,702103,2025-03-30,Size Issue,Rejected,Bank Transfer,16755.31
902247,708707,2025-04-06,Not as Expected,Approved,,5057.62
902248,716832,2025-09-04,Size Issue,Requested,Bank Transfer,5454.76
902249,709434,2025-06-16,Quality Issue,requested,Bank Transfer,0.0
902250,702091,2025-12-23,Wrong Item,requested,,3576.03
902251,704186,2025-06-14,Quality Issue,Approved,UPI,4316.77
902252,700580,2025-03-06,Late Delivery,Approved,,2786.06
902253,714891,2025-11-25,Quality Issue,,Original Payment,13492.2
902254,707321,2024-08-08,Not as Expected,requested,Original Payment,922.61
902255,710622,2025-10-01,damaged,requested,Original Payment,973.7
902256,710529,2025-06-09,size issue,Rejected,Bank Transfer,1177.93
902257,714192,2024-07-15,damaged,,UPI,3005.65
902258,718114,2024-05-19,size issue,Requested,Original Payment,2510.69
902259,701026,2024-04-27,Wrong Item,requested,Original Payment,5368.36
902260,709746,2024-04-15,,,UPI,917.22
902261,711056,2025-09-26,Wrong Item,Approved,Original Payment,6711.25
902262,719341,2024-10-01,Damaged,Requested,Bank Transfer,43174.62
902263,716078,2025-06-02,damaged,Approved,Bank Transfer,5232.89
902264,710866,2024-02-07,Changed Mind,Approved,original payment,17764.95
902265,719313,2025-06-11,Damaged,Rejected,,1214.82
902266,710240,2024-05-30,Changed Mind,Completed,UPI,14118.15
902267,714996,2024-03-02,Damaged,,original payment,8356.01
902268,706045,2025-05-12,size issue,Approved,Bank Transfer,527.31
902269,709444,2025-02-12,Quality Issue,Rejected,,1058.81
902270,712080,2024-09-06,Damaged,Rejected,UPI,3914.97
902271,712462,2024-12-11,Late Delivery,requested,Original Payment,6937.25
902272,700696,2024-11-26,size issue,Completed,Original Payment,421.11
902273,706954,2025-03-23,damaged,approved,original payment,19396.23
902274,712375,2024-09-02,Late Delivery,Approved,UPI,3078.95
902275,709054,2024-07-10,Not as Expected,,Bank Transfer,1019.98
902276,717383,2024-06-27,Damaged,Completed,Store Credit,2542.98
902277,711121,2024-05-21,Changed Mind,Rejected,UPI,9845.04
902278,711209,2025-02-01,Duplicate Order,Requested,Original Payment,7889.99
902279,717522,2024-01-21,Wrong Item,Completed,Original Payment,12682.3
902280,718991,2024-06-08,Size Issue,,UPI,3124.63
902281,704872,2025-08-15,Quality Issue,Requested,Store Credit,4330.75
902282,711856,2024-11-04,size issue,Completed,Original Payment,1044.75
902283,704964,2025-08-29,Changed Mind,Requested,,1958.95
902284,716934,2024-04-04,Quality Issue,requested,Original Payment,1082.5
902285,717414,2024-12-17,,Approved,Bank Transfer,1238.8
902286,704862,2025-11-26,Wrong Item,Completed,UPI,24714.26
902287,712964,2024-03-28,size issue,requested,Store Credit,17270.16
902288,702176,2025-09-20,,Approved,Store Credit,1653.76
902289,716821,2025-06-19,Quality Issue,requested,,3799.98
902290,718673,2024-06-10,Changed Mind,approved,Bank Transfer,3084.8
902291,713013,2025-10-18,Not as Expected,Approved,Original Payment,9722.23
902292,705359,2025-12-15,Size Issue,Approved,Original Payment,4307.39
902293,715474,2024-07-04,Late Delivery,approved,Original Payment,2227.58
902294,707623,2024-04-11,Not as Expected,Approved,UPI,11226.77
902295,707806,2024-11-09,Not as Expected,approved,,7759.96
902296,719366,2026-01-07,Quality Issue,Approved,original payment,5938.93
902297,710977,2025-04-16,Damaged,,Original Payment,4243.96
902298,706152,2024-03-22,Wrong Item,Completed,Store Credit,13115.21
902299,712974,2024-08-20,size issue,Rejected,,9399.86
902300,704810,2024-09-04,Damaged,,UPI,1374.45
902301,708607,2025-12-11,Quality Issue,requested,Original Payment,2619.51
902302,717382,2025-08-19,Duplicate Order,Requested,Original Payment,10804.52
902303,715799,2025-01-24,Damaged,Completed,Original Payment,260.82
902304,710926,2024-10-28,Changed Mind,approved,Store Credit,787.23
902305,708502,2025-07-18,Late Delivery,approved,Bank Transfer,8896.2
902306,711153,2025-09-03,Wrong Item,Completed,Bank Transfer,425.82
902307,705662,2025-10-23,Duplicate Order,Requested,Store Credit,1136.28
902308,715020,2025-02-14,Damaged,requested,,4861.14
902309,707122,2024-08-29,Size Issue,requested,,3355.44
902310,701776,2024-05-21,Wrong Item,Rejected,Bank Transfer,1950.64
902311,714661,2024-09-07,Size Issue,Approved,Original Payment,10704.03
902312,714811,2025-01-19,Size Issue,Completed,Original Payment,5306.34
902313,719660,2025-01-03,damaged,Completed,original payment,0.0
902314,705089,2024-02-23,Size Issue,,original payment,5310.42
902315,701536,2025-09-07,Size Issue,Requested,original payment,7594.59
902316,702155,2024-08-19,Size Issue,Approved,Store Credit,0.0
902317,700096,2025-01-07,Not as Expected,Completed,original payment,1348.14
902318,709632,2025-03-01,,approved,original payment,3518.73
902319,707520,2024-09-27,Quality Issue,Rejected,Store Credit,3506.84
902320,710474,2024-04-23,damaged,requested,Bank Transfer,5441.84
902321,704042,2024-05-11,Damaged,Approved,,1224.87
902322,719321,2025-08-11,Wrong Item,approved,original payment,0.0
902323,704780,2024-02-06,Damaged,approved,UPI,3686.45
902324,710784,2025-11-17,Duplicate Order,,Bank Transfer,2442.01
902325,717741,2024-10-08,damaged,,,19627.09
902326,716120,2025-04-03,Size Issue,Rejected,Bank Transfer,3041.01
902327,713737,2024-08-31,Quality Issue,approved,Original Payment,11678.62
902328,710771,2024-04-08,Damaged,approved,,3277.55
902329,701350,2025-03-27,Late Delivery,requested,Original Payment,2417.39
902330,710038,2025-08-20,Duplicate Order,,Store Credit,5641.26
902331,719803,2026-01-14,Size Issue,approved,,0.0
902332,714470,2024-02-06,Late Delivery,Rejected,Store Credit,0.0
902333,700146,2025-08-24,Size Issue,requested,UPI,3465.89
902334,715794,2025-09-19,Wrong Item,Approved,,1374.13
902335,704815,2025-06-07,size issue,,UPI,8986.13
902336,709016,2025-06-13,Duplicate Order,Rejected,Bank Transfer,12862.97
902337,707364,2024-04-27,Changed Mind,Requested,original payment,4778.52
902338,713431,2024-07-09,Size Issue,requested,Store Credit,1723.73
902339,708052,2025-02-20,Quality Issue,Rejected,UPI,7122.09
902340,713595,2024-08-12,Quality Issue,Rejected,original payment,13025.72
902341,717295,2024-08-03,damaged,Completed,Store Credit,5849.14
902342,703142,2024-11-15,Duplicate Order,Completed,UPI,1910.12
902343,713553,2024-07-22,Damaged,approved,,2383.72
902344,716244,2025-07-30,Changed Mind,Approved,UPI,486.62
902345,713689,2024-07-04,Not as Expected,,Original Payment,1271.01
902346,701687,2025-12-21,Wrong Item,Completed,,6714.05
902347,701006,2025-06-24,Not as Expected,,Original Payment,2913.1
902348,711632,2025-11-07,Not as Expected,,,2292.68
902349,704913,2025-07-07,Duplicate Order,Approved,,2899.34
902350,707092,2024-09-15,Changed Mind,,,1298.95
902351,716581,2025-11-27,Wrong Item,Requested,UPI,0.0
902352,708057,2025-12-23,size issue,Rejected,original payment,3504.41
902353,719403,2025-02-10,Wrong Item,Approved,Bank Transfer,2863.16
902354,716749,2024-06-25,Size Issue,Completed,Original Payment,3831.14
902355,709744,2024-04-30,Size Issue,Requested,original payment,1679.34
902356,705207,2024-03-25,Wrong Item,Requested,Original Payment,1469.01
902357,703472,2024-07-11,Quality Issue,,Original Payment,346.51
902358,703091,2024-05-21,,Requested,,4453.8
902359,716084,2025-01-30,Size Issue,Requested,Bank Transfer,4683.54
902360,703717,2025-08-10,Changed Mind,approved,Store Credit,4444.08
902361,704716,2025-03-01,Late Delivery,,UPI,1935.02
902362,703028,2025-03-31,Size Issue,requested,UPI,644.17
902363,717364,2025-08-21,Duplicate Order,Approved,Store Credit,5646.07
902364,719348,2025-01-25,damaged,Requested,Original Payment,5323.74
902365,716825,2025-02-12,Late Delivery,approved,,3125.62
902366,716089,2025-08-29,Wrong Item,requested,Original Payment,2408.87
902367,703824,2024-11-06,Changed Mind,,Original Payment,585.56
902368,704108,2024-12-21,,requested,Original Payment,11366.77
902369,700108,2024-04-20,,Approved,Store Credit,3894.22
902370,706124,2025-11-03,Wrong Item,Approved,,2401.67
902371,717755,2025-10-05,Not as Expected,Rejected,Original Payment,761.75
902372,710665,2025-04-07,Not as Expected,approved,UPI,3248.03
902373,704937,2024-05-16,Duplicate Order,Completed,Store Credit,8549.73
902374,714644,2024-09-26,Size Issue,Rejected,,6874.34
902375,708599,2025-02-04,Not as Expected,Approved,Original Payment,3062.06
902376,710930,2025-09-26,Changed Mind,requested,Original Payment,2992.44
902377,710575,2025-08-08,Changed Mind,Completed,UPI,1143.98
902378,703580,2025-05-24,Not as Expected,,,1593.46
902379,703769,2025-08-01,Wrong Item,requested,Store Credit,787.75
902380,702523,2025-02-24,Size Issue,approved,,1945.35
902381,716546,2024-12-21,size issue,Requested,UPI,19096.43
902382,703817,2025-06-09,Quality Issue,approved,UPI,12475.84
902383,711788,2025-11-03,damaged,requested,original payment,0.0
902384,717384,2024-07-14,Not as Expected,Requested,original payment,3046.41
902385,706726,2025-04-30,Size Issue,Approved,Bank Transfer,2489.59
902386,702271,2024-04-09,damaged,Approved,Bank Transfer,2442.9
902387,713037,2024-08-23,size issue,approved,UPI,10665.88
902388,700439,2025-11-06,Size Issue,Completed,Original Payment,1216.93
902389,705712,2024-08-08,Size Issue,Completed,Bank Transfer,5457.45
902390,714683,2024-05-23,Late Delivery,Approved,,24767.33
902391,710895,2024-03-05,damaged,Completed,Bank Transfer,2038.36
902392,713847,2024-04-14,,Completed,Store Credit,9191.61
902393,715646,2024-06-08,Changed Mind,Approved,UPI,1351.87
902394,700817,2025-03-06,Not as Expected,Requested,,0.0
902395,700062,2024-12-26,Duplicate Order,Requested,Bank Transfer,5306.58
902396,707673,2025-04-19,Wrong Item,approved,original payment,5659.49
902397,710610,2024-10-04,Quality Issue,Approved,original payment,1984.12
902398,704260,2024-05-08,Late Delivery,Rejected,Bank Transfer,2896.44
902399,707045,2025-05-30,Damaged,approved,,23425.26
902400,718664,2024-12-14,damaged,,,1280.71
902401,701260,2024-03-08,Quality Issue,Requested,Original Payment,5832.13
902402,717222,2025-12-24,Size Issue,Approved,original payment,0.0
902403,706271,2024-11-02,Quality Issue,requested,Original Payment,16545.15
902404,709344,2025-09-24,Changed Mind,Rejected,Bank Transfer,2857.84
902405,701528,2025-08-03,Not as Expected,Completed,,1967.74
902406,711052,2025-04-23,damaged,Rejected,original payment,1403.95
902407,716706,2026-01-05,size issue,,UPI,6861.27
902408,709801,2024-11-30,Not as Expected,Rejected,,1605.14
902409,702462,2024-04-08,Late Delivery,Completed,Original Payment,1821.83
902410,705600,2024-07-25,Wrong Item,Rejected,original payment,2442.01
902411,713015,2024-08-03,Wrong Item,approved,Original Payment,3545.14
902412,710039,2024-02-07,Not as Expected,approved,Bank Transfer,5942.58
902413,705579,2024-03-20,Size Issue,approved,original payment,3096.77
902414,708783,2024-08-17,Duplicate Order,Requested,Original Payment,10253.42
902415,701897,2025-11-24,Changed Mind,Approved,UPI,4309.49
902416,702335,2026-01-03,Late Delivery,Completed,original payment,2396.82
902417,710462,2025-07-10,damaged,Requested,original payment,25036.9
902418,704554,2024-02-19,Not as Expected,requested,Bank Transfer,10484.46
902419,709602,2024-02-22,Not as Expected,,UPI,2923.65
902420,709897,2025-07-16,Wrong Item,Requested,UPI,2839.38
902421,707646,2025-12-22,Damaged,approved,UPI,2057.02
902422,717464,2025-08-09,size issue,,Original Payment,4827.89
902423,704646,2024-02-10,damaged,requested,original payment,11958.29
902424,712244,2025-12-14,Damaged,Requested,Original Payment,2068.98
902425,717470,2025-05-01,Damaged,Rejected,,3188.99
902426,709780,2024-02-11,Duplicate Order,,,16737.46
902427,716027,2025-04-18,Late Delivery,approved,Store Credit,12906.3
902428,706740,2025-10-06,Size Issue,Approved,Bank Transfer,1421.68
902429,708706,2024-07-31,damaged,Rejected,Bank Transfer,3413.11
902430,716814,2025-04-10,Wrong Item,Rejected,,169.59
902431,715885,2025-09-19,damaged,approved,Original Payment,4871.12
902432,712255,2024-11-24,damaged,Rejected,original payment,9871.07
902433,713529,2024-12-07,Quality Issue,requested,original payment,19489.98
902434,702153,2025-11-25,Wrong Item,Rejected,UPI,4463.44
902435,717605,2024-07-10,damaged,Approved,Store Credit,0.0
902436,703172,2024-11-01,size issue,requested,Store Credit,829.42
902437,701427,2026-01-19,Damaged,requested,Bank Transfer,19008.07
902438,704962,2025-02-27,Late Delivery,approved,,1090.22
902439,713314,2024-07-25,Size Issue,Requested,Original Payment,3846.16
902440,718607,2025-09-30,,approved,Store Credit,20816.48
902441,719957,2024-02-02,Changed Mind,approved,Original Payment,8165.17
902442,716117,2024-03-12,Wrong Item,,Bank Transfer,8119.37
902443,701777,2024-03-01,Quality Issue,Rejected,original payment,20745.73
902444,717903,2024-02-07,Size Issue,requested,,12161.43
902445,706202,2024-11-06,Size Issue,Requested,UPI,2578.73
902446,704701,2025-01-26,Quality Issue,approved,UPI,7793.01
902447,717608,2024-04-21,,Approved,Original Payment,13846.96
902448,710457,2025-03-07,size issue,Completed,original payment,516.4
902449,717573,2024-05-21,Damaged,Requested,UPI,356.67
902450,717086,2024-10-17,Duplicate Order,approved,Store Credit,660.23
902451,713434,2025-02-23,,Completed,UPI,1507.21
902452,713333,2025-07-03,Quality Issue,,,2176.08
902453,701607,2024-07-27,size issue,Requested,,6311.48
902454,707961,2025-02-25,size issue,,,1037.14
902455,719676,2024-07-13,Late Delivery,Approved,,6795.66
902456,711390,2024-09-03,size issue,Requested,original payment,5490.57
902457,704511,2024-09-29,Changed Mind,approved,UPI,1411.81
902458,718759,2024-12-15,size issue,,Bank Transfer,1065.89
902459,701384,2024-06-28,Changed Mind,,Original Payment,2803712.9
902460,715813,2025-02-24,Duplicate Order,,UPI,12484.26
902461,703794,2025-07-27,damaged,,,6349.35
902462,715170,2025-09-23,,approved,Bank Transfer,2718.87
902463,707199,2025-09-04,damaged,Completed,,15915.25
902464,707406,2025-09-30,Not as Expected,approved,original payment,1146.65
902465,718197,2024-06-26,damaged,Completed,,17206.25
902466,712557,2024-04-18,Duplicate Order,requested,Bank Transfer,6112.1
902467,716965,2025-08-24,Not as Expected,Approved,original payment,1693.39
902468,703963,2026-01-25,Quality Issue,Requested,,19049.04
902469,710178,2025-05-08,Not as Expected,,,24994.17
902470,700800,2025-03-22,size issue,Requested,original payment,7626.29
902471,706185,2025-09-07,,,UPI,1586.47
902472,710023,2025-03-20,Quality Issue,,Bank Transfer,4053.96
902473,709452,2025-05-31,damaged,,original payment,292.98
902474,709666,2025-01-03,Not as Expected,approved,Original Payment,7128.44
902475,718469,2025-12-10,Late Delivery,Requested,Bank Transfer,11930.24
902476,704336,2025-12-11,Duplicate Order,approved,Bank Transfer,222.34
902477,715360,2024-01-25,damaged,Requested,Store Credit,3999.25
902478,700665,2024-12-26,Not as Expected,requested,Original Payment,14304.2
902479,707801,2024-07-21,Duplicate Order,Completed,Original Payment,8532.52
902480,705039,2025-01-03,Changed Mind,Approved,,10254.37
902481,703610,2026-01-03,Wrong Item,,Store Credit,446.83
902482,711673,2024-05-16,size issue,Requested,Bank Transfer,4731.07
902483,718661,2024-01-16,Wrong Item,Rejected,Store Credit,2388.6
902484,716943,2024-02-24,Quality Issue,,original payment,2144.1
902485,711348,2024-03-22,Wrong Item,Completed,Bank Transfer,7622.77
902486,707604,2024-05-11,Quality Issue,Rejected,Store Credit,2754.66
902487,710319,2024-03-28,size issue,Requested,Original Payment,1977.56
902488,703800,2024-11-08,damaged,requested,Original Payment,1111.17
902489,701617,2024-11-08,Changed Mind,Rejected,UPI,5674.95
902490,700456,2025-10-22,,requested,original payment,2349.59
902491,711637,2024-05-27,Duplicate Order,,Store Credit,2040.07
902492,719251,2024-11-26,Changed Mind,requested,Store Credit,2496.06
902493,717429,2025-12-30,Changed Mind,Approved,Bank Transfer,1005.28
902494,705576,2025-08-21,Damaged,requested,original payment,3554.15
902495,714394,2024-05-08,Late Delivery,approved,original payment,3047.43
902496,709956,2025-09-26,Late Delivery,Rejected,,5968.6
902497,716614,2025-03-15,Quality Issue,Requested,Original Payment,1685.49
902498,702054,2024-08-04,Duplicate Order,Approved,Original Payment,5658.74
902499,701723,2025-04-08,Duplicate Order,Completed,UPI,5918.03
902500,710763,2025-12-15,Duplicate Order,requested,Original Payment,22288.21
902501,703877,2024-03-06,Changed Mind,approved,UPI,1366.41
902502,715905,2025-04-02,Duplicate Order,Rejected,original payment,3308.98
902503,718301,2026-01-07,Size Issue,approved,,718.88
902504,716277,2025-10-02,Late Delivery,Approved,Bank Transfer,30637.91
902505,713613,2025-04-01,Wrong Item,,Original Payment,5509.02
902506,702111,2024-10-05,Damaged,,Store Credit,1190.42
902507,709240,2025-12-27,Duplicate Order,Completed,,8382.78
902508,706266,2025-10-21,Changed Mind,requested,Bank Transfer,716.2
902509,703598,2025-11-27,Size Issue,Rejected,original payment,15178.56
902510,707675,2025-05-08,damaged,Approved,Original Payment,0.0
902511,704920,2025-07-04,size issue,,UPI,1624.2
902512,701773,2024-05-11,Wrong Item,Rejected,Bank Transfer,3452.13
902513,717242,2025-07-09,damaged,Approved,original payment,937.4
902514,708302,2025-04-23,Quality Issue,Completed,Original Payment,789.37
902515,714421,2024-12-18,Changed Mind,approved,Bank Transfer,3832.62
902516,704393,2024-05-28,Quality Issue,approved,UPI,9652.34
902517,717536,2024-05-02,Damaged,Completed,Store Credit,19601.54
902518,716050,2025-11-07,Wrong Item,Rejected,Store Credit,1865.96
902519,719156,2024-10-16,Duplicate Order,Requested,original payment,44381.57
902520,705717,2024-07-22,Damaged,Approved,Store Credit,8212.14
902521,709631,2024-07-20,Changed Mind,,,4337.92
902522,718077,2024-12-24,size issue,Rejected,Bank Transfer,5422.94
902523,701120,2025-10-24,Late Delivery,Rejected,Original Payment,8319.33
902524,719767,2024-05-20,Quality Issue,Approved,Store Credit,1574.16
902525,710922,2024-07-09,Quality Issue,Rejected,,2971.64
902526,718004,2024-05-16,Quality Issue,approved,,403.87
902527,717180,2025-05-09,,Completed,Original Payment,3582.96
902528,701361,2025-01-06,Late Delivery,Completed,original payment,7783.07
902529,715233,2024-12-01,,Completed,Store Credit,896.45
902530,705410,2024-09-30,Quality Issue,approved,Store Credit,3402.53
902531,716468,2024-12-19,size issue,Requested,original payment,0.0
902532,715648,2024-03-27,Size Issue,approved,Original Payment,3350.22
902533,706895,2025-04-23,Wrong Item,Completed,,1501.42
902534,707732,2024-05-07,Size Issue,approved,,1222.52
902535,714045,2025-11-24,damaged,,Original Payment,734.7
902536,702217,2025-04-14,,Requested,original payment,2168.51
902537,701328,2024-10-20,Late Delivery,Completed,Original Payment,8999.79
902538,702613,2025-09-25,Duplicate Order,Rejected,,5510.39
902539,719986,2025-02-26,,requested,original payment,3951.43
902540,710122,2024-11-02,Quality Issue,,Store Credit,17684.78
902541,708214,2025-03-22,,approved,Bank Transfer,781.88
902542,718613,2025-07-26,Size Issue,requested,original payment,2976.83
902543,717439,2024-12-28,Not as Expected,Approved,Store Credit,21652.16
902544,710774,2025-07-13,Size Issue,Completed,UPI,3326.28
902545,701940,2024-05-30,damaged,requested,Bank Transfer,2746.89
902546,710905,2025-02-24,Damaged,Approved,,12743.29
902547,719867,2025-02-26,Size Issue,Approved,Store Credit,909.14
902548,711008,2025-12-27,Not as Expected,requested,Bank Transfer,1097.62
902549,714382,2025-12-05,Size Issue,Requested,Original Payment,2555.01
902550,703221,2024-03-16,Wrong Item,Requested,Original Payment,3883.49
902551,710517,2025-10-03,Duplicate Order,approved,original payment,1872.38
902552,717499,2024-08-16,Quality Issue,requested,UPI,7475.37
902553,700213,2025-11-20,Quality Issue,approved,,1680.54
902554,714250,2025-06-23,Size Issue,Requested,,2791.9
902555,708059,2024-04-16,Duplicate Order,Requested,Original Payment,3246.52
902556,704743,2025-08-02,Quality Issue,,Original Payment,5531.56
902557,708710,2024-10-04,Changed Mind,,original payment,7397.14
902558,717970,2024-04-07,,requested,Original Payment,8533.72
902559,705361,2025-12-18,Wrong Item,,Bank Transfer,9496.21
902560,716451,2025-07-16,Not as Expected,,Bank Transfer,1082.78
902561,718129,2024-12-09,Late Delivery,Approved,Bank Transfer,0.0
902562,717239,2025-10-18,Not as Expected,,original payment,30922.61
902563,702837,2024-03-30,size issue,Approved,Store Credit,1760.06
902564,709701,2025-07-01,Not as Expected,Completed,Bank Transfer,3458.05
902565,718216,2024-08-06,Late Delivery,Completed,Original Payment,3433.81
902566,704495,2025-08-06,,approved,Store Credit,1455.89
902567,706937,2025-04-25,damaged,Requested,UPI,2028.64
902568,716168,2024-12-23,Damaged,Approved,original payment,4749.66
902569,717484,2025-12-02,Size Issue,,UPI,1981.86
902570,703454,2024-03-15,Damaged,requested,Store Credit,24649.97
902571,702728,2025-11-07,Wrong Item,Requested,,2119.85
902572,703064,2025-04-24,Not as Expected,Completed,Store Credit,793.01
902573,704572,2024-08-25,Wrong Item,requested,original payment,3937.99
902574,709069,2024-10-12,Changed Mind,,Original Payment,1860.63
902575,703707,2024-10-07,Not as Expected,,Original Payment,17323.67
902576,710605,2025-11-28,Late Delivery,requested,Bank Transfer,7388.35
902577,715061,2024-12-18,Not as Expected,,UPI,1844.47
902578,713469,2024-09-24,size issue,Completed,Bank Transfer,940.71
902579,711181,2024-01-22,Not as Expected,Completed,Store Credit,9772.9
902580,712641,2025-12-25,,Approved,Bank Transfer,8519.21
902581,704912,2024-10-23,Wrong Item,Completed,Store Credit,4895.2
902582,718762,2024-02-25,,Completed,Original Payment,3544.62
902583,707391,2025-09-10,damaged,,Original Payment,391.91
902584,706479,2025-06-28,Changed Mind,Requested,Bank Transfer,5449.99
902585,715419,2025-01-01,Wrong Item,Completed,Store Credit,7259.02
902586,703273,2025-10-28,Damaged,,,3409.45
902587,709466,2024-03-25,,Rejected,,31922.24
902588,703867,2025-03-11,Not as Expected,Completed,,1672.47
902589,718778,2024-05-03,Late Delivery,approved,Store Credit,11300.42
902590,718587,2024-11-11,Size Issue,requested,UPI,14184.19
902591,713576,2024-08-19,Changed Mind,requested,Store Credit,6191.53
902592,711184,2025-09-06,Quality Issue,Rejected,,1251.01
902593,712659,2025-04-23,Not as Expected,Rejected,Original Payment,2228.28
902594,701191,2025-05-14,Damaged,,Store Credit,8189.81
902595,713715,2025-08-01,Size Issue,Rejected,UPI,33457.22
902596,718121,2024-08-19,Quality Issue,,original payment,2010323.73
902597,718610,2025-06-17,Quality Issue,Completed,Store Credit,703.64
902598,705609,2025-05-28,Wrong Item,Approved,,-500.0
902599,712702,2024-12-19,Wrong Item,Requested,original payment,962.65
902600,702676,2025-05-08,Not as Expected,Completed,Original Payment,501.25
902601,717665,2024-12-30,Size Issue,,original payment,6106.86
902602,706158,2025-10-30,Late Delivery,,UPI,7910.62
902603,704340,2024-11-04,Not as Expected,Completed,Store Credit,2113.96
902604,717575,2025-02-09,,Rejected,Bank Transfer,10830.72
902605,703197,2025-03-20,Late Delivery,Requested,original payment,9548.54
902606,713610,2025-08-27,Late Delivery,Requested,,2795.29
902607,700272,2024-03-22,Changed Mind,Rejected,Original Payment,3296.33
902608,700831,2025-11-15,Changed Mind,requested,original payment,1737.75
902609,719565,2024-06-17,,Completed,Original Payment,982.14
902610,713326,2025-07-15,Wrong Item,Approved,Bank Transfer,0.0
902611,706034,2024-08-15,Size Issue,requested,UPI,2514.91
902612,702086,2024-05-23,Damaged,Rejected,Original Payment,2648.48
902613,710268,2025-05-20,Damaged,Rejected,original payment,2173.47
902614,704753,2024-11-11,,Completed,,5887.33
902615,709018,2024-10-15,size issue,Approved,UPI,1742.11
902616,710024,2025-10-05,,approved,,953.72
902617,713245,2026-01-21,damaged,Completed,Store Credit,790.19
902618,717350,2024-06-26,size issue,Approved,original payment,18122.79
902619,715995,2024-11-03,Size Issue,Rejected,original payment,9747.84
902620,717290,2025-06-14,Duplicate Order,Rejected,Original Payment,449.89
902621,719804,2024-04-03,Size Issue,Completed,Bank Transfer,18188.78
902622,714985,2024-12-18,Damaged,Approved,Store Credit,0.0
902623,713310,2024-02-27,Size Issue,requested,UPI,10807.14
902624,702303,2025-11-06,Changed Mind,Completed,Original Payment,10210.77
902625,710208,2024-08-22,Quality Issue,Rejected,Bank Transfer,5466.04
902626,710354,2025-09-02,Late Delivery,Requested,original payment,1147.96
902627,710544,2024-03-11,Wrong Item,Rejected,Store Credit,4866.76
902628,705704,2025-02-06,Duplicate Order,approved,Bank Transfer,1358.62
902629,716220,2025-12-06,Quality Issue,Requested,Original Payment,6693.34
902630,713673,2025-03-18,damaged,requested,Bank Transfer,13594.1
902631,704447,2025-10-03,Late Delivery,Rejected,original payment,5305.43
902632,701666,2025-04-14,,Approved,Bank Transfer,18776.11
902633,706457,2025-03-01,damaged,approved,Original Payment,7747.29
902634,708427,2025-12-01,Size Issue,requested,Bank Transfer,5224.05
902635,702321,2025-12-11,Quality Issue,Rejected,Original Payment,5970.78
902636,715331,2025-03-29,Changed Mind,Requested,Bank Transfer,2467.13
902637,716194,2025-06-25,Damaged,Rejected,original payment,876.24
902638,703047,2024-03-14,Damaged,Rejected,Bank Transfer,2461.6
902639,705443,2025-06-04,size issue,,Bank Transfer,2374.07
902640,712152,2024-11-13,Damaged,requested,original payment,2807.61
902641,715664,2024-07-21,Changed Mind,approved,Original Payment,3964.9
902642,702228,2025-09-26,Not as Expected,approved,Store Credit,2311.54
902643,708429,2025-04-15,Late Delivery,Approved,,472.91
902644,704486,2024-04-03,Not as Expected,Completed,Bank Transfer,1916.95
902645,707399,2024-05-23,Size Issue,Rejected,Bank Transfer,-500.0
902646,701114,2025-08-04,Duplicate Order,approved,Store Credit,6609.56
902647,719833,2024-12-11,size issue,approved,Store Credit,4099.78
902648,718013,2025-07-02,,Completed,UPI,18041.22
902649,702168,2024-11-02,Quality Issue,,Store Credit,1964.81
902650,703220,2024-05-12,Late Delivery,Rejected,,6480.07
902651,702606,2024-06-28,Changed Mind,approved,Original Payment,1642.64
902652,712420,2025-03-07,damaged,Requested,,2263.16
902653,706056,2024-11-09,Quality Issue,Completed,Original Payment,2115.9
902654,706341,2025-04-22,Damaged,Completed,original payment,3338.05
902655,718540,2024-11-20,Damaged,approved,UPI,3065.6
902656,700139,2024-07-16,,Completed,Store Credit,6557.4
902657,714716,2024-03-16,Late Delivery,,Bank Transfer,4307.34
902658,714456,2025-01-07,Wrong Item,Approved,Store Credit,6869.14
902659,704114,2024-04-27,Wrong Item,,Original Payment,7951.74
902660,711176,2025-08-15,size issue,requested,Store Credit,3516.84
902661,706639,2025-07-15,Quality Issue,approved,Bank Transfer,1417.1
902662,709664,2024-07-08,Duplicate Order,requested,Bank Transfer,10374.98
902663,714466,2024-12-18,Size Issue,requested,Store Credit,23523.51
902664,702854,2024-10-14,damaged,approved,original payment,5283.85
902665,700669,2024-05-10,Late Delivery,Requested,Bank Transfer,26355.94
902666,714759,2024-02-10,damaged,Requested,UPI,2278.14
902667,713881,2026-01-10,Late Delivery,Rejected,,2210.72
902668,714632,2025-07-21,Not as Expected,approved,,5362.61
902669,714970,2024-05-31,Late Delivery,,Original Payment,1166.01
902670,709757,2024-01-24,damaged,Completed,original payment,6431.97
902671,700898,2025-09-03,,approved,Bank Transfer,26668.64
902672,719715,2024-08-21,size issue,Requested,Original Payment,642.62
902673,719454,2024-09-16,,requested,original payment,1397.03
902674,705138,2025-02-22,,approved,,4153754.72
902675,705257,2024-02-20,Not as Expected,Rejected,,12141.92
902676,718374,2024-06-12,Size Issue,Approved,Original Payment,2544.18
902677,713437,2025-05-01,Quality Issue,requested,UPI,7105.24
902678,713085,2024-05-05,Wrong Item,approved,,6588.43
902679,702036,2025-05-31,Changed Mind,requested,,1476.15
902680,705385,2025-05-04,Not as Expected,requested,Original Payment,649.17
902681,709014,2024-04-18,Size Issue,Approved,,716.85
902682,716243,2024-09-02,Not as Expected,approved,original payment,4299.71
902683,715866,2024-05-25,,,,953.33
902684,718535,2025-06-01,Damaged,Rejected,Bank Transfer,1645.17
902685,719939,2025-05-05,Size Issue,Requested,UPI,6294.32
902686,707203,2025-10-11,Size Issue,approved,Bank Transfer,7362.09
902687,701378,2025-02-27,Size Issue,Rejected,Store Credit,7578.28
902688,702489,2025-07-12,Duplicate Order,Rejected,UPI,4626.39
902689,708831,2025-08-31,Changed Mind,Approved,original payment,1233.25
902690,701502,2025-01-26,Not as Expected,approved,Original Payment,29005.06
902691,708548,2024-06-26,size issue,Completed,Bank Transfer,2388.82
902692,716961,2025-11-19,Wrong Item,Requested,Store Credit,7113.57
902693,715887,2024-07-09,Quality Issue,Requested,Bank Transfer,2195.4
902694,712306,2025-08-22,size issue,requested,UPI,1069.33
902695,703581,2025-08-24,,requested,Original Payment,1395.59
902696,700527,2025-12-27,Changed Mind,,original payment,6263.55
902697,713242,2024-07-15,Damaged,Rejected,UPI,4543.34
902698,705210,2025-09-29,Quality Issue,Rejected,original payment,3679.02
902699,702250,2024-04-05,Damaged,Approved,,5059.27
902700,704860,2024-08-23,,,Store Credit,7001.89
902701,715974,2026-01-03,size issue,requested,Bank Transfer,5780.23
902702,700276,2025-12-31,Wrong Item,Requested,original payment,653.16
902703,716529,2025-12-06,Quality Issue,Completed,Original Payment,2328.92
902704,709060,2024-04-09,,Rejected,,3859.52
902705,714377,2025-06-08,Size Issue,approved,,3241.35
902706,710375,2024-09-23,Quality Issue,requested,Bank Transfer,3378.83
902707,707980,2025-01-13,Quality Issue,,UPI,1574.62
902708,705429,2024-12-28,damaged,Rejected,UPI,2698.06
902709,709917,2025-08-24,Duplicate Order,approved,original payment,2525.33
902710,701225,2025-06-09,Size Issue,approved,,0.0
902711,711229,2024-04-03,Not as Expected,Completed,,3801.31
902712,717278,2025-03-25,Quality Issue,,Bank Transfer,2407.9
902713,709997,2025-12-10,Damaged,Completed,Bank Transfer,1355.94
902714,703368,2025-06-04,damaged,Requested,Store Credit,2102.29
902715,707874,2024-01-23,Wrong Item,approved,original payment,1278.96
902716,716278,2025-06-14,Quality Issue,approved,,1501.32
902717,701755,2024-06-27,Damaged,Rejected,original payment,3527.19
902718,701119,2024-05-27,Changed Mind,Completed,UPI,23510.56
902719,703180,2024-09-14,Not as Expected,Rejected,Original Payment,10120.14
902720,718110,2024-06-09,Size Issue,,Original Payment,541.92
902721,716013,2024-07-29,Changed Mind,Requested,,2259.1
902722,703431,2024-05-13,Wrong Item,,Bank Transfer,990.55
902723,716405,2025-02-15,,requested,UPI,7043.72
902724,701356,2025-08-29,Late Delivery,Approved,Bank Transfer,4568.91
902725,704901,2025-07-23,Changed Mind,Approved,original payment,7494.99
902726,716765,2025-07-09,,,Original Payment,4231.95
902727,707769,2025-07-28,,Approved,Bank Transfer,11645.45
902728,717045,2025-04-29,,approved,,9596.81
902729,710092,2024-06-24,Size Issue,,Store Credit,956.98
902730,713740,2024-08-02,size issue,Approved,original payment,2857.48
902731,703635,2025-03-28,damaged,Approved,Store Credit,13094.78
902732,702661,2024-06-01,size issue,requested,Bank Transfer,9676.94
902733,703796,2025-12-09,Quality Issue,requested,Bank Transfer,3118.25
902734,706005,2024-04-17,Size Issue,Requested,,5588.29
902735,700932,2024-02-06,Changed Mind,Approved,original payment,4350.53
902736,716343,2025-02-07,size issue,approved,,2241.96
902737,714827,2025-09-26,Quality Issue,Approved,,5051.75
902738,700832,2024-12-16,,Rejected,Bank Transfer,5859.21
902739,706381,2024-10-28,Damaged,approved,original payment,3954.11
902740,704628,2025-04-21,Quality Issue,Rejected,Store Credit,1980.56
902741,716176,2025-09-23,Size Issue,approved,Store Credit,1194.05
902742,717931,2024-12-09,size issue,Completed,Store Credit,5831.56
902743,717073,2024-05-21,size issue,Completed,,40341.01
902744,714148,2025-03-18,Damaged,Approved,Bank Transfer,41611.06
902745,708757,2024-10-15,Damaged,,Bank Transfer,3086.04
902746,703940,2024-02-28,Late Delivery,Requested,original payment,730.62
902747,713406,2024-08-12,Quality Issue,Approved,Original Payment,3797.15
902748,700658,2024-05-16,Not as Expected,Completed,Bank Transfer,588.62
902749,713989,2025-07-04,Changed Mind,approved,original payment,9386.03
902750,710458,2024-01-23,damaged,Rejected,UPI,2394.18
902751,702769,2025-12-06,Duplicate Order,Approved,Original Payment,29089.44
902752,714547,2026-01-18,Quality Issue,approved,Original Payment,1225.43
902753,706080,2024-06-22,,,original payment,47521.74
902754,712138,2024-07-28,Damaged,,Bank Transfer,5985.37
902755,704398,2024-11-30,Size Issue,requested,,4092.08
902756,715034,2025-06-03,Duplicate Order,approved,original payment,3013.92
902757,716231,2025-04-27,size issue,Rejected,Store Credit,3267.32
902758,710954,2025-04-01,Damaged,Rejected,,6840.16
902759,702261,2024-02-01,Size Issue,,UPI,2311.95
902760,713416,2025-04-25,Not as Expected,requested,original payment,2621.19
902761,707128,2025-12-19,Quality Issue,approved,Original Payment,7464.43
902762,705050,2025-05-16,,Completed,UPI,10596.79
902763,709071,2024-03-24,size issue,Completed,,9820.62
902764,718556,2025-01-13,damaged,Approved,Original Payment,1120.87
902765,712556,2024-03-04,Wrong Item,Requested,Bank Transfer,14325.02
902766,709910,2024-04-24,Late Delivery,requested,Bank Transfer,13406.16
902767,704431,2025-03-23,damaged,,Bank Transfer,13765.57
902768,708624,2025-11-25,size issue,requested,Store Credit,4334.71
902769,700859,2026-01-02,Changed Mind,Rejected,Store Credit,3272.15
902770,704014,2024-04-11,Changed Mind,Approved,Original Payment,1939.28
902771,709100,2024-10-05,Wrong Item,Approved,original payment,3509.23
902772,715399,2025-10-08,Late Delivery,requested,Bank Transfer,2046.23
902773,702479,2025-10-23,damaged,Rejected,UPI,4636.36
902774,710042,2024-05-24,Quality Issue,,Bank Transfer,0.0
902775,714993,2025-05-10,size issue,approved,,2649.83
902776,718219,2025-04-16,size issue,,Bank Transfer,5082.1
902777,701140,2025-12-27,Duplicate Order,requested,Store Credit,5667.5
902778,709413,2025-02-26,Damaged,Completed,Original Payment,12070.78
902779,715090,2024-11-09,Damaged,Requested,,15760.86
902780,705140,2024-12-08,,approved,Bank Transfer,5419.85
902781,706486,2025-07-07,Damaged,Completed,Bank Transfer,18842.85
902782,709328,2025-10-21,Quality Issue,Completed,Store Credit,2417.31
902783,709313,2024-09-08,damaged,Approved,UPI,4097.79
902784,717738,2025-07-11,Not as Expected,Approved,original payment,5375.18
902785,713052,2024-04-20,Size Issue,Rejected,Bank Transfer,1341.92
902786,705126,2025-03-30,damaged,approved,Bank Transfer,5349.49
902787,715350,2025-06-08,Late Delivery,approved,UPI,2243.56
902788,719111,2025-10-09,Damaged,Rejected,Store Credit,4254.29
902789,704632,2024-02-01,Wrong Item,Requested,UPI,1344.08
902790,714392,2025-10-22,Damaged,approved,,313.09
902791,705375,2025-03-29,,requested,Bank Transfer,770.06
902792,710472,2024-12-12,Late Delivery,approved,original payment,4148.13
902793,706805,2026-01-07,Not as Expected,Approved,Store Credit,2649.16
902794,701110,2025-09-07,damaged,Rejected,UPI,9351.38
902795,713682,2025-04-04,Not as Expected,requested,Bank Transfer,3656.7
902796,701854,2025-02-22,Wrong Item,Approved,,5288.86
902797,702205,2025-12-19,Duplicate Order,Requested,Original Payment,3855.09
902798,715622,2024-08-06,size issue,Requested,UPI,8107.48
902799,702079,2024-09-08,Size Issue,approved,UPI,2238.9
902800,716518,2025-11-15,size issue,,Store Credit,10168.33
902801,711983,2024-10-17,Quality Issue,approved,Store Credit,3965.03
902802,707537,2025-01-02,size issue,Rejected,Original Payment,1435.03
902803,715324,2025-07-07,Damaged,Requested,original payment,1510.25
902804,711691,2025-04-07,,requested,original payment,883.18
902805,715718,2024-04-18,Duplicate Order,Requested,Bank Transfer,621.58
902806,710033,2024-07-09,Duplicate Order,,Store Credit,2662.34
902807,706453,2024-09-05,,Requested,Store Credit,9385.83
902808,719106,2025-02-14,,Requested,UPI,3687.79
902809,713649,2024-11-23,Size Issue,Completed,original payment,6362.78
902810,716796,2024-10-30,,,Store Credit,1388.17
902811,707943,2025-01-27,Quality Issue,approved,,4163.74
902812,713489,2025-11-06,size issue,Approved,original payment,117.07
902813,718791,2024-03-14,Size Issue,approved,Store Credit,184813.3
902814,703652,2025-12-13,Quality Issue,requested,original payment,2960.36
902815,700125,2024-11-25,size issue,Requested,original payment,2004.08
902816,717491,2024-12-01,Damaged,approved,UPI,706.54
902817,708812,2024-12-25,Late Delivery,Completed,Bank Transfer,1908.36
902818,712908,2024-11-09,Late Delivery,requested,Bank Transfer,1629.17
902819,717247,2025-05-03,Changed Mind,approved,Bank Transfer,1851.99
902820,701706,2025-01-16,Duplicate Order,Rejected,Original Payment,11618.62
902821,718022,2024-09-09,Damaged,Approved,original payment,4357.43
902822,701867,2025-11-16,Not as Expected,,Store Credit,9398.45
902823,708962,2025-06-27,Wrong Item,Rejected,Bank Transfer,0.0
902824,716624,2025-08-04,Late Delivery,requested,Store Credit,10455.71
902825,711399,2025-03-10,Duplicate Order,approved,Bank Transfer,1826.19
902826,711336,2024-06-20,Wrong Item,approved,UPI,2681.88
902827,701408,2025-08-17,Wrong Item,Requested,UPI,4133.4
902828,709999,2025-10-26,damaged,Approved,Bank Transfer,1015.51
902829,713811,2024-04-05,Damaged,approved,Bank Transfer,3675662.32
902830,710855,2025-02-19,Size Issue,requested,UPI,2191.01
902831,715498,2025-08-02,Size Issue,approved,UPI,960.54
902832,709831,2025-06-28,Size Issue,Requested,Original Payment,2863.73
902833,711282,2025-11-22,damaged,Completed,Original Payment,8712.2
902834,706517,2025-10-05,Size Issue,approved,Bank Transfer,2643.34
902835,716498,2024-02-08,Changed Mind,Approved,Bank Transfer,3503.76
902836,700742,2025-08-19,Not as Expected,Approved,,1705.64
902837,700818,2024-04-05,damaged,Requested,,6896.63
902838,706508,2025-01-09,Changed Mind,requested,UPI,904.48
902839,710820,2024-10-23,Damaged,Approved,,538.72
902840,716160,2025-03-22,Late Delivery,Rejected,,2854.49
902841,715957,2024-08-08,Late Delivery,Completed,Original Payment,853.78
902842,702440,2024-06-29,Not as Expected,Rejected,UPI,11625.05
902843,718025,2024-05-02,Duplicate Order,Requested,original payment,2722.56
902844,705439,2025-10-17,Not as Expected,approved,Original Payment,939.04
902845,710084,2024-03-26,Quality Issue,approved,UPI,23482.34
902846,702686,2024-05-04,Wrong Item,approved,UPI,1345.84
902847,705388,2024-03-31,Damaged,requested,Store Credit,3638.95
902848,714587,2025-11-03,Changed Mind,Requested,Store Credit,1666.18
902849,713570,2025-07-11,Damaged,Requested,Bank Transfer,2464.88
902850,716792,2025-07-12,Damaged,Approved,original payment,1097.41
902851,710525,2025-11-16,Size Issue,approved,Bank Transfer,1216.08
902852,707063,2025-08-19,Not as Expected,Rejected,,3273.31
902853,718596,2024-12-16,Wrong Item,Approved,Original Payment,9327.85
902854,719000,2025-09-30,damaged,Rejected,UPI,10541.83
902855,709185,2024-11-17,Duplicate Order,requested,,836.43
902856,709387,2025-04-24,Wrong Item,requested,Original Payment,14593.71
902857,703381,2025-04-07,Changed Mind,requested,original payment,9353.89
902858,701896,2025-12-30,,Rejected,Store Credit,834.81
902859,713896,2024-09-18,Changed Mind,requested,original payment,7647.07
902860,713183,2024-03-27,,approved,,1692786.83
902861,706548,2024-10-15,size issue,Rejected,,0.0
902862,714848,2025-03-25,size issue,requested,original payment,3638.91
902863,717268,2025-01-01,Late Delivery,requested,Original Payment,0.0
902864,711754,2025-12-19,size issue,,original payment,7652.79
902865,709686,2025-09-01,Changed Mind,approved,Original Payment,7358.06
902866,712232,2024-03-22,Not as Expected,Approved,,28904.8
902867,705183,2025-09-28,Quality Issue,Rejected,original payment,2337.53
902868,712343,2024-08-14,Not as Expected,approved,original payment,329.83
902869,719424,2024-02-06,size issue,Approved,Store Credit,34326.54
902870,717720,2024-12-17,Quality Issue,Approved,Bank Transfer,3192.42
902871,704556,2025-10-28,Duplicate Order,Approved,Store Credit,747.08
902872,717708,2025-06-08,Wrong Item,,,1513.11
902873,719534,2025-04-12,Quality Issue,Completed,,1861.51
902874,712428,2025-10-17,damaged,Approved,Store Credit,0.0
902875,718577,2025-03-11,Size Issue,Rejected,Store Credit,2141.8
902876,707478,2025-11-06,Not as Expected,Completed,,18206.18
902877,710865,2025-03-09,size issue,Rejected,Original Payment,0.0
902878,708603,2024-05-23,,Approved,Original Payment,17148.12
902879,717961,2024-09-15,Not as Expected,Completed,Bank Transfer,3904.74
902880,710598,2025-03-14,Size Issue,Completed,,7965.08
902881,718255,2025-01-04,Duplicate Order,,UPI,11036.17
902882,719141,2025-05-24,Not as Expected,Completed,,1142.91
902883,701615,2024-02-18,Duplicate Order,Rejected,UPI,4848.37
902884,718530,2025-07-09,damaged,Approved,Store Credit,884.8
902885,716479,2024-06-01,Wrong Item,Approved,UPI,680.0
902886,701831,2025-08-31,Not as Expected,,Store Credit,6305.95
902887,710339,2025-07-07,Damaged,Rejected,original payment,7068.2
902888,701953,2025-01-16,Late Delivery,Approved,Original Payment,2663.9
902889,714605,2024-07-23,damaged,,Original Payment,11284.62
902890,704323,2025-10-02,size issue,Completed,Bank Transfer,3242.19
902891,717765,2025-05-05,Quality Issue,Completed,,0.0
902892,717567,2025-05-18,damaged,approved,Original Payment,6785.09
902893,700827,2025-04-07,Duplicate Order,Rejected,,2706.26
902894,711028,2025-08-30,Late Delivery,requested,UPI,6664.62
902895,719582,2024-09-20,Late Delivery,requested,Original Payment,10589.53
902896,704866,2024-10-30,Not as Expected,Requested,,1619.89
902897,712474,2025-10-25,Late Delivery,Approved,original payment,839.68
902898,711939,2024-11-07,Damaged,Requested,UPI,2327.7
902899,712146,2024-02-14,Duplicate Order,Rejected,Original Payment,1092.9
902900,717762,2024-10-10,Not as Expected,Approved,Bank Transfer,6111.44
902901,700280,2024-02-28,Wrong Item,Requested,UPI,2055.82
902902,716944,2024-04-28,Duplicate Order,Rejected,original payment,2933.15
902903,702310,2025-10-05,Duplicate Order,Approved,,2764.2
902904,702576,2024-11-18,Damaged,Rejected,original payment,2022.21
902905,716462,2024-10-30,,,Store Credit,3205.71
902906,714426,2025-04-23,,Requested,UPI,1362.2
902907,710545,2024-12-04,Size Issue,Requested,Store Credit,1271.41
902908,710668,2025-03-21,Size Issue,Completed,Original Payment,1765.7
902909,709475,2025-12-15,Damaged,Completed,UPI,7322.36
902910,717810,2025-04-05,size issue,requested,Store Credit,1224.46
902911,706500,2025-07-10,Changed Mind,Rejected,original payment,15209.29
902912,702094,2026-01-19,size issue,approved,UPI,2774.04
902913,714428,2025-05-18,Changed Mind,Approved,,2431.69
902914,719383,2025-07-11,Size Issue,approved,original payment,5660.63
902915,704246,2025-06-03,Late Delivery,approved,original payment,16930.69
902916,702888,2024-07-20,Size Issue,Approved,Original Payment,908.5
902917,710684,2024-04-09,Late Delivery,approved,,2933.57
902918,712592,2024-12-27,Changed Mind,requested,UPI,42576.62
902919,704775,2024-02-22,Damaged,requested,original payment,1796.09
902920,704369,2025-05-21,Quality Issue,approved,Original Payment,1147.77
902921,702025,2024-12-03,Duplicate Order,approved,original payment,744.56
902922,710328,2024-08-23,Late Delivery,Requested,Bank Transfer,1311.14
902923,703231,2024-10-05,Not as Expected,approved,Bank Transfer,845.76
902924,703985,2024-03-19,damaged,Completed,UPI,4054.16
902925,719708,2024-08-14,Late Delivery,requested,Store Credit,4012.21
902926,714836,2025-11-02,Size Issue,Completed,,0.0
902927,704298,2024-09-11,Not as Expected,Approved,Store Credit,953.18
902928,706194,2024-09-07,Wrong Item,Rejected,Original Payment,1868.83
902929,701057,2025-10-30,Size Issue,Rejected,Store Credit,1019.55
902930,719744,2024-06-21,damaged,approved,Bank Transfer,5552.82
902931,703673,2024-05-01,Late Delivery,Requested,Original Payment,2638.31
902932,701834,2025-02-06,damaged,Requested,,2606.27
902933,704147,2025-10-26,Wrong Item,approved,,2501.92
902934,707010,2025-02-14,Duplicate Order,Approved,UPI,5078.26
902935,713435,2025-09-18,Late Delivery,approved,Original Payment,8074.29
902936,715598,2024-10-09,Wrong Item,,,3155.97
902937,702961,2025-03-21,size issue,Rejected,original payment,2227.17
902938,719792,2024-12-23,Changed Mind,Rejected,Original Payment,2070.0
902939,700477,2024-11-25,Size Issue,,Original Payment,1632.08
902940,709502,2025-11-23,Size Issue,approved,UPI,850.64
902941,705232,2025-10-14,damaged,,Store Credit,1177.74
902942,711414,2025-12-19,Wrong Item,Requested,Bank Transfer,13041.32
902943,707004,2024-09-18,Wrong Item,Approved,UPI,3927.26
902944,704600,2025-01-26,Damaged,,,6664.15
902945,719923,2025-08-20,size issue,,Bank Transfer,2773.56
902946,713397,2025-12-02,Late Delivery,Rejected,Store Credit,6709.95
902947,718908,2025-06-27,size issue,Requested,Bank Transfer,4105.5
902948,704884,2025-02-09,Size Issue,,Store Credit,1531.58
902949,707137,2024-11-21,size issue,Approved,UPI,4275.53
902950,710064,2025-03-30,Late Delivery,Rejected,Store Credit,2726.13
902951,708411,2026-01-03,Damaged,requested,Bank Transfer,252.03
902952,713347,2025-12-26,damaged,Approved,,8823.02
902953,716124,2025-08-07,size issue,approved,Bank Transfer,17763.31
902954,711682,2025-07-11,,approved,Bank Transfer,662.21
902955,716632,2025-10-30,Duplicate Order,requested,,5219.46
902956,706996,2025-08-23,size issue,Completed,,11279.36
902957,707266,2024-04-01,Changed Mind,Requested,Store Credit,6739.25
902958,703615,2024-04-13,Damaged,approved,original payment,915.61
902959,710695,2025-03-21,Quality Issue,approved,Original Payment,4305.14
902960,700312,2025-01-05,Not as Expected,Requested,Original Payment,3535.48
902961,714083,2025-10-18,,Rejected,Store Credit,1113.98
902962,714842,2025-03-23,,Completed,UPI,11341.63
902963,703535,2025-11-01,Quality Issue,approved,UPI,3607.35
902964,702756,2025-01-06,Size Issue,Completed,,3840.03
902965,715431,2024-09-30,Duplicate Order,,original payment,3095.03
902966,703115,2024-03-11,,approved,Bank Transfer,754.98
902967,701692,2025-07-17,Wrong Item,,Store Credit,3566.54
902968,716257,2025-10-17,Changed Mind,approved,original payment,3663.66
902969,715723,2025-10-25,Duplicate Order,Rejected,Bank Transfer,1999.77
902970,704620,2025-09-07,Late Delivery,Rejected,original payment,2297.75
902971,714121,2024-03-22,size issue,Rejected,Original Payment,973.15
902972,718706,2025-03-03,Duplicate Order,approved,Store Credit,7287.31
902973,703182,2025-11-15,,Completed,original payment,9132.16
902974,715139,2024-04-15,Late Delivery,approved,UPI,14156.15
902975,713986,2024-03-08,Quality Issue,,UPI,3256.65
902976,701693,2025-03-21,Wrong Item,Completed,UPI,3187.11
902977,716952,2025-12-13,Duplicate Order,Rejected,original payment,5871.93
902978,707660,2025-07-27,,approved,Original Payment,11224.14
902979,712989,2025-05-15,damaged,Rejected,UPI,4780.32
902980,703538,2025-07-18,Not as Expected,Rejected,original payment,5164.96
902981,706834,2025-05-16,,Rejected,Store Credit,6133.49
902982,703281,2024-05-06,,approved,Original Payment,0.0
902983,711794,2025-01-07,Changed Mind,Approved,UPI,3523.13
902984,715761,2024-10-15,damaged,,,2762526.74
902985,715640,2025-10-04,Changed Mind,Rejected,UPI,2246.11
902986,703912,2024-08-08,Duplicate Order,approved,UPI,655.48
902987,703043,2025-05-27,Changed Mind,Completed,,1497.86
902988,717835,2025-02-13,Quality Issue,Approved,,2786.02
902989,700003,2024-08-31,,Rejected,UPI,16953.09
902990,706140,2024-02-09,Changed Mind,Rejected,original payment,2928.49
902991,701572,2025-10-10,damaged,Approved,,11259.21
902992,719698,2024-10-14,,Completed,Store Credit,6818.64
902993,704198,2024-08-18,Quality Issue,Completed,,3170.57
902994,719828,2025-09-29,Size Issue,Requested,Bank Transfer,2706.01
902995,704312,2025-02-09,Late Delivery,Approved,original payment,3318.33
902996,707605,2025-05-18,Damaged,Completed,Store Credit,424.22
902997,700154,2025-04-28,Changed Mind,Rejected,,2084.07
902998,716823,2024-04-16,,requested,UPI,5357.3
902999,701126,2024-07-14,Changed Mind,,Store Credit,0.0
903000,715155,2024-04-30,Size Issue,Rejected,,9342.42
903001,718743,2024-09-27,size issue,approved,Store Credit,916.72
903002,705534,2025-10-26,Quality Issue,Approved,Store Credit,309.7
903003,718620,2025-05-19,damaged,Requested,Bank Transfer,1947.8
903004,700620,2024-10-25,Quality Issue,Approved,Store Credit,1520.47
903005,704004,2025-05-06,Changed Mind,Completed,Bank Transfer,1600.11
903006,714353,2025-02-17,Changed Mind,Requested,original payment,5512.94
903007,708666,2025-01-25,Late Delivery,approved,UPI,5739.84
903008,717663,2025-06-10,damaged,Requested,Store Credit,12839.45
903009,717564,2024-09-01,Wrong Item,Requested,Store Credit,0.0
903010,706409,2026-01-10,Changed Mind,Completed,Bank Transfer,7254.92
903011,701201,2025-05-29,Late Delivery,,original payment,930.24
903012,711300,2025-07-17,Duplicate Order,,UPI,4133.65
903013,704831,2024-08-15,Late Delivery,Completed,Store Credit,8702.8
903014,709787,2025-07-15,Late Delivery,,,872.53
903015,713918,2024-05-26,damaged,requested,,25689.07
903016,718658,2024-01-23,Size Issue,,Bank Transfer,1723.77
903017,708098,2025-10-30,Not as Expected,Approved,UPI,13994.21
903018,710872,2025-06-02,Size Issue,approved,Original Payment,1680.91
903019,715370,2024-11-01,size issue,requested,,7302.88
903020,718615,2025-11-14,Wrong Item,Requested,,827.44
903021,703685,2025-06-05,Changed Mind,approved,original payment,6800.85
903022,718676,2025-09-08,Late Delivery,Approved,,6587.24
903023,717535,2025-12-25,Quality Issue,approved,Original Payment,510.93
903024,713708,2025-10-29,Not as Expected,,Bank Transfer,857.96
903025,710398,2025-12-11,Changed Mind,Completed,Store Credit,6168.92
903026,701619,2025-03-18,Duplicate Order,Rejected,Store Credit,2609.56
903027,710061,2025-10-03,Late Delivery,approved,UPI,11380.11
903028,701193,2024-09-26,,Rejected,Bank Transfer,6007.01
903029,718641,2025-01-30,Changed Mind,Rejected,Original Payment,279.66
903030,717213,2025-05-01,,,Original Payment,7642.29
903031,706183,2026-01-03,damaged,Approved,Original Payment,809.16
903032,702925,2024-06-19,,Approved,,10020.02
903033,719663,2025-03-21,Size Issue,,Store Credit,3261.83
903034,710247,2024-05-15,Quality Issue,Approved,Original Payment,3256.74
903035,703451,2025-11-09,,Requested,UPI,6442.74
903036,715515,2024-11-22,Duplicate Order,Rejected,Store Credit,4124.24
903037,718490,2025-04-03,,approved,Bank Transfer,18586.43
903038,709210,2025-05-21,Late Delivery,requested,Original Payment,5387.64
903039,707401,2024-11-12,Wrong Item,Rejected,Store Credit,3069.63
903040,717820,2024-08-18,Late Delivery,requested,Original Payment,4644.42
903041,713726,2025-01-25,Damaged,Requested,,3003.37
903042,710632,2024-12-16,Changed Mind,Completed,,1229.18
903043,705203,2024-03-25,Duplicate Order,approved,,2701.73
903044,712083,2024-04-17,Wrong Item,Approved,original payment,3377.3
903045,715763,2024-07-05,size issue,requested,Store Credit,1965.02
903046,700326,2025-08-02,Wrong Item,Requested,UPI,2306.35
903047,708752,2025-02-16,Not as Expected,Requested,Original Payment,1271.11
903048,700538,2025-12-12,,requested,Original Payment,10381.68
903049,700718,2024-04-20,size issue,,Store Credit,1962.79
903050,710521,2026-01-09,size issue,approved,Store Credit,4714.96
903051,708021,2025-01-06,Quality Issue,,,8818.68
903052,719845,2025-11-16,Wrong Item,Completed,Original Payment,1304.78
903053,706170,2024-02-12,Duplicate Order,approved,UPI,3875.78
903054,719896,2025-09-18,,Requested,UPI,3746.05
903055,707760,2024-12-05,Changed Mind,Rejected,Store Credit,927.21
903056,718628,2025-08-23,Changed Mind,requested,Bank Transfer,8537.07
903057,712598,2025-08-03,Late Delivery,Requested,UPI,0.0
903058,701752,2024-05-08,Size Issue,,UPI,475.37
903059,707449,2024-07-07,Size Issue,Rejected,,1969.98
903060,710976,2024-03-24,Not as Expected,approved,UPI,2315.21
903061,715667,2025-05-21,Damaged,,,3801.85
903062,705943,2025-06-01,Size Issue,approved,Original Payment,2928.41
903063,703847,2025-05-19,,Completed,,4738.76
903064,705365,2025-03-07,Changed Mind,Approved,Original Payment,8575.22
903065,707194,2025-06-23,Size Issue,requested,Store Credit,861.51
903066,716613,2024-02-12,Damaged,Rejected,UPI,3999.45
903067,705470,2025-01-16,,Completed,Original Payment,2792.47
903068,704296,2025-03-11,Late Delivery,approved,UPI,4722.15
903069,702315,2024-09-17,Late Delivery,Approved,UPI,9139.65
903070,719178,2025-12-07,size issue,requested,original payment,321.07
903071,707681,2024-05-01,Quality Issue,Rejected,,7028.19
903072,715632,2024-06-28,size issue,approved,UPI,7225.48
903073,706099,2025-12-04,Quality Issue,Rejected,UPI,1075.9
903074,711599,2024-05-02,size issue,requested,original payment,349.8
903075,704313,2025-01-30,damaged,Rejected,original payment,8432.15
903076,706297,2025-05-14,Quality Issue,requested,Bank Transfer,2185.09
903077,714092,2025-12-30,size issue,Requested,original payment,4735.6
903078,717067,2025-07-22,Not as Expected,Requested,Bank Transfer,839.01
903079,704269,2025-05-21,size issue,Requested,,7879.46
903080,715311,2024-11-06,Size Issue,Completed,UPI,999999.0
903081,716830,2024-12-26,Wrong Item,approved,,1261.81
903082,709478,2024-10-24,,,,1124.07
903083,712490,2024-11-04,Size Issue,approved,Store Credit,1944.79
903084,706238,2025-11-18,damaged,Completed,,3377.77
903085,702254,2025-12-17,,Completed,original payment,2875.12
903086,706070,2025-12-10,,requested,Bank Transfer,882.97
903087,707225,2024-09-06,,Requested,Original Payment,1787.9
903088,704732,2025-05-13,Wrong Item,requested,Bank Transfer,2279.09
903089,716762,2024-03-27,Late Delivery,,UPI,1807.44
903090,707150,2025-09-29,Size Issue,Rejected,,972.39
903091,712154,2024-08-28,size issue,,UPI,3322.11
903092,704979,2024-03-09,Wrong Item,,UPI,5275.67
903093,708238,2025-02-04,size issue,approved,original payment,3121.32
903094,708138,2024-07-22,Changed Mind,Requested,Bank Transfer,12585.92
903095,714165,2025-02-25,Changed Mind,Completed,Original Payment,28363.03
903096,701661,2025-01-12,Late Delivery,Approved,,16214.01
903097,705459,2025-11-10,size issue,Approved,original payment,491.39
903098,707952,2024-12-01,damaged,Approved,,7095.01
903099,718046,2024-09-15,Wrong Item,Completed,,3836.26
903100,707452,2025-01-21,size issue,Rejected,Bank Transfer,4045.26
903101,715843,2024-08-18,Duplicate Order,Approved,Store Credit,24407.26
903102,714075,2025-08-19,Duplicate Order,requested,Bank Transfer,6268.62
903103,707083,2025-03-08,,Completed,Original Payment,1283.1
903104,703271,2024-10-08,damaged,approved,,2538.0
903105,701252,2025-11-01,Wrong Item,Rejected,Store Credit,282.9
903106,703740,2025-04-05,Late Delivery,requested,,5769.38
903107,713082,2024-12-21,,Rejected,,8766.52
903108,719046,2024-01-13,,,Store Credit,7836.81
903109,708252,2024-02-07,Late Delivery,Approved,,86.36
903110,713960,2024-10-26,Damaged,approved,UPI,3121.98
903111,700264,2024-01-29,Changed Mind,Rejected,UPI,1229.76
903112,707712,2025-12-12,size issue,Approved,Bank Transfer,30443.69
903113,702941,2024-10-07,Size Issue,Rejected,Bank Transfer,7078.12
903114,714425,2024-02-06,,,UPI,3730.72
903115,717539,2025-12-03,Quality Issue,requested,UPI,1378.24
903116,704088,2025-04-06,Duplicate Order,requested,,3262.81
903117,718165,2024-01-12,Not as Expected,Rejected,original payment,759.52
903118,709976,2025-08-29,size issue,Requested,Original Payment,6331.01
903119,717672,2024-02-25,damaged,Requested,,19074.99
903120,702636,2024-03-04,damaged,Completed,Store Credit,596.8
903121,706543,2024-02-06,Size Issue,,original payment,10168.6
903122,719510,2025-05-11,Size Issue,Approved,Original Payment,1950.07
903123,704389,2026-01-17,Damaged,,Bank Transfer,7796.48
903124,715749,2024-09-12,size issue,Approved,Original Payment,16793.1
903125,700384,2025-03-27,size issue,Requested,Store Credit,1298.39
903126,717935,2024-08-03,,Requested,Store Credit,2576.4
903127,713936,2025-01-05,Late Delivery,,original payment,3798.58
903128,712387,2024-01-31,,requested,Original Payment,749.2
903129,714613,2026-01-05,Not as Expected,Requested,Bank Transfer,931.17
903130,703433,2025-11-20,size issue,approved,original payment,12474.82
903131,709588,2025-04-30,size issue,,Bank Transfer,1209.08
903132,703363,2024-10-22,Wrong Item,approved,original payment,4557.53
903133,707747,2024-05-05,Late Delivery,Requested,Store Credit,3235.91
903134,718191,2025-03-17,Wrong Item,Completed,original payment,973.85
903135,715471,2024-02-05,Changed Mind,,Bank Transfer,4417.0
903136,701575,2024-07-05,Wrong Item,Approved,original payment,15699.06
903137,716162,2025-05-28,,Completed,UPI,5609.48
903138,700437,2024-07-16,Size Issue,,,1620.29
903139,715010,2025-01-29,Quality Issue,Rejected,original payment,12313.33
903140,707745,2024-02-15,Quality Issue,Approved,original payment,-500.0
903141,717116,2024-02-08,damaged,Rejected,,6377.65
903142,707067,2024-06-13,Wrong Item,Completed,original payment,10618.02
903143,711610,2024-04-10,Late Delivery,Requested,Store Credit,22766.74
903144,716866,2025-02-26,size issue,Approved,Store Credit,1431.93
903145,711218,2024-10-20,Size Issue,requested,Original Payment,0.0
903146,707278,2024-11-26,damaged,Requested,Store Credit,1258.99
903147,705782,2025-11-24,Changed Mind,Approved,Store Credit,1187.45
903148,719123,2025-05-16,Duplicate Order,Completed,Bank Transfer,664.5
903149,708446,2025-02-03,Late Delivery,Rejected,UPI,3688.3
903150,715389,2025-02-25,Not as Expected,Rejected,Store Credit,352.11
903151,716324,2025-11-02,Quality Issue,Approved,Original Payment,4308.44
903152,716432,2025-02-21,Damaged,Requested,UPI,8179.37
903153,700407,2024-07-05,Not as Expected,Approved,UPI,768.66
903154,711689,2024-10-27,Size Issue,Approved,Bank Transfer,9953.93
903155,710256,2024-03-07,size issue,Rejected,UPI,2989145.28
903156,712558,2024-05-25,Duplicate Order,Rejected,Bank Transfer,5819.81
903157,706412,2024-04-11,Not as Expected,approved,Original Payment,4488.58
903158,711073,2025-06-07,Wrong Item,requested,,3193.61
903159,709541,2024-01-22,damaged,Requested,Store Credit,1484.13
903160,702841,2025-12-24,damaged,Requested,,5360.94
903161,700390,2025-06-03,Changed Mind,Rejected,Store Credit,1190.6
903162,713166,2024-01-16,Late Delivery,requested,Original Payment,1594.57
903163,707953,2024-12-01,Late Delivery,requested,UPI,15144.25
903164,713217,2025-05-08,Duplicate Order,Rejected,Bank Transfer,1170.49
903165,709301,2025-03-05,size issue,Requested,UPI,1523.77
903166,716617,2026-01-11,,,,820.72
903167,706552,2025-01-19,damaged,,Original Payment,-500.0
903168,710401,2025-08-14,Wrong Item,,Bank Transfer,5054.39
903169,718946,2024-02-13,,Requested,,0.0
903170,716152,2024-12-04,,Approved,Store Credit,633.62
903171,709300,2024-04-28,Wrong Item,approved,Original Payment,9123.18
903172,710228,2024-11-07,Damaged,Approved,,13428.18
903173,705686,2025-01-30,Late Delivery,Completed,Store Credit,6801.94
903174,710767,2024-01-22,Damaged,Approved,Bank Transfer,3544.76
903175,711930,2025-06-03,Damaged,Requested,UPI,2394529.26
903176,713579,2025-07-15,Duplicate Order,,Bank Transfer,1478.84
903177,707068,2024-04-30,size issue,,Original Payment,21490.5
903178,701014,2025-01-17,Wrong Item,requested,UPI,369.27
903179,703443,2024-08-17,Late Delivery,Completed,,3401.67
903180,717888,2024-04-20,Quality Issue,Requested,UPI,1432.58
903181,706118,2024-06-20,Duplicate Order,Approved,,2868.16
903182,706116,2025-05-09,Size Issue,Requested,original payment,7125.16
903183,706323,2025-07-25,Duplicate Order,Requested,Store Credit,286.37
903184,715919,2025-06-20,Duplicate Order,Approved,,0.0
903185,710647,2024-12-28,Quality Issue,Approved,Bank Transfer,3624.9
903186,716698,2024-12-06,Size Issue,Requested,Store Credit,3579.12
903187,709261,2025-02-21,damaged,,Original Payment,2974.41
903188,702262,2024-05-27,size issue,Approved,Store Credit,595.56
903189,718204,2024-04-29,Wrong Item,Approved,Store Credit,742.04
903190,703400,2025-07-02,size issue,Approved,original payment,3930.07
903191,706209,2025-08-18,Damaged,Approved,UPI,2662.81
903192,710987,2025-09-15,Not as Expected,,Original Payment,2252.02
903193,704841,2025-05-05,Wrong Item,requested,UPI,11171.96
903194,713623,2024-07-06,Duplicate Order,Completed,UPI,305.74
903195,712785,2024-11-02,Changed Mind,Approved,original payment,4264.37
903196,712339,2024-02-27,Wrong Item,approved,Store Credit,1344.87
903197,718435,2025-05-03,Size Issue,Rejected,,331.58
903198,715364,2024-05-27,,requested,Bank Transfer,3945.25
903199,701780,2024-11-30,Size Issue,requested,original payment,5268.53
903200,701241,2025-08-31,Late Delivery,,Store Credit,8548.11
903201,713639,2024-08-04,,,Bank Transfer,1482.85
903202,709694,2024-06-26,damaged,Completed,,2866.23
903203,710303,2025-03-23,Duplicate Order,requested,Store Credit,579.1
903204,711675,2024-07-05,Duplicate Order,Completed,UPI,4364.39
903205,713843,2025-11-29,,Approved,Bank Transfer,1227.95
903206,705627,2024-10-07,Size Issue,requested,Bank Transfer,4428.33
903207,715730,2025-12-16,damaged,requested,UPI,22711.24
903208,701239,2024-12-11,Quality Issue,approved,original payment,1120.01
903209,704794,2024-05-07,Damaged,Requested,Bank Transfer,9406.44
903210,710553,2025-07-11,Damaged,Requested,Original Payment,11655.01
903211,717759,2025-10-06,Late Delivery,Approved,Store Credit,2250.43
903212,708737,2025-12-07,,requested,,1777.02
903213,717572,2024-10-29,Duplicate Order,Rejected,Store Credit,1851.54
903214,708738,2025-12-22,Not as Expected,requested,original payment,3924.61
903215,716204,2024-02-11,Wrong Item,Rejected,original payment,862.68
903216,700314,2025-11-10,Damaged,Rejected,Bank Transfer,1067.7
903217,716573,2024-08-17,Quality Issue,,Store Credit,6763.37
903218,702409,2024-05-25,Damaged,Rejected,UPI,6101.9
903219,706317,2024-09-13,Wrong Item,Requested,Bank Transfer,3957.51
903220,703048,2024-10-25,Duplicate Order,Rejected,original payment,17604.04
903221,700909,2025-04-29,Quality Issue,Approved,Bank Transfer,5372.29
903222,703294,2024-01-26,,requested,,4928.57
903223,703009,2024-08-20,Size Issue,Requested,UPI,4828.6
903224,704627,2025-04-09,size issue,requested,Bank Transfer,1093.61
903225,714516,2025-09-21,,approved,UPI,3545.64
903226,716921,2024-08-01,Not as Expected,Completed,Bank Transfer,1834.54
903227,711301,2024-01-31,Late Delivery,Requested,Original Payment,1798.1
903228,707355,2025-05-14,Late Delivery,approved,original payment,19186.32
903229,708841,2024-03-14,Wrong Item,Approved,Original Payment,4765.89
903230,714417,2024-03-24,Changed Mind,Completed,,3680.17
903231,710692,2024-06-22,Changed Mind,Requested,Original Payment,4989.09
903232,705094,2025-09-06,Not as Expected,requested,UPI,1216.52
903233,703731,2025-06-20,Duplicate Order,,UPI,1952.72
903234,718646,2024-04-21,Not as Expected,Approved,Store Credit,24516.54
903235,705903,2024-02-08,Late Delivery,requested,UPI,17850.61
903236,705085,2026-01-07,Size Issue,Requested,,12929.3
903237,702836,2025-04-17,Size Issue,,Bank Transfer,2521.88
903238,713698,2024-02-21,Wrong Item,Rejected,original payment,965.44
903239,712286,2025-04-22,Late Delivery,Approved,Store Credit,1260.81
903240,717022,2025-04-07,Damaged,Completed,Store Credit,3052.63
903241,708980,2024-07-01,damaged,,Store Credit,546.83
903242,717907,2026-01-10,Duplicate Order,requested,original payment,5477.2
903243,708518,2024-05-01,size issue,Rejected,,4007.28
903244,718730,2024-06-10,Wrong Item,Rejected,Bank Transfer,6842.9
903245,716557,2025-10-09,Damaged,,Original Payment,4674.48
903246,702515,2025-07-20,Changed Mind,approved,UPI,1271.48
903247,705946,2025-11-22,Quality Issue,Completed,Original Payment,292.0
903248,712677,2024-12-01,Quality Issue,Completed,UPI,2420.24
903249,702070,2025-08-11,Late Delivery,approved,,1191.56
903250,700204,2024-03-09,Late Delivery,Requested,Original Payment,9564.95
903251,707376,2025-09-11,,Completed,Bank Transfer,9041.69
903252,703062,2024-11-08,Quality Issue,requested,Original Payment,820.35
903253,715526,2024-10-10,Damaged,requested,Store Credit,7794.78
903254,712498,2025-05-06,Size Issue,requested,Store Credit,3241.3
903255,705661,2025-05-27,Damaged,Approved,Original Payment,25500.46
903256,710221,2025-11-12,Quality Issue,Requested,original payment,1026.96
903257,718997,2024-08-12,Changed Mind,approved,Bank Transfer,2682.21
903258,714882,2025-07-15,size issue,Requested,Bank Transfer,1067.68
903259,710859,2025-10-13,damaged,Completed,,12271.11
903260,713022,2025-04-06,Not as Expected,Rejected,Bank Transfer,2066.08
903261,712537,2024-11-19,Not as Expected,Approved,original payment,2085.64
903262,708717,2025-08-30,Late Delivery,Rejected,Store Credit,3001.96
903263,717754,2024-10-04,damaged,,Store Credit,4637.5
903264,715104,2024-08-09,Quality Issue,approved,Original Payment,7592.2
903265,715864,2025-06-30,size issue,Approved,Store Credit,3476.97
903266,712588,2024-11-19,Changed Mind,Rejected,,8471.24
903267,700690,2025-08-24,Size Issue,approved,Store Credit,999999.0
903268,713658,2025-07-16,size issue,Rejected,Original Payment,1467.15
903269,703839,2024-05-17,Quality Issue,Completed,,2955.82
903270,713681,2024-10-14,size issue,,Original Payment,11108.71
903271,718130,2024-09-27,Size Issue,approved,original payment,3323.64
903272,705965,2024-07-16,Late Delivery,requested,,12313.56
903273,716447,2025-02-13,Duplicate Order,Rejected,Store Credit,4005.46
903274,702758,2025-09-30,Changed Mind,Requested,UPI,2837.1
903275,715261,2024-02-07,Wrong Item,Rejected,original payment,332.57
903276,716817,2025-09-30,size issue,Approved,original payment,3679.74
903277,715693,2025-11-23,damaged,,,18462.3
903278,702428,2025-05-06,Changed Mind,Rejected,UPI,960.31
903279,716419,2024-12-31,Changed Mind,,,1498.09
903280,708833,2025-04-27,Quality Issue,,Original Payment,4087.28
903281,716259,2025-06-24,Damaged,,Original Payment,1408.78
903282,703162,2024-02-17,Wrong Item,Requested,Bank Transfer,1794.21
903283,700789,2025-06-09,Quality Issue,Approved,Store Credit,7633.51
903284,700733,2025-08-17,,Completed,,6647.66
903285,703446,2024-04-17,Late Delivery,Completed,Original Payment,2073.11
903286,718655,2025-08-04,damaged,Rejected,Store Credit,3648.74
903287,714533,2026-01-09,Not as Expected,Requested,,1521.72
903288,711374,2024-02-27,Size Issue,requested,Store Credit,8020.34
903289,700490,2024-11-04,Damaged,Approved,Store Credit,1334.65
903290,704910,2025-03-02,size issue,Approved,Store Credit,5146.41
903291,718149,2024-11-30,Damaged,requested,original payment,2863.71
903292,702772,2024-10-29,Changed Mind,,UPI,1802.29
903293,719215,2025-10-08,Duplicate Order,approved,original payment,3145.12
903294,718242,2025-06-01,size issue,requested,Bank Transfer,3879.62
903295,712643,2024-10-10,size issue,approved,Original Payment,20557.87
903296,703259,2024-02-09,size issue,Rejected,original payment,15496.19
903297,719369,2025-04-05,Late Delivery,Rejected,UPI,9782.72
903298,702554,2024-04-16,damaged,Approved,original payment,1951.68
903299,706419,2024-08-01,Changed Mind,Approved,,1804.28
903300,715633,2025-12-30,Duplicate Order,Requested,Original Payment,37892.42
903301,705397,2025-01-31,size issue,Rejected,,7674.79
903302,718400,2024-03-15,Late Delivery,Rejected,Store Credit,17323.19
903303,703344,2025-03-19,Duplicate Order,Requested,Bank Transfer,47302.86
903304,703855,2024-08-27,Changed Mind,approved,original payment,2436.24
903305,713359,2025-12-25,Late Delivery,Approved,UPI,5121.04
903306,719725,2025-11-11,Changed Mind,Completed,original payment,5621.24
903307,716692,2024-07-20,Size Issue,Rejected,Original Payment,36321.66
903308,711838,2024-05-05,Late Delivery,,UPI,9789.65
903309,719188,2025-06-17,Wrong Item,Approved,original payment,1466.69
903310,712394,2025-05-12,Changed Mind,Requested,Store Credit,3932.92
903311,701066,2025-09-22,size issue,approved,original payment,6656.38
903312,711156,2024-11-17,Not as Expected,,Original Payment,7015.64
903313,712386,2025-05-10,Quality Issue,approved,Original Payment,4941.84
903314,700391,2025-10-20,Changed Mind,approved,UPI,1709.6
903315,710440,2025-10-26,,Completed,original payment,0.0
903316,707887,2025-05-25,,Requested,original payment,1027.54
903317,708465,2025-10-25,Changed Mind,requested,Bank Transfer,1630.82
903318,715113,2024-12-22,Wrong Item,Completed,Store Credit,750.62
903319,710097,2024-09-26,Damaged,approved,,652.01
903320,702004,2024-03-30,Quality Issue,Approved,Store Credit,9597.7
903321,716067,2025-02-21,Size Issue,Rejected,Bank Transfer,478.7
903322,709918,2025-08-25,Duplicate Order,,original payment,12724.5
903323,715528,2024-02-29,Size Issue,Completed,Bank Transfer,1657.17
903324,703462,2024-01-30,Damaged,approved,Original Payment,731.25
903325,717642,2024-09-01,size issue,,Original Payment,5098.54
903326,709017,2024-07-28,Wrong Item,,Bank Transfer,44888.71
903327,707960,2025-10-07,damaged,Completed,UPI,4026.14
903328,709155,2025-08-03,,approved,,3313.38
903329,713425,2024-06-12,damaged,Completed,Bank Transfer,1196.38
903330,711520,2025-07-25,,Approved,Store Credit,696.18
903331,711822,2024-02-28,,Requested,Store Credit,5298.41
903332,712679,2024-05-06,Late Delivery,,,3581.66
903333,707026,2025-01-02,Wrong Item,Completed,Store Credit,1169.4
903334,705872,2024-12-19,Late Delivery,Completed,Bank Transfer,1496.45
903335,714257,2025-08-08,Changed Mind,requested,original payment,1768.99
903336,710405,2025-03-16,Changed Mind,,Store Credit,1684.84
903337,719732,2024-05-30,Late Delivery,Rejected,UPI,8931.74
903338,715221,2024-08-11,Duplicate Order,Approved,original payment,8797.04
903339,719748,2024-04-12,Late Delivery,Requested,Bank Transfer,9707.11
903340,700969,2025-10-07,Late Delivery,Completed,UPI,8902.2
903341,709042,2025-02-17,,Approved,Original Payment,2735.77
903342,704601,2024-10-08,Duplicate Order,Approved,Bank Transfer,26995.08
903343,717986,2025-05-15,Not as Expected,approved,original payment,4301.88
903344,709590,2025-08-30,Late Delivery,Rejected,Original Payment,17645.45
903345,700679,2025-09-16,Not as Expected,Completed,,1298.09
903346,707967,2024-11-08,Not as Expected,Completed,Bank Transfer,13271.45
903347,702804,2024-07-15,Size Issue,Approved,original payment,3659.6
903348,703975,2024-03-29,Not as Expected,Completed,original payment,4089.05
903349,705967,2025-04-10,Late Delivery,Rejected,Original Payment,7264.35
903350,714818,2024-04-02,Damaged,Requested,,2185.55
903351,709775,2025-11-14,,Completed,original payment,45662.21
903352,700773,2024-09-29,Damaged,Requested,,3569.24
903353,700597,2025-05-05,Damaged,Approved,Store Credit,11460.1
903354,711023,2024-12-29,Not as Expected,Completed,Original Payment,1183.55
903355,704278,2024-11-06,Changed Mind,Requested,UPI,1084.04
903356,712155,2024-08-28,Late Delivery,Rejected,Original Payment,7816.98
903357,714486,2024-11-26,size issue,Requested,Original Payment,814.08
903358,700802,2025-01-19,Late Delivery,Requested,UPI,26659.03
903359,717607,2025-11-21,damaged,Approved,original payment,2816.32
903360,700196,2024-10-26,Duplicate Order,Completed,Bank Transfer,2243.63
903361,716478,2025-08-30,Duplicate Order,approved,Bank Transfer,3496.42
903362,706393,2025-10-28,,Requested,UPI,1016.58
903363,715262,2024-10-29,Quality Issue,Completed,,8997.28
903364,709693,2025-01-19,Late Delivery,requested,Original Payment,1643.54
903365,706778,2025-02-06,Damaged,Completed,,5999.84
903366,717758,2024-11-05,Duplicate Order,Requested,,2105.66
903367,708152,2025-01-16,Damaged,requested,UPI,5897.47
903368,719388,2025-06-25,Late Delivery,Completed,Bank Transfer,604.69
903369,711845,2025-02-05,Size Issue,Rejected,Bank Transfer,3438.71
903370,700287,2024-07-05,Late Delivery,requested,Original Payment,4060.52
903371,705648,2024-09-18,damaged,Approved,UPI,1142.26
903372,706119,2024-07-28,Not as Expected,Requested,UPI,1009.29
903373,706772,2025-10-18,Damaged,,original payment,15780.23
903374,700172,2024-12-14,size issue,Rejected,Bank Transfer,7323.98
903375,701359,2024-03-14,size issue,Requested,,1132.41
903376,713546,2024-08-29,Quality Issue,Requested,UPI,8194.78
903377,716237,2025-08-18,Late Delivery,approved,Bank Transfer,7391.3
903378,718183,2025-02-18,Quality Issue,,,9621.92
903379,705727,2025-06-18,Wrong Item,Rejected,original payment,3761.6
903380,705011,2024-10-28,Damaged,,original payment,2456.2
903381,715699,2025-09-04,,requested,Original Payment,2315.55
903382,715222,2024-03-29,Wrong Item,requested,Bank Transfer,702.2
903383,709568,2024-05-21,Not as Expected,requested,Original Payment,5964.22
903384,710027,2024-06-28,damaged,Requested,Original Payment,19424.04
903385,705625,2024-10-20,Late Delivery,approved,,20208.35
903386,712938,2024-03-22,Changed Mind,Rejected,Bank Transfer,2406.22
903387,711527,2024-08-19,Changed Mind,Approved,Original Payment,2014.53
903388,700829,2024-05-12,Not as Expected,approved,Bank Transfer,1060.12
903389,716981,2024-07-05,Quality Issue,Rejected,,11740.2
903390,717531,2025-10-01,Size Issue,approved,UPI,1547.39
903391,709358,2025-06-21,Damaged,requested,Bank Transfer,2758.42
903392,717145,2025-02-14,Late Delivery,,UPI,601.63
903393,700184,2025-04-22,Duplicate Order,Approved,UPI,7790.52
903394,706349,2024-10-20,size issue,approved,,7640.31
903395,713099,2024-06-23,Late Delivery,Requested,Store Credit,5112.71
903396,708847,2025-12-20,damaged,Completed,,11701.17
903397,700283,2024-06-25,damaged,approved,,21628.23
903398,701628,2024-07-08,Changed Mind,Rejected,Store Credit,12318.99
903399,709340,2024-07-16,Quality Issue,Completed,Bank Transfer,1121.05
903400,717436,2025-12-01,damaged,Rejected,Store Credit,24604.26
903401,713494,2025-08-12,,Completed,,33653.75
903402,716037,2024-09-09,Changed Mind,Requested,Store Credit,1357.76
903403,717117,2024-03-27,Late Delivery,Rejected,original payment,1870.34
903404,705678,2024-08-03,Quality Issue,Requested,Store Credit,1009.26
903405,719223,2025-09-14,Wrong Item,,Original Payment,9812.88
903406,705953,2024-12-09,Quality Issue,,,1573.2
903407,716623,2024-08-29,size issue,Approved,UPI,592.76
903408,716317,2025-10-31,Size Issue,Requested,UPI,3787.34
903409,701823,2024-04-04,Wrong Item,approved,,785.01
903410,718707,2024-05-04,Duplicate Order,Approved,original payment,4558.68
903411,711515,2024-07-11,Size Issue,approved,Original Payment,987.27
903412,719152,2025-05-19,,Rejected,Store Credit,331.72
903413,713178,2024-02-14,Wrong Item,,UPI,1573.26
903414,702688,2024-05-18,Late Delivery,Completed,Store Credit,2521.3
903415,714244,2025-10-01,Size Issue,requested,Store Credit,1887.85
903416,709362,2025-09-17,Quality Issue,Rejected,,1000.5
903417,708950,2025-10-17,Late Delivery,Completed,,1429.91
903418,715028,2026-01-14,Late Delivery,approved,Bank Transfer,2442.71
903419,711998,2024-06-24,Quality Issue,Rejected,UPI,3563.3
903420,704692,2024-04-15,,Requested,Original Payment,15301.13
903421,700697,2025-11-02,Size Issue,Requested,,8861.45
903422,702675,2024-06-30,Damaged,Requested,Store Credit,11589.69
903423,717868,2025-01-15,Wrong Item,requested,,2200.97
903424,711502,2025-01-28,Late Delivery,Completed,Store Credit,6113.17
903425,702443,2025-12-11,Late Delivery,Requested,Store Credit,13967.0
903426,717509,2024-04-13,Not as Expected,requested,,11569.96
903427,708220,2025-08-26,size issue,Requested,Bank Transfer,9885.36
903428,716286,2025-04-20,Damaged,requested,Bank Transfer,8454.3
903429,709077,2025-09-06,Damaged,requested,,1809.98
903430,700200,2025-01-12,Duplicate Order,,Bank Transfer,13564.64
903431,718930,2024-08-06,,Requested,Bank Transfer,6060.64
903432,714666,2024-04-24,Wrong Item,approved,Original Payment,6614.41
903433,714954,2024-01-27,size issue,Rejected,original payment,0.0
903434,716900,2025-09-12,Changed Mind,requested,Bank Transfer,2377.17
903435,710447,2024-04-26,Not as Expected,Completed,Original Payment,0.0
903436,711585,2024-11-16,damaged,,Bank Transfer,6091.41
903437,710189,2025-03-25,Late Delivery,Completed,UPI,5111.38
903438,711686,2025-06-07,Damaged,approved,,1581.57
903439,705970,2024-07-05,Quality Issue,approved,original payment,5249.45
903440,703217,2025-02-04,Duplicate Order,Rejected,,6051.77
903441,706293,2025-12-11,Changed Mind,Completed,Bank Transfer,893.98
903442,718442,2025-10-12,Late Delivery,Rejected,Original Payment,14474.46
903443,701154,2024-12-14,Late Delivery,Rejected,original payment,2803.51
903444,703089,2026-01-05,Damaged,approved,Store Credit,1636.15
903445,719041,2024-12-18,Late Delivery,Rejected,,4559.5
903446,710730,2024-10-01,Late Delivery,Completed,UPI,4385.82
903447,718554,2025-08-19,Quality Issue,approved,Original Payment,0.0
903448,718074,2025-08-20,Wrong Item,Completed,Bank Transfer,8493.44
903449,713643,2024-04-02,Quality Issue,Requested,UPI,449.68
903450,708412,2026-01-15,Quality Issue,Requested,original payment,14262.97
903451,714482,2025-05-26,Duplicate Order,Completed,original payment,481.97
903452,711753,2025-06-18,Wrong Item,Requested,original payment,1587.35
903453,703681,2025-07-08,Changed Mind,Completed,original payment,5399.03
903454,707639,2025-01-10,Duplicate Order,Requested,Bank Transfer,4943.19
903455,710796,2025-07-12,Late Delivery,Requested,Original Payment,1644.97
903456,711786,2025-10-04,Duplicate Order,approved,UPI,9078.44
903457,706255,2025-11-03,Changed Mind,requested,original payment,4201.56
903458,708413,2025-08-01,Quality Issue,Rejected,,5599.05
903459,709894,2025-01-14,Size Issue,requested,original payment,2021.64
903460,703122,2025-10-12,Changed Mind,,Store Credit,10926.6
903461,705582,2025-02-08,Quality Issue,,Original Payment,1884.32
903462,719926,2025-02-04,damaged,,Original Payment,3103.13
903463,700404,2025-12-05,Damaged,Requested,Original Payment,5224.2
903464,717169,2024-09-12,damaged,Completed,Original Payment,423.43
903465,703406,2024-02-08,Size Issue,Requested,,2967.46
903466,701846,2024-06-07,Duplicate Order,approved,Original Payment,3730.51
903467,702158,2024-03-29,Not as Expected,Completed,original payment,684.78
903468,719059,2025-08-15,Damaged,requested,Bank Transfer,5240.16
903469,710083,2024-06-29,Duplicate Order,,UPI,410.87
903470,707582,2025-08-28,Damaged,Rejected,Bank Transfer,0.0
903471,704719,2025-08-06,Duplicate Order,Completed,UPI,11020.24
903472,709380,2024-05-09,Size Issue,Completed,UPI,0.0
903473,705855,2024-03-29,Late Delivery,approved,Original Payment,312.89
903474,717253,2025-09-24,Size Issue,Approved,Store Credit,5307.71
903475,712582,2025-05-12,Wrong Item,approved,Store Credit,3505.67
903476,708366,2025-04-29,Late Delivery,Rejected,UPI,21573.98
903477,701870,2025-12-02,Duplicate Order,Completed,Bank Transfer,2186.79
903478,717468,2024-09-19,Size Issue,Requested,Store Credit,1681.89
903479,712577,2024-01-04,Quality Issue,Completed,Bank Transfer,1641.8
903480,706660,2024-09-23,,approved,UPI,2537.39
903481,716373,2024-03-29,damaged,approved,Store Credit,0.0
903482,707773,2025-01-13,Duplicate Order,Completed,UPI,2110.86
903483,703305,2025-04-01,Changed Mind,,UPI,7152.7
903484,713387,2024-11-15,damaged,,Original Payment,4923.66
903485,714432,2025-09-30,Late Delivery,,Bank Transfer,1101.37
903486,713191,2024-04-24,Damaged,approved,UPI,3091.17
903487,704614,2024-11-21,Wrong Item,,Original Payment,1246.08
903488,703090,2024-02-04,damaged,requested,Bank Transfer,6327.67
903489,700816,2025-06-14,Late Delivery,,UPI,3422.98
903490,702480,2025-06-23,Wrong Item,,original payment,999999.0
903491,702309,2024-03-09,Not as Expected,Requested,Store Credit,16981.17
903492,706347,2025-07-13,Damaged,requested,Store Credit,11384.39
903493,708211,2024-11-12,Late Delivery,Rejected,Original Payment,3153.82
903494,713286,2025-08-14,Duplicate Order,Requested,Store Credit,8961.08
903495,700195,2024-03-05,,requested,Original Payment,3487.45
903496,718947,2025-07-15,,requested,Original Payment,7200.38
903497,712197,2024-08-10,damaged,,Original Payment,4526.66
903498,714984,2024-06-22,Quality Issue,approved,,1422.68
903499,713039,2024-10-22,Wrong Item,Completed,Original Payment,1206.38
903500,713484,2025-12-08,Duplicate Order,approved,,1265.48
903501,708675,2024-08-22,Changed Mind,Completed,original payment,3203.92
903502,715351,2024-06-04,Changed Mind,,original payment,0.0
903503,719008,2024-05-10,Size Issue,Requested,Original Payment,19392.19
903504,717066,2024-07-18,Changed Mind,requested,Store Credit,3777.01
903505,706711,2025-11-15,Wrong Item,Completed,Store Credit,11787.46
903506,714146,2025-02-10,Damaged,approved,Original Payment,3602526.89
903507,716619,2024-12-20,size issue,Approved,Original Payment,6325.1
903508,700250,2024-04-13,damaged,requested,,3679.01
903509,708478,2024-10-07,Changed Mind,Rejected,Original Payment,6695.24
903510,700188,2025-10-05,Not as Expected,requested,,7502.48
903511,701525,2025-10-28,size issue,Requested,Store Credit,1267.68
903512,711424,2026-01-20,Not as Expected,requested,UPI,19422.53
903513,706501,2024-02-20,Damaged,Completed,UPI,18250.21
903514,717280,2025-11-27,,requested,Bank Transfer,498.27
903515,700650,2025-07-26,Duplicate Order,Rejected,Bank Transfer,594.82
903516,705297,2024-08-07,Changed Mind,Requested,UPI,1183.84
903517,701880,2025-08-09,Size Issue,Completed,UPI,3554.29
903518,717360,2025-01-01,Damaged,approved,Original Payment,2739.44
903519,706287,2025-08-29,Changed Mind,requested,Store Credit,15909.23
903520,703558,2024-09-22,Changed Mind,Requested,,4948.17
903521,712830,2025-08-19,damaged,Approved,Original Payment,5688.11
903522,717058,2025-03-17,Changed Mind,Approved,Store Credit,3662.07
903523,709605,2025-07-08,Quality Issue,Requested,,3277.72
903524,719365,2024-04-14,Damaged,Completed,Bank Transfer,1489.75
903525,701047,2024-03-28,Size Issue,Rejected,Bank Transfer,1372.13
903526,701560,2024-04-13,size issue,Completed,original payment,1623.46
903527,714206,2024-11-03,Duplicate Order,Approved,original payment,8491.42
903528,718827,2025-07-29,Size Issue,Approved,original payment,21296.89
903529,716438,2025-04-20,Duplicate Order,Rejected,Store Credit,7640.15
903530,718474,2025-02-12,Late Delivery,requested,UPI,951.5
903531,711137,2024-05-09,damaged,,Store Credit,764.23
903532,704167,2024-05-31,Damaged,Rejected,Bank Transfer,5890.69
903533,707210,2025-07-12,Late Delivery,Completed,Original Payment,1137.91
903534,705649,2025-04-08,Changed Mind,Rejected,UPI,0.0
903535,710705,2025-06-13,,Rejected,Bank Transfer,9138.27
903536,703019,2024-03-29,Changed Mind,requested,Bank Transfer,1583.81
903537,719775,2024-08-12,Late Delivery,,,1468.74
903538,713916,2024-09-01,Quality Issue,approved,Original Payment,7055.33
903539,701016,2026-01-04,Damaged,Requested,Original Payment,6225.29
903540,701929,2024-10-06,Damaged,approved,Bank Transfer,11354.23
903541,708255,2025-09-15,damaged,approved,Bank Transfer,0.0
903542,705838,2024-07-16,Changed Mind,Rejected,Store Credit,5207.27
903543,717031,2025-01-26,damaged,,UPI,1654093.73
903544,706016,2024-04-29,Wrong Item,Rejected,,9366.78
903545,715117,2025-07-05,Quality Issue,Approved,original payment,4474.04
903546,706109,2025-10-12,Damaged,requested,Store Credit,339.14
903547,705720,2025-03-19,damaged,requested,Original Payment,2753.69
903548,702279,2024-10-16,Late Delivery,,Store Credit,838.18
903549,705602,2024-09-13,,Completed,original payment,952.63
903550,706766,2025-01-06,Quality Issue,Completed,original payment,1875.25
903551,717496,2025-02-17,Size Issue,approved,Original Payment,2347.97
903552,704392,2024-08-30,Damaged,requested,,2806.14
903553,718873,2025-04-17,damaged,Rejected,original payment,4069.12
903554,717638,2024-12-28,Quality Issue,Requested,UPI,358.82
903555,707423,2025-04-16,Damaged,approved,Bank Transfer,2418.8
903556,700995,2025-05-14,Damaged,requested,,12546.32
903557,707358,2024-11-29,Size Issue,requested,,5457.92
903558,712932,2024-12-09,Size Issue,requested,,12729.32
903559,711616,2025-07-18,,Completed,,1261.91
903560,702016,2025-06-28,,requested,Store Credit,6209.75
903561,710836,2025-09-09,Wrong Item,approved,,922.5
903562,712896,2024-03-01,Damaged,Rejected,Store Credit,2120.16
903563,706061,2025-06-15,,requested,,2647.74
903564,703526,2024-08-05,Changed Mind,requested,original payment,943.22
903565,708351,2024-05-27,size issue,requested,Bank Transfer,4390.81
903566,708530,2026-01-03,Damaged,requested,,-500.0
903567,718491,2025-09-13,Not as Expected,,UPI,952.86
903568,710197,2025-09-08,Late Delivery,,Original Payment,13982.16
903569,700176,2024-05-29,Size Issue,Completed,,1664.07
903570,706055,2024-07-19,Changed Mind,requested,Store Credit,2820.54
903571,711110,2025-01-04,Duplicate Order,Completed,Store Credit,740.97
903572,703938,2025-03-08,Late Delivery,,,512.95
903573,718993,2024-12-15,Changed Mind,Rejected,,2371.17
903574,709763,2025-11-18,Quality Issue,Requested,,17562.84
903575,702433,2025-11-24,Late Delivery,Rejected,Bank Transfer,2834.58
903576,711214,2024-10-16,Quality Issue,approved,Bank Transfer,2000.03
903577,715757,2025-01-19,Wrong Item,,Bank Transfer,2261.65
903578,711380,2024-01-30,Changed Mind,Approved,Store Credit,9012.45
903579,712578,2024-06-11,,Completed,Bank Transfer,2556.05
903580,711614,2025-03-04,damaged,Requested,original payment,1345.53
903581,702284,2025-06-05,,Rejected,Original Payment,6322.13
903582,705023,2025-01-18,Not as Expected,Completed,UPI,4356.31
903583,710203,2024-10-12,Not as Expected,Completed,,5895.19
903584,711325,2025-10-29,Not as Expected,Approved,Bank Transfer,4581.1
903585,704812,2026-01-17,Size Issue,approved,Store Credit,1328.86
903586,702453,2025-12-10,,Rejected,Bank Transfer,2188.33
903587,710885,2025-01-09,Changed Mind,approved,,5439.62
903588,708454,2024-06-16,size issue,Requested,original payment,1466.85
903589,716366,2025-02-04,damaged,,Store Credit,8625.07
903590,700101,2025-05-08,Wrong Item,requested,Bank Transfer,21288.16
903591,718912,2024-11-02,Late Delivery,Rejected,,0.0
903592,718155,2025-11-20,,requested,UPI,10028.02
903593,710281,2025-03-15,Not as Expected,Completed,Store Credit,9719.24
903594,702712,2025-08-24,Not as Expected,Requested,Bank Transfer,291.12
903595,709737,2024-05-06,Damaged,Requested,UPI,6359.22
903596,700482,2024-10-16,,,original payment,1276.1
903597,711790,2025-11-26,Not as Expected,Completed,Bank Transfer,5292.01
903598,704776,2025-10-23,Size Issue,Approved,UPI,5353.55
903599,705088,2025-08-05,Wrong Item,approved,Store Credit,2143.27
903600,708431,2024-10-19,Late Delivery,approved,UPI,634.57
903601,708382,2024-04-11,size issue,,,1994.14
903602,710389,2024-10-05,damaged,,Store Credit,2206.78
903603,700058,2024-05-19,Changed Mind,requested,Bank Transfer,6974.94
903604,704890,2024-12-09,Changed Mind,Completed,Store Credit,9069.47
903605,714941,2025-05-02,size issue,Approved,original payment,529302.82
903606,703314,2024-04-06,Not as Expected,Approved,original payment,1732.7
903607,707487,2025-01-13,Duplicate Order,approved,UPI,7192.1
903608,701569,2025-10-13,Not as Expected,Completed,UPI,5375.63
903609,708151,2025-06-16,Quality Issue,Completed,UPI,9086.94
903610,705304,2025-02-23,Size Issue,approved,,0.0
903611,715941,2025-04-12,Duplicate Order,requested,Store Credit,20631.19
903612,703146,2024-07-14,Damaged,approved,Original Payment,5154.03
903613,702520,2025-10-23,Changed Mind,,original payment,728.97
903614,708782,2025-10-06,Not as Expected,,Original Payment,1588.33
903615,702889,2025-12-07,,Requested,UPI,2024.42
903616,707393,2025-10-12,Duplicate Order,Requested,original payment,23439.09
903617,708788,2024-06-28,,requested,Bank Transfer,2357.05
903618,710146,2024-02-28,,Rejected,UPI,4689.77
903619,718067,2024-12-14,Late Delivery,Requested,Bank Transfer,9418.02
903620,715775,2025-07-30,Late Delivery,Completed,Bank Transfer,3818.45
903621,718910,2025-06-10,Changed Mind,Approved,UPI,496.19
903622,701887,2025-01-03,Changed Mind,approved,Original Payment,0.0
903623,702902,2024-12-02,Wrong Item,requested,,5461.77
903624,707089,2025-01-14,Not as Expected,Completed,Original Payment,1180.21
903625,709975,2025-06-09,size issue,Requested,Original Payment,8375.8
903626,704836,2024-06-02,Size Issue,,,5300.53
903627,715597,2024-06-23,Size Issue,requested,Bank Transfer,25895.84
903628,704712,2024-03-18,damaged,,Original Payment,4378.8
903629,719331,2024-07-12,Changed Mind,Completed,Bank Transfer,5226.83
903630,711243,2025-07-25,Duplicate Order,Completed,Bank Transfer,1285.13
903631,710819,2024-08-28,Quality Issue,Requested,UPI,5870.54
903632,712529,2024-12-20,,requested,UPI,7664.62
903633,705116,2025-10-11,damaged,Completed,Original Payment,6926.67
903634,705239,2024-02-27,size issue,Completed,original payment,6792.91
903635,718539,2025-06-24,Wrong Item,Rejected,Store Credit,4782.24
903636,717894,2025-01-21,Not as Expected,Approved,,0.0
903637,703812,2024-03-09,Not as Expected,Rejected,Original Payment,1086.53
903638,709837,2025-09-30,Not as Expected,Approved,Bank Transfer,1731.9
903639,706949,2024-07-02,Quality Issue,requested,Bank Transfer,433.66
903640,701821,2025-09-21,Size Issue,Rejected,,1713.88
903641,700256,2026-01-09,Wrong Item,Rejected,Store Credit,2679.28
903642,712202,2026-01-09,Not as Expected,approved,Original Payment,4550.34
903643,706038,2025-01-01,Damaged,Requested,UPI,4212.81
903644,703601,2024-04-30,Late Delivery,Approved,Original Payment,1609.79
903645,710326,2024-04-22,,Rejected,UPI,851.03
903646,708467,2024-03-22,Wrong Item,,Store Credit,4341.86
903647,704284,2024-08-18,Late Delivery,requested,Store Credit,19152.0
903648,708236,2024-01-31,size issue,Requested,Original Payment,2064.6
903649,704425,2025-08-16,Wrong Item,approved,Store Credit,6767.25
903650,719738,2025-05-06,damaged,Completed,Original Payment,2112.58
903651,706014,2025-10-15,Wrong Item,approved,UPI,11931.78
903652,707434,2025-10-05,Not as Expected,Rejected,UPI,999999.0
903653,708512,2025-08-09,Changed Mind,approved,Store Credit,1234.3
903654,704630,2024-07-04,,Rejected,Bank Transfer,3163.29
903655,709188,2025-02-21,size issue,Approved,Store Credit,0.0
903656,704154,2024-10-20,Size Issue,,,682.77
903657,719103,2025-06-27,Quality Issue,Approved,UPI,3249.73
903658,715871,2025-01-18,Size Issue,Rejected,Bank Transfer,9002.23
903659,713047,2024-11-06,Duplicate Order,Approved,,9545.47
903660,703212,2025-07-09,Late Delivery,Completed,,2172.01
903661,705971,2024-11-22,,approved,Original Payment,1177.77
903662,711187,2025-12-06,Late Delivery,requested,Store Credit,480.1
903663,715902,2025-09-21,Duplicate Order,Rejected,UPI,6620.46
903664,706331,2025-12-12,damaged,Requested,UPI,7419.58
903665,700577,2025-08-29,Duplicate Order,Completed,,812.22
903666,709390,2024-05-06,Late Delivery,approved,Bank Transfer,21730.93
903667,701347,2024-06-05,Quality Issue,Requested,UPI,2849.21
903668,704053,2025-10-01,Changed Mind,,Bank Transfer,553.73
903669,713008,2024-05-20,Not as Expected,Requested,Original Payment,7723.58
903670,702607,2025-05-28,Late Delivery,Approved,Original Payment,848.18
903671,710325,2024-04-13,,Rejected,,7716.9
903672,714782,2025-06-14,damaged,requested,Store Credit,1605.52
903673,702544,2025-01-15,damaged,Completed,Bank Transfer,2147.65
903674,717325,2024-01-21,Changed Mind,Completed,Bank Transfer,1487.91
903675,706251,2024-07-02,,Requested,Bank Transfer,11760.6
903676,705326,2025-12-29,Quality Issue,Completed,,618.66
903677,709733,2025-08-22,damaged,requested,Original Payment,9782.46
903678,705570,2025-07-16,Size Issue,Requested,UPI,1582.04
903679,705869,2024-12-24,Not as Expected,Completed,original payment,5695.5
903680,701323,2024-06-30,Duplicate Order,Requested,Bank Transfer,1380.09
903681,712310,2025-09-13,,Completed,Store Credit,247.58
903682,713062,2024-06-06,damaged,Approved,Bank Transfer,0.0
903683,706497,2025-02-05,Late Delivery,,Store Credit,1959.47
903684,705474,2024-12-04,Damaged,,Original Payment,1528.55
903685,712722,2024-10-05,,approved,Bank Transfer,0.0
903686,711366,2024-07-29,Changed Mind,requested,UPI,26791.6
903687,702650,2024-04-20,,approved,UPI,3064.62
903688,709689,2024-08-24,damaged,,,40223.7
903689,703986,2024-09-01,Wrong Item,,Original Payment,7754.8
903690,707775,2024-12-31,Duplicate Order,requested,Bank Transfer,0.0
903691,700132,2025-02-10,Duplicate Order,approved,original payment,1264.43
903692,710734,2025-09-01,Duplicate Order,Completed,Original Payment,1954.84
903693,708813,2024-10-29,Quality Issue,Approved,Bank Transfer,5934.3
903694,718866,2024-11-07,Size Issue,requested,UPI,2182.64
903695,701592,2025-04-21,Damaged,,,6365.39
903696,704818,2026-01-01,damaged,Rejected,Store Credit,1873.96
903697,712300,2025-03-14,Quality Issue,,Bank Transfer,4340.19
903698,709770,2024-07-07,Size Issue,,Original Payment,321.91
903699,702828,2025-03-31,damaged,Requested,Original Payment,2611.37
903700,719355,2024-11-17,,requested,Bank Transfer,569.7
903701,707715,2024-09-16,Late Delivery,Requested,Original Payment,3243.11
903702,714186,2025-02-25,damaged,requested,Store Credit,2448.95
903703,718712,2025-10-31,,approved,Store Credit,4434.42
903704,715036,2025-04-25,Size Issue,approved,Original Payment,13753.81
903705,716530,2024-10-05,Damaged,approved,,5009.49
903706,705043,2025-04-19,Changed Mind,approved,Store Credit,224.88
903707,707054,2025-02-03,size issue,Requested,UPI,3721.12
903708,718017,2024-11-04,Size Issue,Completed,,1414.09
903709,711456,2024-07-07,size issue,approved,Store Credit,1137.53
903710,717566,2025-11-20,Wrong Item,approved,Store Credit,7461.93
903711,709295,2024-12-26,Not as Expected,Requested,Bank Transfer,1248.51
903712,711927,2024-07-25,damaged,Rejected,original payment,0.0
903713,704077,2025-03-25,Changed Mind,Completed,UPI,945.51
903714,712113,2024-10-25,Changed Mind,Requested,,3987.7
903715,701299,2024-12-17,Size Issue,Completed,Bank Transfer,1962.2
903716,717114,2025-11-23,Damaged,requested,original payment,11044.59
903717,714172,2024-03-09,,Requested,Store Credit,11541.62
903718,717547,2025-04-30,damaged,,Bank Transfer,13128.21
903719,716988,2024-10-30,Size Issue,approved,Store Credit,2252.87
903720,718464,2024-11-21,Not as Expected,requested,Bank Transfer,814.84
903721,707965,2025-04-06,damaged,Requested,Bank Transfer,3498.3
903722,718812,2025-03-12,Quality Issue,requested,Store Credit,3772.37
903723,702711,2025-10-08,damaged,requested,UPI,3193.33
903724,707785,2025-04-18,Damaged,,,586.76
903725,703837,2025-11-08,Quality Issue,Completed,Original Payment,3448.7
903726,712549,2024-10-17,Duplicate Order,Completed,UPI,14543.91
903727,705515,2024-09-08,damaged,Requested,Original Payment,2193.72
903728,707550,2024-10-28,Damaged,Requested,Bank Transfer,3582.13
903729,706898,2025-10-15,Quality Issue,Completed,original payment,3107.81
903730,710116,2025-09-13,damaged,Completed,Bank Transfer,1329.22
903731,713801,2024-12-09,Quality Issue,,UPI,6566.87
903732,701696,2024-06-08,Wrong Item,approved,UPI,1528.11
903733,703976,2024-05-02,size issue,,,3710.21
903734,703348,2024-02-26,Duplicate Order,Approved,,839.23
903735,711268,2025-10-24,Duplicate Order,requested,Bank Transfer,2827.15
903736,704968,2025-09-28,Changed Mind,Completed,Store Credit,1313.84
903737,704540,2025-11-10,,Rejected,UPI,3413.59
903738,711392,2025-01-17,damaged,Approved,Store Credit,2543.89
903739,717548,2024-09-02,Duplicate Order,Approved,Original Payment,1773.23
903740,702392,2024-04-22,Damaged,Completed,,2879.09
903741,717966,2024-10-03,Late Delivery,Approved,Store Credit,1195.92
903742,716743,2025-05-29,Damaged,,UPI,3094.81
903743,708660,2024-04-28,,Requested,Store Credit,682.89
903744,703830,2025-07-20,,Rejected,Original Payment,1251.38
903745,707075,2024-07-01,Size Issue,,Bank Transfer,3739.39
903746,701514,2024-05-18,Not as Expected,Completed,original payment,1571.17
903747,703322,2025-08-11,Damaged,Requested,Store Credit,1639.99
903748,704360,2025-12-10,Late Delivery,,Original Payment,465.55
903749,716137,2025-02-26,Changed Mind,Requested,Original Payment,949.01
903750,715915,2024-11-06,Wrong Item,Rejected,Store Credit,2287.8
903751,718462,2024-11-03,Size Issue,Approved,Bank Transfer,2144.63
903752,702832,2025-10-10,Wrong Item,Rejected,UPI,9786.48
903753,704662,2024-12-13,Damaged,,original payment,17452.86
903754,710351,2025-12-19,Changed Mind,Rejected,UPI,3368.27
903755,700784,2024-05-14,Not as Expected,,Store Credit,7955.01
903756,708096,2025-02-23,Late Delivery,requested,Bank Transfer,2709.42
903757,705839,2025-02-27,,Completed,,1994.85
903758,718083,2024-08-19,Quality Issue,approved,original payment,5121.31
903759,701806,2024-02-28,Wrong Item,approved,Bank Transfer,710.91
903760,715499,2025-06-06,Duplicate Order,Rejected,UPI,2298.78
903761,716628,2024-05-20,Changed Mind,,original payment,3035.28
903762,700363,2024-07-01,Changed Mind,approved,original payment,3928.28
903763,702059,2025-06-10,,Approved,Store Credit,4299.23
903764,710266,2024-08-06,Late Delivery,Rejected,Bank Transfer,667.82
903765,719412,2025-10-08,Damaged,,Store Credit,6958.81
903766,719075,2025-12-18,Wrong Item,Rejected,,12307.22
903767,710421,2025-07-06,Damaged,Completed,Store Credit,20358.03
903768,709670,2025-11-28,damaged,approved,Store Credit,570.71
903769,702055,2024-03-25,damaged,Approved,UPI,2083.31
903770,700571,2025-06-01,Late Delivery,,,6025.73
903771,711346,2025-09-01,Duplicate Order,,Bank Transfer,871.61
903772,712874,2024-03-12,Wrong Item,Rejected,Bank Transfer,1109.77
903773,719573,2025-01-26,Not as Expected,Approved,UPI,1528.84
903774,711433,2026-01-02,,approved,,10329.34
903775,716959,2025-09-10,Late Delivery,,original payment,5679.44
903776,713513,2024-05-08,Duplicate Order,Requested,original payment,6863.49
903777,711479,2025-07-21,Damaged,requested,Bank Transfer,2404.59
903778,719719,2024-02-16,Damaged,requested,Store Credit,16211.68
903779,704777,2025-02-22,Size Issue,Requested,UPI,6586.92
903780,707164,2025-01-07,Duplicate Order,Completed,Store Credit,11418.48
903781,700887,2025-04-09,damaged,Completed,UPI,2813.66
903782,708908,2025-08-28,Size Issue,requested,UPI,4442.24
903783,708143,2025-10-24,damaged,Rejected,,968.42
903784,716222,2024-09-06,Wrong Item,,Original Payment,21774.37
903785,712102,2025-11-27,Size Issue,,original payment,945.5
903786,707708,2024-08-04,,approved,Bank Transfer,1553.32
903787,708120,2025-06-18,Not as Expected,requested,original payment,3104.43
903788,710778,2024-06-13,Quality Issue,Approved,Bank Transfer,1306.52
903789,701086,2025-04-27,,Approved,,2918.41
903790,713455,2025-04-20,Late Delivery,,,4917.12
903791,706672,2025-01-16,Not as Expected,Completed,original payment,4124.11
903792,711129,2025-02-20,Not as Expected,,UPI,5031.31
903793,706671,2024-08-18,damaged,requested,Store Credit,7407.09
903794,707761,2024-05-13,Changed Mind,Approved,UPI,20341.26
903795,709073,2025-08-08,,approved,Original Payment,6803.87
903796,710728,2025-02-16,Duplicate Order,,original payment,4172.86
903797,716092,2024-01-13,Size Issue,Requested,Bank Transfer,22298.54
903798,707586,2025-05-26,size issue,Requested,Store Credit,13560.06
903799,709138,2025-09-22,Late Delivery,approved,Bank Transfer,901.36
903800,717139,2024-02-29,Not as Expected,,Store Credit,1048.64
903801,715680,2025-04-11,Changed Mind,requested,original payment,8821.85
903802,704821,2025-01-14,,Requested,Original Payment,3957.67
903803,713560,2024-06-04,Quality Issue,requested,UPI,14673.87
903804,708934,2025-12-28,damaged,Requested,original payment,685.36
903805,705391,2025-02-15,Duplicate Order,Rejected,Store Credit,8607.3
903806,711501,2024-04-13,Not as Expected,Approved,Original Payment,3918.68
903807,719677,2024-07-30,Duplicate Order,approved,Original Payment,3694.99
903808,710109,2024-04-30,Damaged,requested,Original Payment,516.32
903809,701868,2025-09-12,Wrong Item,,,8344.72
903810,706426,2025-11-20,size issue,requested,Bank Transfer,3224.81
903811,712997,2024-06-30,Wrong Item,Approved,,1306.07
903812,705952,2024-01-25,Changed Mind,requested,original payment,2051.65
903813,704725,2024-08-31,Quality Issue,approved,UPI,22380.63
903814,706522,2025-02-10,Damaged,Approved,Store Credit,231.92
903815,702658,2025-12-25,Not as Expected,requested,Bank Transfer,1212.49
903816,702052,2025-10-12,Quality Issue,Completed,UPI,5128.32
903817,704700,2024-10-12,Size Issue,approved,,12409.45
903818,701100,2025-06-20,size issue,Rejected,,3232.05
903819,704532,2025-07-30,damaged,Requested,Original Payment,3516.15
903820,717442,2024-09-05,,requested,original payment,3862.43
903821,714871,2024-02-01,Wrong Item,,,3319.39
903822,700628,2024-07-25,Changed Mind,Requested,UPI,3926.01
903823,703633,2025-01-16,Size Issue,Completed,Store Credit,1551.52
903824,713173,2026-01-02,Changed Mind,Completed,original payment,9560.71
903825,700659,2025-10-01,size issue,approved,UPI,0.0
903826,711830,2025-11-06,Damaged,Requested,,8698.54
903827,700170,2024-06-25,Damaged,Requested,,4279.33
903828,714182,2024-07-13,Not as Expected,approved,Bank Transfer,6867.38
903829,714217,2024-03-22,Size Issue,,original payment,2082.66
903830,700494,2025-08-13,Not as Expected,Completed,Original Payment,2552.41
903831,702192,2024-01-05,size issue,Requested,UPI,0.0
903832,702524,2026-01-18,Duplicate Order,requested,Store Credit,2306.27
903833,704788,2025-10-20,Duplicate Order,Approved,,492.97
903834,704640,2025-02-02,Changed Mind,Requested,original payment,2983.57
903835,702537,2025-12-14,Changed Mind,,,2871.32
903836,719932,2024-03-20,Changed Mind,approved,Store Credit,3040.28
903837,701997,2025-10-11,Damaged,,UPI,4389.69
903838,715101,2025-08-13,Damaged,Approved,original payment,3139.09
903839,703782,2024-09-23,,requested,Bank Transfer,999999.0
903840,702709,2026-01-18,damaged,approved,Bank Transfer,3497.31
903841,710698,2026-01-02,Damaged,Approved,,1361.65
903842,709717,2024-11-10,Wrong Item,Requested,Bank Transfer,4745.62
903843,718321,2025-01-11,damaged,Approved,original payment,390.32
903844,719990,2025-03-04,Changed Mind,Approved,,3494.99
903845,703206,2025-07-30,Quality Issue,Requested,Bank Transfer,1503.99
903846,707352,2024-07-22,Late Delivery,Completed,UPI,4280.81
903847,709105,2024-04-25,Changed Mind,Completed,Bank Transfer,773.61
903848,716315,2024-08-07,damaged,Rejected,original payment,3718.73
903849,703318,2025-07-12,Size Issue,requested,UPI,1832.71
903850,715751,2025-07-19,Late Delivery,,Store Credit,7958.49
903851,712832,2024-09-21,damaged,Approved,UPI,8318.69
903852,707738,2024-10-27,Not as Expected,approved,,2198.54
903853,719346,2025-01-08,size issue,Approved,original payment,3703.26
903854,718721,2025-06-27,Wrong Item,requested,Original Payment,2676.08
903855,715566,2025-06-13,Wrong Item,requested,UPI,2525.07
903856,703405,2024-12-13,Late Delivery,Rejected,original payment,1422.82
903857,707601,2024-05-07,Quality Issue,Completed,original payment,6867.71
903858,710415,2025-05-11,Not as Expected,Rejected,Bank Transfer,7420.63
903859,713075,2024-05-06,size issue,Requested,Store Credit,1643.87
903860,702274,2024-12-10,damaged,,Bank Transfer,5937.29
903861,706481,2025-05-19,Wrong Item,Rejected,UPI,4684.26
903862,705933,2024-08-06,size issue,approved,Original Payment,0.0
903863,712587,2025-11-04,Size Issue,Requested,Store Credit,26072.8
903864,704814,2024-12-29,size issue,requested,original payment,5131.36
903865,709385,2025-04-24,Not as Expected,approved,UPI,8126.19
903866,702396,2024-08-22,Changed Mind,requested,,1911.81
903867,714535,2024-08-30,Damaged,Completed,,1596.4
903868,715721,2024-03-08,Quality Issue,requested,UPI,374.24
903869,703189,2024-09-01,,Requested,Store Credit,18874.49
903870,718401,2025-03-12,Changed Mind,requested,UPI,6279.24
903871,710907,2025-08-04,Duplicate Order,approved,,1588.42
903872,718452,2024-12-30,size issue,Rejected,Original Payment,553.84
903873,719832,2024-03-31,Duplicate Order,Requested,,4314.77
903874,706629,2025-05-19,Not as Expected,approved,Bank Transfer,5106.31
903875,712046,2024-05-21,size issue,Completed,,4183.24
903876,718598,2025-10-17,Size Issue,Requested,UPI,2445.04
903877,705672,2025-02-24,damaged,Completed,UPI,46953.69
903878,701445,2024-10-30,Not as Expected,approved,,3886.34
903879,706742,2024-04-07,Size Issue,Completed,UPI,3657.05
903880,701665,2025-06-23,Changed Mind,Completed,UPI,938.92
903881,718413,2024-01-19,Not as Expected,Approved,,4448.48
903882,716696,2025-10-13,Quality Issue,Requested,UPI,4205.07
903883,713502,2024-10-23,Changed Mind,Approved,Store Credit,3192.87
903884,705524,2025-04-26,size issue,approved,Original Payment,875.96
903885,700290,2025-04-18,Duplicate Order,Approved,Original Payment,6654.81
903886,707178,2025-10-29,Quality Issue,Rejected,,1692.91
903887,709583,2025-09-18,damaged,Requested,original payment,6244.1
903888,708037,2025-04-11,Quality Issue,,original payment,282.75
903889,702677,2025-03-19,Wrong Item,Requested,Store Credit,10798.48
903890,712063,2024-10-29,Changed Mind,Rejected,UPI,15996.37
903891,706821,2024-07-29,size issue,Approved,Original Payment,1734.89
903892,717689,2024-08-27,Damaged,Requested,Store Credit,1126.56
903893,715452,2025-08-06,damaged,Rejected,UPI,762.98
903894,700706,2025-06-09,Changed Mind,Approved,UPI,2815.31
903895,713385,2024-10-06,Late Delivery,Requested,Bank Transfer,0.0
903896,706827,2025-05-13,Quality Issue,Completed,Original Payment,6511.04
903897,701138,2025-05-29,Damaged,,original payment,11167.91
903898,703539,2025-08-05,Size Issue,Rejected,Original Payment,11028.64
903899,716606,2024-05-05,,Approved,Store Credit,4782.84
903900,718105,2025-07-28,Quality Issue,,,3024.34
903901,703044,2024-07-26,Duplicate Order,Rejected,Original Payment,2578.68
903902,708811,2024-02-05,Late Delivery,Approved,,17211.35
903903,703449,2024-12-16,Late Delivery,Requested,,9262.5
903904,705754,2025-07-17,,Requested,original payment,1279.44
903905,703882,2024-02-20,Size Issue,requested,UPI,1211.55
903906,718654,2025-04-30,Size Issue,Completed,UPI,21380.61
903907,715292,2025-11-13,,Rejected,,3940.44
903908,701782,2024-03-29,Quality Issue,Completed,Original Payment,998.7
903909,706820,2024-09-20,,approved,Store Credit,10779.75
903910,709913,2024-05-20,Late Delivery,requested,original payment,1965.04
903911,703900,2024-08-25,Not as Expected,Rejected,UPI,9861.07
903912,713774,2024-05-31,,requested,Bank Transfer,1452.43
903913,707135,2025-02-01,damaged,Approved,,3193.99
903914,703564,2024-10-18,damaged,Requested,Bank Transfer,772.66
903915,704006,2025-11-16,Wrong Item,Requested,UPI,25883.69
903916,713702,2025-09-29,Late Delivery,,Original Payment,6598.26
903917,719427,2025-08-09,Quality Issue,Approved,Original Payment,2401.97
903918,700361,2024-08-05,damaged,Rejected,Store Credit,1785.93
903919,709735,2025-01-05,Changed Mind,requested,UPI,1180.51
903920,709530,2025-04-01,Late Delivery,Requested,original payment,1183.88
903921,705031,2024-03-24,Not as Expected,Rejected,Original Payment,585.05
903922,717318,2024-08-27,Duplicate Order,,Original Payment,980.61
903923,700705,2024-05-31,damaged,Approved,original payment,1424.47
903924,704199,2026-01-08,Damaged,approved,original payment,546.66
903925,702920,2025-06-10,Wrong Item,approved,UPI,772.32
903926,713554,2025-08-24,Wrong Item,approved,UPI,1940.89
903927,714622,2024-10-25,Damaged,requested,Store Credit,12636.67
903928,701736,2024-09-15,Damaged,Completed,UPI,1947.58
903929,712377,2024-02-27,,requested,Original Payment,427.14
903930,714662,2024-12-25,Quality Issue,Completed,,2458.72
903931,708304,2025-05-22,size issue,,Bank Transfer,738.43
903932,704798,2025-02-19,Not as Expected,Completed,Original Payment,3439.96
903933,716889,2024-07-27,Size Issue,Approved,UPI,4991.46
903934,717856,2024-10-20,Changed Mind,approved,original payment,1210.39
903935,717862,2024-05-23,,Approved,original payment,1032.4
903936,711276,2024-09-22,Size Issue,Requested,Bank Transfer,2160.27
903937,717517,2024-05-19,damaged,Requested,Bank Transfer,4582.51
903938,718258,2025-02-28,Size Issue,Completed,UPI,4911.92
903939,711626,2024-08-27,size issue,Requested,Store Credit,463.79
903940,707245,2025-08-08,size issue,Rejected,,13838.93
903941,706190,2025-03-21,Changed Mind,Completed,UPI,785.14
903942,702088,2024-09-21,Size Issue,Rejected,Original Payment,8074.06
903943,708266,2025-08-10,Wrong Item,Rejected,Original Payment,12197.92
903944,700236,2025-07-27,damaged,requested,original payment,1629.04
903945,700208,2024-02-10,,requested,,865.53
903946,706790,2025-04-18,size issue,,UPI,5998.19
903947,701268,2024-06-28,Duplicate Order,Completed,Bank Transfer,1408.78
903948,719150,2024-09-08,Damaged,Requested,Original Payment,6993.05
903949,708679,2024-04-01,Size Issue,Approved,original payment,2361.66
903950,715404,2024-12-14,Quality Issue,approved,Bank Transfer,2585.74
903951,700683,2024-01-26,Changed Mind,approved,Original Payment,2936.9
903952,718580,2024-07-11,damaged,approved,Original Payment,11376.94
903953,700161,2024-03-26,Size Issue,Requested,Bank Transfer,3245.4
903954,712705,2025-05-27,,approved,UPI,4692.34
903955,711874,2025-02-08,,Completed,,0.0
903956,703670,2024-11-19,Duplicate Order,requested,original payment,9779.56
903957,715832,2024-10-06,Wrong Item,approved,UPI,16880.17
903958,703012,2025-08-26,Damaged,Completed,Store Credit,1246.48
903959,706325,2024-07-17,Size Issue,,UPI,4987.02
903960,708323,2025-05-02,Size Issue,Rejected,Bank Transfer,5280.89
903961,711224,2026-01-19,Not as Expected,Completed,original payment,1059.8
903962,708744,2025-08-09,Size Issue,Approved,,4212.29
903963,704080,2024-02-15,Duplicate Order,approved,,4918.03
903964,701164,2024-08-06,Not as Expected,Requested,UPI,0.0
903965,713352,2025-10-16,Late Delivery,Rejected,,1332.77
903966,704180,2024-03-10,Damaged,Completed,original payment,2646.14
903967,701072,2026-01-01,Not as Expected,approved,original payment,3296.3
903968,715227,2024-08-06,Duplicate Order,approved,original payment,1613.9
903969,700375,2025-09-07,Not as Expected,Rejected,Original Payment,326.31
903970,703188,2024-03-31,damaged,,original payment,5339.16
903971,709638,2024-11-03,size issue,,,1631.41
903972,716630,2025-12-09,Size Issue,Rejected,Store Credit,0.0
903973,703060,2025-04-24,Size Issue,approved,UPI,1051.35
903974,712092,2024-08-03,Quality Issue,requested,,1516.35
903975,702672,2024-11-01,Quality Issue,requested,Original Payment,6432.97
903976,706659,2024-05-02,Changed Mind,approved,UPI,6310.86
903977,712524,2024-02-21,damaged,requested,Bank Transfer,858.85
903978,717393,2024-11-30,,Approved,original payment,1669.1
903979,713170,2025-10-22,Not as Expected,Completed,,1093.59
903980,712742,2024-04-11,Damaged,Completed,,548.89
903981,701974,2025-08-19,Not as Expected,,Original Payment,8163.11
903982,711287,2024-09-19,Changed Mind,Rejected,original payment,494.17
903983,705668,2025-10-13,,Requested,Original Payment,1136.77
903984,704046,2025-04-27,Duplicate Order,Completed,Bank Transfer,472.87
903985,702614,2025-02-22,Size Issue,approved,Bank Transfer,5736.2
903986,715247,2024-08-19,Late Delivery,Completed,Bank Transfer,10404.73
903987,702367,2025-12-21,Size Issue,Approved,UPI,999999.0
903988,715125,2025-11-22,Quality Issue,Requested,Bank Transfer,5499.67
903989,716665,2024-06-23,damaged,Approved,UPI,3411.68
903990,716649,2024-02-25,size issue,Rejected,original payment,4148.62
903991,705312,2025-06-03,Changed Mind,Requested,,8960.46
903992,717138,2025-05-22,size issue,approved,original payment,1043.05
903993,703338,2024-09-23,Changed Mind,Rejected,,1201.18
903994,714097,2024-06-22,Quality Issue,requested,original payment,6580.24
903995,701410,2025-01-04,Quality Issue,,UPI,1364.84
903996,706050,2025-05-28,size issue,approved,original payment,6310.54
903997,707338,2025-03-24,,Requested,Bank Transfer,985.21
903998,717624,2025-08-30,,,Bank Transfer,1050.52
903999,708832,2025-12-07,Damaged,Requested,UPI,10336.63
904000,706262,2025-12-13,size issue,,Store Credit,1307.47
904001,718937,2025-06-20,Wrong Item,Approved,Bank Transfer,12828.74
904002,711532,2024-04-10,Not as Expected,Completed,Bank Transfer,562.35
904003,709082,2024-02-22,Not as Expected,requested,UPI,2928.36
904004,706828,2024-04-07,size issue,Rejected,Store Credit,6817.74
904005,708419,2025-05-19,Not as Expected,approved,Store Credit,3613.93
904006,704433,2024-03-02,Quality Issue,,UPI,16366.02
904007,718127,2025-11-28,damaged,,UPI,3618.56
904008,704368,2025-01-29,Changed Mind,Approved,Bank Transfer,1042.66
904009,708585,2024-10-11,Damaged,,,10001.68
904010,704318,2025-04-10,Size Issue,,UPI,1199.57
904011,700838,2024-08-19,Changed Mind,Completed,original payment,1835.03
904012,714438,2024-02-28,,approved,Original Payment,10420.45
904013,714187,2024-06-19,Duplicate Order,,UPI,2885.63
904014,706376,2025-06-24,,Requested,original payment,909.28
904015,706382,2024-05-06,Size Issue,Approved,,3731.6
904016,713591,2024-01-31,Quality Issue,approved,UPI,3047.13
904017,702833,2024-02-27,Late Delivery,Rejected,Original Payment,8136.31
904018,706587,2024-11-08,Size Issue,Rejected,,8248.26
904019,716809,2024-07-15,Wrong Item,Rejected,Store Credit,2494.36
904020,714913,2024-03-27,,approved,original payment,11667.63
904021,706316,2024-05-01,damaged,approved,Store Credit,2755.01
904022,701495,2024-10-04,Quality Issue,,original payment,9227.71
904023,710430,2025-03-02,Wrong Item,Requested,UPI,1505.0
904024,710286,2025-06-29,Not as Expected,Rejected,Store Credit,4857.61
904025,704317,2024-08-20,Quality Issue,Completed,Original Payment,6200.13
904026,715361,2024-10-03,Quality Issue,Rejected,Original Payment,1005.53
904027,714350,2025-01-07,Duplicate Order,approved,Original Payment,808.93
904028,703150,2024-10-05,Wrong Item,Requested,UPI,4615.03
904029,701353,2025-12-23,Size Issue,Rejected,original payment,783.43
904030,719735,2025-09-06,Size Issue,requested,Bank Transfer,2461.55
904031,707097,2025-10-24,Changed Mind,Rejected,original payment,7617.2
904032,700895,2024-05-15,,approved,UPI,736.25
904033,710072,2024-06-23,size issue,Requested,Bank Transfer,9106.58
904034,718511,2025-08-12,Wrong Item,,UPI,1417.95
904035,706707,2025-08-24,Quality Issue,Rejected,original payment,4373.58
904036,706075,2025-08-24,Quality Issue,Completed,,1937.66
904037,708938,2025-02-01,Changed Mind,requested,,11315.1
904038,713006,2024-12-31,Quality Issue,Requested,UPI,4199.74
904039,705453,2024-05-07,Size Issue,approved,UPI,252.08
904040,706313,2025-08-20,Duplicate Order,Rejected,,6131.91
904041,713174,2025-07-10,Late Delivery,,UPI,830.09
904042,700794,2024-07-15,Late Delivery,Rejected,Original Payment,3504.88
904043,709799,2024-08-05,Changed Mind,Rejected,Store Credit,2143.58
904044,702748,2024-09-25,Changed Mind,requested,Original Payment,14787.84
904045,703466,2025-09-20,Late Delivery,Completed,,1639.77
904046,717419,2024-09-16,Changed Mind,approved,Bank Transfer,1976.1
904047,711666,2024-05-18,damaged,Rejected,,3171.94
904048,705854,2025-11-03,Quality Issue,approved,,2097.38
904049,706943,2025-01-15,Quality Issue,requested,Store Credit,5575.57
904050,710034,2025-07-10,Changed Mind,requested,original payment,4632.25
904051,714917,2026-01-26,Size Issue,Completed,UPI,2432.91
904052,715927,2024-10-08,size issue,Approved,Store Credit,5963.88
904053,716239,2025-02-11,damaged,,Bank Transfer,5691.85
904054,700612,2024-03-06,Quality Issue,Requested,Original Payment,1470.57
904055,703412,2024-04-22,Size Issue,Rejected,,356.66
904056,714876,2024-06-18,Damaged,Completed,Bank Transfer,4760.15
904057,719033,2025-10-27,Wrong Item,Completed,UPI,23496.15
904058,716354,2025-08-20,Not as Expected,Approved,original payment,1967.5
904059,705624,2024-04-21,Damaged,Approved,Original Payment,3179.49
904060,707323,2025-09-09,Duplicate Order,Approved,UPI,1734.84
904061,710227,2024-03-31,Late Delivery,Approved,Original Payment,925.06
904062,714867,2024-02-15,Wrong Item,,Bank Transfer,13788.98
904063,708428,2025-11-08,Damaged,Approved,Store Credit,0.0
904064,716711,2025-07-09,damaged,requested,Store Credit,1930.28
904065,706575,2024-02-03,size issue,,,7667.68
904066,704011,2025-12-18,Late Delivery,Rejected,original payment,2060.71
904067,712808,2024-11-22,Late Delivery,approved,Store Credit,2535.45
904068,700728,2024-08-14,Late Delivery,Completed,Bank Transfer,14599.05
904069,709954,2024-04-21,Changed Mind,approved,Original Payment,1287.1
904070,702197,2025-03-15,Damaged,Rejected,,1348.31
904071,711725,2025-07-27,size issue,Requested,Store Credit,684.3
904072,705263,2025-05-19,size issue,Rejected,Original Payment,1567.75
904073,712116,2024-05-08,Not as Expected,Requested,Store Credit,5097.27
904074,701803,2024-11-11,Wrong Item,Approved,UPI,0.0
904075,719281,2024-06-22,Damaged,Approved,original payment,2333.42
904076,713597,2025-01-02,damaged,,Original Payment,911.54
904077,700194,2024-06-09,,requested,original payment,34317.79
904078,718903,2025-12-15,,approved,UPI,1629.34
904079,703140,2024-04-18,Late Delivery,,UPI,2117.57
904080,706934,2025-02-16,size issue,Completed,,2828.51
904081,709890,2025-07-01,Late Delivery,Completed,,13720.68
904082,700318,2024-11-18,Damaged,Rejected,Store Credit,10066.64
904083,715707,2025-03-18,Not as Expected,Approved,Store Credit,10654.71
904084,715912,2024-04-16,Damaged,Requested,,2640.55
904085,705814,2025-10-20,Late Delivery,requested,Store Credit,1723.61
904086,711354,2025-10-30,Duplicate Order,Rejected,Bank Transfer,386.87
904087,718148,2024-04-05,Duplicate Order,Requested,UPI,851.79
904088,712128,2024-12-12,Size Issue,requested,,1218.43
904089,715078,2024-01-26,Wrong Item,Completed,,5804.42
904090,707529,2025-10-08,,Requested,Bank Transfer,2247.82
904091,706210,2024-08-09,Quality Issue,Approved,,1892.76
904092,712621,2024-10-11,Changed Mind,Completed,,2078.4
904093,702078,2025-02-09,Wrong Item,Rejected,Bank Transfer,12960.96
904094,708031,2025-11-12,Quality Issue,,UPI,1077.67
904095,705880,2024-03-17,Not as Expected,Requested,original payment,5670.51
904096,706584,2025-11-29,Damaged,Rejected,UPI,1354.21
904097,701087,2024-07-15,size issue,,Store Credit,1565.12
904098,707515,2024-05-24,Changed Mind,Requested,,18161.13
904099,704939,2024-05-15,Damaged,approved,Original Payment,2140.21
904100,702746,2024-06-16,Late Delivery,Requested,original payment,918.11
904101,706008,2025-11-26,Wrong Item,Completed,,5541.41
904102,701010,2025-02-20,Not as Expected,Approved,Store Credit,17356.99
904103,712032,2025-04-29,Quality Issue,,original payment,1524.53
904104,702075,2025-09-24,Damaged,Completed,original payment,26463.79
904105,705951,2025-05-23,Size Issue,Approved,original payment,439.98
904106,716285,2025-06-15,Size Issue,approved,Store Credit,1505.77
904107,704286,2024-10-30,size issue,Rejected,,3345.94
904108,707893,2024-12-11,Not as Expected,requested,Bank Transfer,17147.61
904109,700714,2024-05-07,Quality Issue,,Store Credit,2114.89
904110,717403,2024-02-21,size issue,Rejected,,471.74
904111,709688,2024-02-06,Changed Mind,Rejected,,3608.1
904112,715473,2024-06-29,Duplicate Order,,original payment,4337.65
904113,706394,2024-02-09,,requested,,4325.05
904114,719515,2025-01-25,Quality Issue,Approved,Store Credit,12950.32
904115,712055,2025-09-20,Duplicate Order,Rejected,original payment,772.53
904116,714204,2024-10-25,Duplicate Order,approved,UPI,2945.74
904117,707890,2024-12-11,Quality Issue,Completed,original payment,495.7
904118,705315,2026-01-16,Wrong Item,Completed,Store Credit,9579.78
904119,712333,2025-09-16,Late Delivery,,Bank Transfer,2255.22
904120,718652,2024-08-25,size issue,approved,Store Credit,2066.39
904121,705327,2024-09-01,size issue,approved,Store Credit,1607.54
904122,711088,2024-05-16,damaged,approved,,4355.64
904123,714805,2025-03-27,Late Delivery,,,587.3
904124,714235,2025-05-12,Quality Issue,Requested,Store Credit,580.24
904125,719384,2024-08-08,Changed Mind,requested,,7362.13
904126,701722,2024-06-03,Duplicate Order,Completed,UPI,3250.67
904127,719197,2024-10-28,Damaged,Rejected,Original Payment,3296.03
904128,703141,2025-04-13,Not as Expected,Rejected,Store Credit,877.5
904129,706163,2024-07-05,Not as Expected,Completed,Original Payment,775.51
904130,701950,2025-07-03,Duplicate Order,Rejected,Bank Transfer,1277.48
904131,711305,2024-01-24,Size Issue,Rejected,,7696.29
904132,703283,2024-06-20,Late Delivery,Approved,original payment,5732.07
904133,708309,2024-08-25,Duplicate Order,,Store Credit,2022.58
904134,717831,2024-01-28,damaged,Requested,original payment,7812.08
904135,712792,2025-09-29,Damaged,requested,UPI,2787218.17
904136,710838,2024-09-22,Quality Issue,,UPI,1587.36
904137,704371,2024-08-28,Late Delivery,approved,Store Credit,6768.76
904138,713122,2025-05-03,Changed Mind,Completed,Original Payment,796.72
904139,707387,2025-11-12,Duplicate Order,Requested,UPI,12053.09
904140,711755,2024-07-01,Duplicate Order,Approved,Bank Transfer,1857.0
904141,705006,2024-05-17,Wrong Item,approved,Store Credit,7479.79
904142,718830,2025-06-16,Changed Mind,requested,original payment,2746.5
904143,709174,2024-05-29,Late Delivery,requested,original payment,1495.3
904144,706730,2024-07-01,Late Delivery,requested,original payment,9442.75
904145,710712,2024-06-02,Damaged,requested,,1527.91
904146,716114,2024-12-18,Damaged,requested,,302.01
904147,706359,2024-02-19,damaged,Approved,original payment,999999.0
904148,703383,2024-03-11,Duplicate Order,approved,Original Payment,15446.87
904149,717155,2025-11-21,Quality Issue,,,3644.01
904150,700505,2024-01-19,size issue,Completed,Original Payment,4923.99
904151,717855,2025-07-07,Damaged,Approved,UPI,4075.18
904152,712472,2025-11-30,Changed Mind,,Original Payment,0.0
904153,702955,2024-10-09,,approved,,2868.03
904154,716452,2024-09-05,Late Delivery,,Store Credit,53209.49
904155,709601,2024-05-10,Quality Issue,Approved,Bank Transfer,3627.22
904156,711801,2025-08-16,Not as Expected,,,1171.05
904157,717368,2024-05-25,Quality Issue,requested,Bank Transfer,3696.88
904158,711050,2025-04-20,size issue,Approved,Bank Transfer,138217.31
904159,716139,2024-03-31,Duplicate Order,requested,Bank Transfer,6879.81
904160,711747,2024-02-24,Duplicate Order,,Bank Transfer,1267.76
904161,714572,2024-07-01,Duplicate Order,requested,Original Payment,4272.84
904162,703509,2024-04-03,size issue,approved,Bank Transfer,2487.58
904163,704115,2024-04-01,size issue,requested,,1633.12
904164,702891,2024-07-22,Duplicate Order,Requested,UPI,2182.08
904165,711972,2024-05-28,,Completed,Bank Transfer,5448.81
904166,706432,2025-03-18,,Approved,Bank Transfer,6109.94
904167,701798,2024-10-21,,approved,original payment,3276.74
904168,701270,2024-03-02,Changed Mind,Rejected,,421.85
904169,714982,2025-10-27,,Rejected,,4106.2
904170,713481,2024-06-04,Duplicate Order,Requested,original payment,2073.69
904171,713864,2024-02-04,Quality Issue,Requested,UPI,9226.58
904172,712759,2025-04-05,Duplicate Order,,Bank Transfer,2172.11
904173,700008,2024-12-14,Wrong Item,Rejected,Store Credit,3700.73
904174,712105,2025-08-24,Changed Mind,approved,,1486.81
904175,700783,2025-08-31,Duplicate Order,approved,original payment,4905.36
904176,713415,2025-12-18,Quality Issue,Approved,original payment,27887.63
904177,709404,2025-02-10,Quality Issue,,Store Credit,37355.81
904178,707560,2025-03-24,Wrong Item,Approved,Original Payment,3892.45
904179,700564,2025-01-30,,Completed,original payment,2668.95
904180,709772,2025-07-11,Damaged,Completed,UPI,362.13
904181,712284,2024-02-19,Damaged,Completed,Bank Transfer,3424.48
904182,717395,2024-02-11,Duplicate Order,approved,UPI,27279.62
904183,702644,2024-03-02,,requested,Original Payment,3583.88
904184,718199,2025-01-18,Duplicate Order,Rejected,Store Credit,7753.64
904185,704212,2024-12-06,damaged,Requested,,2336.27
904186,712097,2025-02-11,Quality Issue,Approved,original payment,18633.07
904187,705355,2025-08-27,Size Issue,Rejected,Bank Transfer,2526.79
904188,709849,2024-03-28,Wrong Item,requested,,4311.01
904189,717257,2025-12-27,Quality Issue,Rejected,Store Credit,5354.23
904190,711715,2025-01-30,Duplicate Order,Approved,Original Payment,734.05
904191,719648,2025-07-08,Quality Issue,Rejected,UPI,7245.87
904192,709792,2024-12-11,damaged,Completed,Bank Transfer,6357.03
904193,718236,2025-04-04,Wrong Item,,Bank Transfer,970.28
904194,712108,2025-01-05,Quality Issue,,Original Payment,987.96
904195,705162,2024-06-30,Size Issue,Rejected,original payment,5670.6
904196,705532,2025-11-07,,requested,Bank Transfer,4556.74
904197,708060,2024-02-24,Changed Mind,,Original Payment,4444.19
904198,713138,2024-07-24,Changed Mind,requested,original payment,3405.13
904199,712828,2025-02-23,Damaged,Rejected,original payment,1241.8
904200,700233,2025-09-14,Duplicate Order,Completed,original payment,5251.62
904201,703711,2024-04-23,Duplicate Order,Completed,Bank Transfer,1606.66
904202,707942,2025-09-10,Quality Issue,requested,UPI,770.22
904203,718047,2025-03-31,Late Delivery,Requested,Store Credit,14018.2
904204,709515,2025-09-30,Wrong Item,Rejected,Store Credit,8776.64
904205,702680,2024-10-17,size issue,Completed,Bank Transfer,23141.52
904206,716570,2024-05-12,Size Issue,Rejected,,1203.21
904207,702724,2024-05-30,Wrong Item,Requested,UPI,15562.2
904208,719858,2025-01-23,Not as Expected,Approved,Bank Transfer,0.0
904209,718359,2025-10-12,size issue,Rejected,,4546.55
904210,705373,2024-10-11,Size Issue,,original payment,12161.45
904211,715337,2025-04-08,damaged,Approved,Bank Transfer,1245501.81
904212,702777,2024-05-28,Changed Mind,requested,original payment,4030.5
904213,701612,2025-11-07,Quality Issue,Approved,UPI,1087.95
904214,712573,2024-03-27,Late Delivery,requested,Store Credit,473.22
904215,708504,2024-05-12,Changed Mind,Approved,,4840.67
904216,713028,2024-07-11,size issue,requested,Store Credit,3916.43
904217,703741,2024-11-22,Wrong Item,approved,Store Credit,3103.08
904218,712682,2025-04-24,Not as Expected,Rejected,Store Credit,1220.62
904219,713490,2024-03-07,damaged,approved,Store Credit,10398.58
904220,716004,2024-07-22,Wrong Item,requested,UPI,17214.12
904221,716314,2025-04-18,Quality Issue,Rejected,Bank Transfer,6071.72
904222,716169,2024-01-05,size issue,approved,Bank Transfer,9456.72
904223,718166,2025-09-10,size issue,requested,Bank Transfer,1803.16
904224,707684,2025-01-18,,Completed,UPI,1814.59
904225,711588,2024-09-21,Size Issue,Completed,,2285.52
904226,704084,2024-08-12,Late Delivery,Requested,Bank Transfer,1109.72
904227,710564,2024-11-20,Late Delivery,Rejected,,8635.28
904228,701539,2024-04-29,,Rejected,Store Credit,8035.51
904229,714166,2025-01-01,Not as Expected,approved,original payment,4777.32
904230,708772,2024-10-21,size issue,Rejected,Original Payment,41628.05
904231,707240,2024-10-20,Size Issue,Requested,Original Payment,1620.01
904232,718973,2024-06-23,Late Delivery,,Original Payment,25917.68
904233,715554,2025-07-31,Damaged,Completed,original payment,18702.02
904234,707267,2025-01-06,damaged,approved,original payment,2955.93
904235,704324,2024-10-09,,,Store Credit,16442.11
904236,707800,2024-09-15,Changed Mind,,Bank Transfer,2503.1
904237,713709,2025-10-10,Duplicate Order,Requested,original payment,1088.33
904238,715338,2024-10-04,Size Issue,Requested,Bank Transfer,12294.41
904239,710993,2025-01-28,,approved,UPI,2399.33
904240,706512,2025-02-19,Not as Expected,approved,Bank Transfer,532.05
904241,711027,2024-08-25,Damaged,Requested,UPI,0.0
904242,702466,2024-04-15,Quality Issue,Requested,Store Credit,2963.7
904243,709553,2025-04-28,,Approved,Store Credit,10283.19
904244,704225,2024-06-13,size issue,,Bank Transfer,1939.83
904245,714233,2024-07-06,Size Issue,,UPI,3844.25
904246,709087,2024-07-13,Damaged,Requested,Original Payment,20253.73
904247,714773,2024-12-20,Duplicate Order,Rejected,Original Payment,1800.44
904248,708929,2025-03-02,Changed Mind,Approved,UPI,857.18
904249,702337,2024-12-05,damaged,Requested,Store Credit,4279.82
904250,715460,2025-10-01,Damaged,approved,UPI,2162.15
904251,717789,2025-11-16,Changed Mind,Rejected,UPI,5153.41
904252,708269,2024-02-25,Quality Issue,Requested,Store Credit,2520.17
904253,707739,2025-08-20,size issue,Requested,Original Payment,8700.2
904254,706400,2025-09-04,Changed Mind,approved,,541.15
904255,718291,2025-12-25,Damaged,Completed,Bank Transfer,2634.6
904256,712492,2025-01-17,Quality Issue,approved,Store Credit,1667.06
904257,713824,2025-10-19,Size Issue,,UPI,9918.26
904258,703908,2024-07-14,Damaged,,Bank Transfer,1782.02
904259,712235,2024-09-11,,requested,Original Payment,1152.71
904260,702476,2025-08-08,Duplicate Order,requested,UPI,780.29
904261,707318,2025-07-08,Duplicate Order,Rejected,Store Credit,1146.72
904262,719389,2026-01-09,Wrong Item,Completed,Original Payment,2348.75
904263,709950,2024-12-18,Damaged,,UPI,3744.95
904264,704575,2024-03-13,Changed Mind,Approved,original payment,4955.26
904265,713304,2025-03-28,Size Issue,,Original Payment,7042.47
904266,718445,2024-11-02,,Rejected,,30917.39
904267,705495,2024-07-10,Changed Mind,Approved,,1973.43
904268,702039,2024-11-21,damaged,Approved,,2660.43
904269,711552,2024-07-23,damaged,Completed,Store Credit,3276.56
904270,716812,2025-03-08,,Requested,Store Credit,3169.19
904271,716543,2025-04-22,,Completed,original payment,34542.53
904272,700178,2025-08-24,Late Delivery,Completed,UPI,4695.23
904273,710535,2025-12-08,damaged,Requested,,7284.88
904274,711583,2024-01-25,size issue,Completed,Original Payment,4102.39
904275,711604,2025-03-20,,approved,,3120.28
904276,702621,2024-12-25,Damaged,requested,original payment,6129.12
904277,715683,2024-10-31,Quality Issue,,original payment,1920.38
904278,704157,2025-11-21,Wrong Item,,Original Payment,1098.05
904279,709399,2025-06-19,Late Delivery,Rejected,original payment,2556.84
904280,713124,2025-08-16,Late Delivery,,original payment,1558.57
904281,708047,2024-12-10,Wrong Item,Requested,Original Payment,3029.28
904282,714013,2025-12-15,Quality Issue,Approved,Original Payment,3189.58
904283,702281,2025-12-18,Not as Expected,,Bank Transfer,29721.77
904284,711707,2025-11-29,size issue,Rejected,Original Payment,2942.93
904285,705462,2025-08-08,Size Issue,Completed,,3944.19
904286,709700,2024-02-21,damaged,Rejected,original payment,8368.69
904287,702293,2025-09-29,Wrong Item,,original payment,4005.03
904288,715578,2025-10-24,,approved,Store Credit,3490.94
904289,712090,2024-11-23,Duplicate Order,,UPI,2533.14
904290,705473,2025-11-13,Changed Mind,,Original Payment,79.93
904291,714139,2024-05-30,size issue,requested,,6840.49
904292,709622,2024-01-10,Damaged,,,547.92
904293,710491,2025-07-10,,Rejected,Store Credit,965.72
904294,709406,2025-01-09,,Completed,original payment,670.84
904295,713966,2025-08-12,size issue,Completed,,23713.85
904296,708322,2024-06-25,Wrong Item,requested,original payment,5097.44
904297,715052,2025-05-06,Duplicate Order,Approved,,2482.88
904298,717457,2025-10-12,,,,3694.2
904299,717602,2025-03-10,Damaged,approved,Original Payment,5345.44
904300,709127,2024-11-22,Duplicate Order,Approved,Store Credit,2308.37
904301,707130,2024-03-14,Changed Mind,,Store Credit,1426.02
904302,700805,2024-05-11,Not as Expected,Approved,UPI,2055.97
904303,717394,2025-12-09,Not as Expected,Requested,Bank Transfer,13869.01
904304,701395,2025-08-09,,Completed,,9578.93
904305,709117,2025-02-07,Late Delivery,Approved,UPI,507.86
904306,719172,2025-09-06,Damaged,Requested,Original Payment,10838.54
904307,707264,2025-06-20,Changed Mind,approved,Bank Transfer,4037.68
904308,705585,2025-06-09,size issue,Completed,Original Payment,645.83
904309,712062,2025-12-31,damaged,approved,original payment,11337.51
904310,702019,2024-11-22,Wrong Item,Requested,Bank Transfer,3873.69
904311,719682,2025-05-22,Changed Mind,Completed,original payment,24740.73
904312,708551,2025-03-09,Wrong Item,Completed,Bank Transfer,1023.15
904313,711938,2025-10-20,Size Issue,Rejected,,3197.9
904314,701177,2024-04-28,size issue,Approved,UPI,2126.48
904315,719217,2025-10-18,Quality Issue,approved,,2050.76
904316,705751,2025-06-19,,Requested,,1347.26
904317,713154,2025-06-12,Damaged,Rejected,Original Payment,13144.42
904318,719077,2024-12-30,Damaged,Completed,Original Payment,4063.13
904319,709355,2025-09-06,size issue,Requested,Bank Transfer,2061.55
904320,701980,2024-06-17,Late Delivery,Approved,,1656.4
904321,702464,2025-03-27,Damaged,approved,Bank Transfer,3330.35
904322,713223,2025-01-24,Not as Expected,Requested,,3809.26
904323,719843,2025-02-28,Quality Issue,Completed,Store Credit,72639.54
904324,707706,2025-09-01,damaged,requested,original payment,13553.88
904325,710914,2025-08-25,Wrong Item,approved,,999999.0
904326,709423,2025-11-06,Not as Expected,approved,Store Credit,1587.8
904327,701012,2025-01-26,,approved,Store Credit,742.17
904328,714103,2025-05-27,Duplicate Order,requested,UPI,6354.73
904329,710608,2025-09-29,Changed Mind,Requested,original payment,1975.11
904330,704462,2025-11-28,Damaged,,Bank Transfer,2663.31
904331,709023,2025-09-21,Late Delivery,Rejected,Original Payment,2991.09
904332,708016,2025-01-31,size issue,,,8250.39
904333,716979,2025-10-02,damaged,Requested,UPI,21307.0
904334,715196,2025-08-15,Late Delivery,Approved,Original Payment,2433.58
904335,702600,2024-06-24,Late Delivery,,,0.0
904336,710785,2024-06-01,Not as Expected,Requested,,38249.16
904337,717999,2024-03-18,Size Issue,Completed,UPI,724.21
904338,706417,2024-06-01,Late Delivery,requested,UPI,1044.57
904339,717933,2025-03-31,Changed Mind,requested,original payment,11770.99
904340,701911,2024-05-05,Size Issue,Requested,,2396.34
904341,719963,2024-01-14,Wrong Item,Completed,Original Payment,23088.44
904342,714396,2025-02-19,damaged,Approved,original payment,4721.74
904343,718668,2024-10-05,Not as Expected,Completed,Original Payment,3292.77
904344,711710,2025-09-17,Late Delivery,Requested,Bank Transfer,3256.38
904345,703657,2025-08-15,Changed Mind,Completed,UPI,11901.55
904346,711373,2025-12-09,Changed Mind,requested,original payment,5289.59
904347,715134,2025-07-09,Changed Mind,Rejected,,6148.67
904348,716555,2024-10-31,Late Delivery,approved,UPI,2946.31
904349,718341,2025-04-26,damaged,requested,Store Credit,3789.47
904350,702276,2024-11-02,Damaged,approved,Store Credit,8575.74
904351,706916,2024-03-14,Quality Issue,Completed,original payment,5467.11
904352,717400,2024-04-07,,Rejected,,562.22
904353,711484,2025-02-25,Duplicate Order,requested,original payment,0.0
904354,700473,2024-03-02,Duplicate Order,requested,Store Credit,0.0
904355,718243,2024-05-26,size issue,Rejected,Bank Transfer,1475.57
904356,706698,2024-01-14,,,original payment,13012.73
904357,717687,2024-08-04,damaged,Approved,Original Payment,204.01
904358,717892,2024-06-13,Size Issue,,UPI,41759.97
904359,714589,2024-01-23,damaged,requested,UPI,486.25
904360,703834,2024-12-04,size issue,Approved,original payment,2824.62
904361,705505,2024-12-23,size issue,Rejected,Store Credit,1566.67
904362,705773,2024-07-30,Duplicate Order,Rejected,Original Payment,1805.01
904363,703460,2025-05-16,Late Delivery,Requested,Bank Transfer,4050.89
904364,719051,2024-12-14,Duplicate Order,requested,original payment,3396.09
904365,715366,2024-03-02,damaged,Requested,Bank Transfer,803.08
904366,700953,2024-03-22,damaged,Requested,Store Credit,1759.4
904367,705329,2025-11-16,Duplicate Order,Rejected,Store Credit,1880.43
904368,709873,2024-09-09,Not as Expected,Completed,Store Credit,13891.27
904369,708921,2024-08-31,Quality Issue,requested,Bank Transfer,8594.38
904370,718408,2025-02-04,Late Delivery,,original payment,3590.32
904371,709033,2025-01-05,damaged,Approved,Original Payment,27301.21
904372,718028,2025-09-06,Late Delivery,Requested,Original Payment,1363.59
904373,706428,2025-12-02,size issue,Approved,UPI,2714.44
904374,702664,2025-09-02,size issue,requested,,1795.48
904375,705310,2024-08-13,Changed Mind,,Original Payment,777.32
904376,712985,2025-03-24,Size Issue,requested,UPI,25649.01
904377,701159,2025-06-20,Quality Issue,Requested,Original Payment,0.0
904378,705401,2024-02-18,size issue,Approved,original payment,2723.73
904379,704881,2024-05-01,Duplicate Order,Rejected,Original Payment,1655.43
904380,710204,2025-12-23,Damaged,,,6247.1
904381,713530,2025-11-09,Wrong Item,requested,Original Payment,2783.84
904382,703695,2024-03-28,damaged,Approved,UPI,1902.36
904383,703127,2024-08-28,damaged,Completed,Bank Transfer,13739.18
904384,706569,2026-01-08,Duplicate Order,Rejected,original payment,9072.38
904385,700159,2024-09-01,Wrong Item,Completed,original payment,807.9
904386,703275,2026-01-09,Quality Issue,requested,Original Payment,1713.44
904387,711286,2024-04-04,Damaged,Requested,original payment,2517.02
904388,719311,2024-05-04,Wrong Item,,,1851.11
904389,703303,2025-06-08,size issue,Completed,Original Payment,20582.71
904390,719724,2024-10-06,Size Issue,Rejected,Original Payment,2245.25
904391,706363,2025-06-15,Changed Mind,Approved,original payment,1239.34
904392,715349,2024-08-01,Late Delivery,approved,original payment,3940.97
904393,715141,2025-02-20,damaged,Requested,UPI,5553.62
904394,713331,2025-04-05,Quality Issue,requested,Original Payment,1227.56
904395,718032,2024-10-25,damaged,Approved,UPI,388.8
904396,718084,2024-05-19,Duplicate Order,requested,,5941.3
904397,702856,2024-12-22,Duplicate Order,Approved,original payment,211.03
904398,705112,2026-01-07,size issue,approved,Bank Transfer,4894.28
904399,705681,2026-01-07,Damaged,,Store Credit,1251.62
904400,712865,2025-11-11,Not as Expected,Rejected,Bank Transfer,35164.26
904401,701883,2025-04-15,Duplicate Order,,Bank Transfer,3744.27
904402,705284,2024-11-22,Changed Mind,Rejected,,8801.31
904403,707927,2024-04-03,Not as Expected,Approved,Store Credit,1566.62
904404,711055,2025-06-17,size issue,Rejected,Store Credit,843.34
904405,719373,2024-11-02,Late Delivery,Approved,,2935.69
904406,717076,2025-07-01,damaged,Requested,UPI,702.31
904407,716172,2025-07-14,,approved,Bank Transfer,727.95
904408,706282,2024-08-11,Size Issue,,Bank Transfer,3637.26
904409,701835,2025-08-08,Changed Mind,Requested,Original Payment,696.22
904410,707497,2024-06-12,damaged,Approved,Original Payment,3394105.54
904411,719214,2025-12-04,Quality Issue,,original payment,9864.99
904412,708785,2025-02-12,Damaged,Rejected,Original Payment,4212.28
904413,701881,2024-12-21,Changed Mind,requested,UPI,7002.52
904414,708262,2024-09-15,Quality Issue,approved,Bank Transfer,9231.78
904415,701521,2024-04-30,damaged,,UPI,8101.32
904416,702951,2024-04-14,Wrong Item,,Bank Transfer,2732.04
904417,715999,2024-07-30,,Completed,,2677.06
904418,717594,2024-04-11,Late Delivery,Completed,UPI,1610.9
904419,702414,2024-02-11,,approved,original payment,1177.11
904420,703302,2025-10-22,Damaged,,Bank Transfer,6082.77
904421,717477,2024-10-31,Size Issue,approved,UPI,5826.23
904422,708283,2024-10-02,Quality Issue,Completed,Store Credit,3199.01
904423,710852,2024-11-04,Wrong Item,Requested,original payment,1289.6
904424,707072,2025-10-08,Duplicate Order,requested,,48704.87
904425,701466,2025-03-05,Changed Mind,,Bank Transfer,3590.82
904426,713555,2024-11-25,Changed Mind,Completed,Original Payment,4302.01
904427,710264,2024-08-30,Damaged,approved,Bank Transfer,3919.15
904428,708522,2025-01-16,Size Issue,requested,original payment,7932.69
904429,713876,2024-03-05,Size Issue,requested,Original Payment,20434.6
904430,719124,2025-10-21,damaged,requested,original payment,2123.9
904431,712614,2024-02-03,Damaged,Completed,Bank Transfer,3662.36
904432,707024,2024-08-03,Not as Expected,Rejected,Store Credit,7434.32
904433,703402,2025-10-13,damaged,,Original Payment,2667.83
904434,701338,2025-04-22,damaged,Approved,Bank Transfer,3988.75
904435,713695,2025-02-26,Damaged,Rejected,Original Payment,496.13
904436,716709,2026-01-12,Duplicate Order,approved,Original Payment,3074.62
904437,700796,2024-11-29,Quality Issue,Requested,UPI,3202.5
904438,704179,2024-04-22,size issue,Rejected,Store Credit,6033.5
904439,704190,2024-07-30,,requested,Store Credit,1990.89
904440,710981,2024-04-25,Not as Expected,Approved,,13716.57
904441,701749,2024-11-14,Not as Expected,approved,Bank Transfer,12324.71
904442,714264,2024-11-01,size issue,,Original Payment,1313.12
904443,702749,2024-10-19,Size Issue,Approved,Store Credit,1549.68
904444,707519,2024-02-23,size issue,approved,Bank Transfer,360.32
904445,701641,2024-07-03,,Rejected,Bank Transfer,309.94
904446,702304,2024-08-18,Quality Issue,Rejected,,584.61
904447,709242,2024-05-24,Quality Issue,requested,Store Credit,5763.27
904448,700114,2024-10-18,Size Issue,Requested,Store Credit,2315.2
904449,707518,2024-12-18,Size Issue,Rejected,Original Payment,11002.68
904450,708350,2025-12-12,damaged,,UPI,3749.64
904451,702022,2024-08-03,Not as Expected,Approved,UPI,24008.15
904452,711031,2025-06-27,,approved,original payment,2000.5
904453,706816,2024-10-17,Duplicate Order,Rejected,,12823.55
904454,714801,2025-03-26,damaged,Approved,original payment,2049.49
904455,714167,2024-02-07,,Completed,,1550.43
904456,704184,2024-05-24,size issue,approved,Store Credit,19591.68
904457,717587,2024-09-06,Not as Expected,Approved,UPI,350.66
904458,716569,2024-06-07,Quality Issue,approved,Original Payment,422.79
904459,719826,2024-06-14,Changed Mind,Rejected,,6584.18
904460,709724,2025-09-20,Size Issue,Rejected,Bank Transfer,488.36
904461,718406,2024-05-27,Size Issue,approved,original payment,1374.7
904462,718766,2024-08-12,Changed Mind,approved,,3612.8
904463,706249,2024-05-01,damaged,approved,original payment,1354.08
904464,711731,2024-09-17,size issue,Completed,,5477.68
904465,718095,2025-01-16,Damaged,Rejected,Bank Transfer,6433.99
904466,704835,2025-11-21,,Approved,,1391.21
904467,700615,2024-11-27,Size Issue,requested,UPI,18784.36
904468,710357,2025-07-15,Size Issue,,Bank Transfer,23444.02
904469,700912,2024-12-25,size issue,approved,Bank Transfer,895.97
904470,707644,2025-06-27,Quality Issue,Approved,Original Payment,1031.29
904471,714024,2026-01-15,Late Delivery,Completed,original payment,6667.92
904472,713213,2025-09-20,Damaged,Rejected,Bank Transfer,1924.8
904473,714179,2024-06-24,Duplicate Order,approved,original payment,518.14
904474,715696,2026-01-07,size issue,Rejected,UPI,1752.19
904475,719413,2025-11-22,Wrong Item,requested,Original Payment,3854.89
904476,703252,2024-06-06,Damaged,Approved,original payment,2681.34
904477,708452,2024-05-02,Size Issue,,,14131.67
904478,714158,2025-12-31,Size Issue,Rejected,UPI,946.94
904479,708720,2025-04-21,Size Issue,requested,UPI,34961.97
904480,709802,2024-08-13,Wrong Item,approved,Original Payment,7159.6
904481,715491,2025-04-14,Not as Expected,Completed,Bank Transfer,17412.65
904482,703345,2024-10-28,Not as Expected,Rejected,UPI,4114.0
904483,714314,2026-01-04,Late Delivery,Completed,original payment,3941.04
904484,704971,2025-03-02,Damaged,Approved,Store Credit,6713.07
904485,716351,2024-03-14,Changed Mind,approved,Original Payment,0.0
904486,704051,2025-07-25,size issue,,original payment,1979.68
904487,710124,2024-11-24,Duplicate Order,,Bank Transfer,4173.1
904488,716113,2024-03-16,damaged,Rejected,,944.85
904489,710005,2025-11-27,,approved,original payment,2949.81
904490,706369,2025-09-29,Wrong Item,Approved,original payment,1114.65
904491,716728,2024-12-09,size issue,approved,Original Payment,2916.47
904492,701961,2024-09-17,Not as Expected,Completed,Store Credit,560.56
904493,709706,2024-05-30,size issue,approved,Original Payment,2114.43
904494,714327,2024-07-23,Not as Expected,Completed,UPI,10104.12
904495,713204,2024-11-07,Late Delivery,Rejected,UPI,390.18
904496,707079,2025-04-20,Not as Expected,Requested,original payment,769.52
904497,719570,2025-01-20,Quality Issue,Approved,Original Payment,200.1
904498,717649,2024-04-07,,requested,Original Payment,3045.1
904499,701257,2024-04-15,Wrong Item,Completed,original payment,4735.85
904500,706759,2025-12-11,Quality Issue,approved,UPI,3744.55
904501,707223,2025-05-28,Wrong Item,Completed,Original Payment,1740.15
904502,709220,2024-09-27,Changed Mind,,Original Payment,2582.93
904503,708503,2024-05-18,Changed Mind,,Bank Transfer,610.5
904504,718082,2024-03-26,,requested,original payment,4411.54
904505,713149,2025-05-26,Not as Expected,Approved,original payment,3016.84
904506,701866,2025-10-15,Changed Mind,Rejected,Bank Transfer,999999.0
904507,707856,2025-10-08,Late Delivery,Completed,UPI,440.39
904508,710799,2024-09-18,Damaged,Rejected,Original Payment,1764.86
904509,702056,2025-11-15,size issue,Rejected,UPI,1203.75
904510,715921,2024-08-10,,,Store Credit,5331.44
904511,713543,2025-03-29,,Approved,Store Credit,5197.35
904512,701376,2024-02-27,Late Delivery,,Store Credit,15663.72
904513,703053,2024-12-07,Duplicate Order,approved,Bank Transfer,1127.4
904514,716639,2025-09-20,size issue,Approved,UPI,1215.95
904515,706859,2025-12-28,Size Issue,approved,UPI,6041.59
904516,711256,2025-11-17,,,Store Credit,15620.14
904517,709216,2025-01-08,Changed Mind,requested,original payment,141.48
904518,704445,2025-10-27,damaged,Approved,,4484.84
904519,719248,2024-07-30,Damaged,,Original Payment,8709.2
904520,705787,2024-12-14,Changed Mind,Approved,original payment,2503.21
904521,717273,2025-12-09,Wrong Item,requested,,10653.93
904522,711247,2024-12-25,Late Delivery,,UPI,3709915.97
904523,713422,2025-10-17,Not as Expected,Requested,original payment,1618.0
904524,705464,2024-12-14,damaged,Rejected,,0.0
904525,706328,2025-01-05,Not as Expected,Requested,Original Payment,14079.72
904526,719915,2025-02-01,Late Delivery,Rejected,Original Payment,2242.38
904527,701020,2025-08-12,Late Delivery,requested,original payment,7991.72
904528,703450,2024-11-07,Damaged,approved,UPI,9143.43
904529,704639,2025-02-02,Not as Expected,,Original Payment,5641.21
904530,719066,2025-05-19,Late Delivery,Approved,Store Credit,2834.69
904531,703034,2025-05-15,Damaged,Completed,Original Payment,3113111.33
904532,708476,2024-03-08,damaged,Approved,original payment,1496.11
904533,713674,2025-05-14,Damaged,Rejected,UPI,5109.76
904534,702839,2024-04-09,Duplicate Order,requested,Original Payment,13918.37
904535,706464,2024-11-20,Late Delivery,,Original Payment,17479.26
904536,704213,2025-05-14,size issue,Requested,original payment,32878.0
904537,719817,2024-06-18,,approved,,4577.3
904538,719559,2025-07-14,damaged,Approved,Store Credit,5055.78
904539,709597,2024-03-28,Wrong Item,approved,Bank Transfer,3335.97
904540,702885,2025-12-05,,requested,UPI,2959.27
904541,718790,2025-04-30,Changed Mind,Rejected,Original Payment,2365.5
904542,707767,2024-07-09,Changed Mind,Rejected,Original Payment,2616.8
904543,717588,2024-02-08,Quality Issue,Completed,original payment,7042.6
904544,716258,2025-09-07,Quality Issue,Rejected,Bank Transfer,0.0
904545,710250,2024-08-11,damaged,Completed,,11050.1
904546,704955,2024-06-10,damaged,Approved,original payment,1446.44
904547,704510,2024-06-10,Not as Expected,,UPI,12126.41
904548,712700,2024-09-10,Damaged,Requested,,3285.24
904549,704629,2024-08-28,Damaged,requested,original payment,1500.92
904550,706564,2024-11-21,Changed Mind,Rejected,Original Payment,2534.77
904551,716112,2024-11-18,Not as Expected,Rejected,UPI,3954.26
904552,709996,2025-09-19,Quality Issue,Approved,Bank Transfer,4382.61
904553,708602,2024-03-02,Late Delivery,,Original Payment,2567.17
904554,702774,2025-06-09,Wrong Item,,Bank Transfer,26662.5
904555,706231,2024-02-15,Changed Mind,Requested,Store Credit,3683.07
904556,708825,2025-04-02,Size Issue,requested,,9880.37
904557,711195,2025-09-16,Changed Mind,approved,Store Credit,736.88
904558,718604,2024-08-29,Damaged,requested,original payment,1876.11
904559,719500,2025-03-28,Damaged,Rejected,UPI,494.82
904560,701858,2024-03-21,Size Issue,Completed,,5804.84
904561,710654,2024-08-20,size issue,requested,Bank Transfer,5219.17
904562,717238,2025-09-05,,Completed,Store Credit,1821.04
904563,719969,2025-10-26,size issue,approved,UPI,2054.55
904564,705677,2024-12-04,damaged,Rejected,,6314.67
904565,707105,2024-11-08,Late Delivery,approved,Original Payment,4223.5
904566,716541,2025-12-20,Quality Issue,,UPI,3701.28
904567,701593,2025-11-06,Damaged,Rejected,Bank Transfer,2655.24
904568,718036,2024-09-02,damaged,Requested,original payment,6809.44
904569,702794,2025-09-14,Quality Issue,Completed,,11464.62
904570,700640,2024-11-21,Changed Mind,Requested,Bank Transfer,2211.06
904571,711476,2025-01-09,Changed Mind,Approved,Original Payment,1340.6
904572,710889,2024-12-24,Quality Issue,Requested,Bank Transfer,3127.98
904573,703512,2025-03-05,Damaged,,UPI,1249.41
904574,708775,2025-11-01,Quality Issue,Approved,,1701.33
904575,706029,2024-04-27,Late Delivery,Rejected,UPI,23492.6
904576,716700,2024-12-21,damaged,requested,Original Payment,2715.52
904577,717492,2024-09-26,Damaged,Approved,Original Payment,999999.0
904578,707728,2025-01-21,damaged,approved,Bank Transfer,5541.78
904579,718240,2025-11-04,Size Issue,Rejected,,32756.12
904580,702593,2025-03-17,Duplicate Order,Requested,,3471.75
904581,700704,2024-06-05,size issue,approved,Original Payment,6820.73
904582,710635,2025-09-19,size issue,,Store Credit,4286.84
904583,712103,2024-09-26,Late Delivery,requested,,2226.98
904584,718483,2024-02-20,Duplicate Order,Approved,UPI,1734.95
904585,708911,2024-05-17,damaged,Rejected,Store Credit,2191.49
904586,716461,2025-07-18,size issue,requested,,11411.22
904587,712172,2024-01-28,Wrong Item,Rejected,UPI,276.17
904588,709678,2025-07-12,Changed Mind,approved,Bank Transfer,3008.37
904589,704257,2025-12-28,Quality Issue,approved,Bank Transfer,4531.06
904590,704722,2024-01-31,Size Issue,Requested,UPI,13911.25
904591,707342,2025-04-18,damaged,Approved,Store Credit,2047.49
904592,703507,2024-03-10,Damaged,,Bank Transfer,20060.57
904593,701417,2024-07-30,Damaged,Requested,Store Credit,2753.04
904594,713381,2025-07-17,Damaged,,original payment,1003.09
904595,711030,2024-08-28,Late Delivery,approved,,18490.42
904596,703327,2024-09-22,damaged,requested,Original Payment,3387.43
904597,719778,2024-09-23,Wrong Item,requested,,1261.05
904598,718280,2024-07-05,Size Issue,Requested,Bank Transfer,0.0
904599,716340,2025-02-28,Size Issue,Rejected,Original Payment,5108.37
904600,716377,2024-10-17,,approved,Original Payment,9514.91
904601,712749,2024-12-04,damaged,Completed,Original Payment,3146.82
904602,700637,2025-08-16,size issue,Requested,UPI,1763.71
904603,701349,2025-08-08,Wrong Item,Completed,UPI,2897.13
904604,702764,2024-05-26,,requested,original payment,15424.58
904605,702970,2025-10-19,Changed Mind,Rejected,Store Credit,5812.57
904606,711529,2025-01-07,damaged,Completed,original payment,5210.83
904607,704408,2024-05-28,Changed Mind,Requested,Store Credit,13938.52
904608,705502,2024-02-07,size issue,Rejected,UPI,4347.77
904609,718218,2024-09-06,Changed Mind,Approved,Bank Transfer,5629.27
904610,719271,2024-01-08,damaged,Requested,original payment,3726.34
904611,703123,2025-08-21,size issue,Requested,Bank Transfer,2388.46
904612,705275,2024-09-02,Late Delivery,Completed,Store Credit,9343.77
904613,708552,2025-09-14,Duplicate Order,Approved,,4709.93
904614,704263,2024-07-17,Damaged,Completed,Original Payment,8999.79
904615,716622,2024-05-11,,Completed,Store Credit,1310.65
904616,710854,2024-04-12,Duplicate Order,approved,Bank Transfer,9168.5
904617,700140,2025-01-25,damaged,approved,,1524.36
904618,717311,2025-04-14,Size Issue,Rejected,Store Credit,2267.11
904619,707963,2024-02-07,Duplicate Order,Completed,UPI,3785.06
904620,717164,2024-03-25,Duplicate Order,Rejected,UPI,3411.68
904621,714700,2024-05-06,Size Issue,Approved,Original Payment,324.17
904622,708093,2024-06-20,Duplicate Order,Approved,Bank Transfer,925.55
904623,716983,2025-04-20,size issue,,Original Payment,4724.57
904624,717775,2024-03-01,Size Issue,Requested,UPI,993.72
904625,703092,2025-11-15,size issue,Requested,Original Payment,2503.59
904626,710864,2025-02-01,Changed Mind,Approved,Store Credit,4086.17
904627,714719,2024-07-16,Damaged,Requested,original payment,6632.68
904628,713241,2024-09-18,Duplicate Order,Rejected,Store Credit,0.0
904629,710933,2025-07-26,Wrong Item,requested,Store Credit,0.0
904630,712922,2024-03-27,damaged,,Original Payment,2736.03
904631,708081,2024-06-18,size issue,Completed,Original Payment,3413.54
904632,713194,2025-10-16,Size Issue,approved,Bank Transfer,5144.18
904633,705060,2025-07-24,Damaged,Approved,UPI,2105.12
904634,715692,2025-08-27,Size Issue,Requested,Original Payment,8884.42
904635,717767,2025-08-22,Not as Expected,Requested,UPI,4588.0
904636,706669,2025-05-28,Not as Expected,Requested,Bank Transfer,2631.56
904637,713281,2025-05-10,Size Issue,Rejected,UPI,1443.29
904638,719048,2025-10-19,Wrong Item,requested,Store Credit,27238.85
904639,711310,2025-01-14,Not as Expected,Completed,UPI,3661.45
904640,707380,2025-09-12,Wrong Item,requested,Bank Transfer,8417.68
904641,711483,2025-09-29,Changed Mind,Rejected,Store Credit,9365.27
904642,712713,2024-07-16,Changed Mind,Rejected,,1140.32
904643,715820,2024-08-23,Quality Issue,approved,UPI,3085.27
904644,709511,2025-10-18,Not as Expected,approved,UPI,925.02
904645,711957,2024-07-31,Duplicate Order,Rejected,Original Payment,2508.96
904646,701510,2025-05-17,Quality Issue,requested,Bank Transfer,18038.94
904647,710174,2025-04-03,Wrong Item,Rejected,Store Credit,25048.78
904648,714345,2025-06-29,Duplicate Order,Rejected,original payment,3561.47
904649,713342,2025-06-13,Changed Mind,Rejected,Bank Transfer,1420.79
904650,718582,2025-01-26,damaged,Completed,Original Payment,4673.24
904651,718960,2024-03-15,Not as Expected,requested,Original Payment,8697.54
904652,714513,2025-07-16,Duplicate Order,requested,,1375.79
904653,706148,2025-11-30,Duplicate Order,Completed,UPI,8214.57
904654,711872,2025-03-09,Quality Issue,Completed,UPI,1459.82
904655,719824,2025-12-22,Late Delivery,requested,Store Credit,3491.82
904656,703073,2024-09-08,Late Delivery,Requested,UPI,470.22
904657,711094,2025-05-18,Quality Issue,Rejected,Original Payment,861.39
904658,714596,2025-07-09,Changed Mind,approved,Bank Transfer,4051.99
904659,701504,2024-06-11,Duplicate Order,Completed,UPI,1161.25
904660,703282,2024-06-01,Size Issue,Rejected,Original Payment,-500.0
904661,709284,2025-04-08,Quality Issue,requested,UPI,2320.17
904662,701529,2025-06-24,size issue,requested,Store Credit,10419.01
904663,715012,2024-03-25,damaged,Approved,Original Payment,1385.89
904664,716850,2024-01-28,Wrong Item,requested,Bank Transfer,3380.7
904665,718112,2025-06-27,Size Issue,Completed,Bank Transfer,3552.53
904666,704487,2024-09-14,Wrong Item,requested,original payment,4211.77
904667,718560,2024-12-24,size issue,,original payment,2865.31
904668,718890,2025-01-03,Wrong Item,Requested,Original Payment,1533.6
904669,717578,2024-01-26,Changed Mind,approved,Original Payment,8676.42
904670,706700,2024-06-21,Changed Mind,Completed,,7993.34
904671,703928,2025-07-01,,,Original Payment,4964.39
904672,717027,2025-04-09,Changed Mind,Approved,,654.5
904673,705372,2024-04-06,Changed Mind,,,4867.49
904674,712762,2025-03-25,Size Issue,Rejected,,764.69
904675,716236,2025-12-12,Duplicate Order,Approved,Original Payment,919.29
904676,704874,2024-06-10,Not as Expected,Rejected,,11748.94
904677,710379,2025-07-08,Late Delivery,,Store Credit,1634.95
904678,706563,2025-05-21,Damaged,approved,original payment,842.13
904679,707078,2025-01-09,Damaged,Rejected,original payment,12685.85
904680,710394,2024-06-11,Size Issue,,original payment,3291.6
904681,701991,2025-12-19,Late Delivery,approved,Bank Transfer,4976.27
904682,711681,2024-02-04,Wrong Item,Completed,Original Payment,4487.68
904683,700192,2025-04-11,Duplicate Order,,UPI,8734.97
904684,703734,2025-12-28,Size Issue,Approved,Original Payment,6038.12
904685,719799,2025-01-21,Late Delivery,Requested,Store Credit,1641.18
904686,706556,2025-01-03,damaged,Rejected,Original Payment,1158.51
904687,714448,2025-12-29,size issue,Completed,,22408.33
904688,706524,2024-03-24,Wrong Item,Approved,Original Payment,9804.22
904689,708389,2025-02-07,damaged,approved,Store Credit,3833.51
904690,713634,2024-03-21,Quality Issue,requested,UPI,3313.98
904691,717944,2025-04-17,Damaged,,UPI,2762.82
904692,704328,2024-07-05,Late Delivery,Rejected,UPI,1911.7
904693,712519,2024-08-17,Wrong Item,requested,UPI,11099.92
904694,700731,2025-10-22,Wrong Item,Approved,UPI,6341.55
904695,716520,2025-01-26,Changed Mind,Rejected,Bank Transfer,4787.2
904696,712866,2025-02-19,Wrong Item,Requested,Bank Transfer,4286.29
904697,709835,2025-07-06,Damaged,Rejected,Store Credit,4237.31
904698,719678,2025-03-19,Not as Expected,Completed,original payment,2038.89
904699,714095,2025-08-21,Changed Mind,Rejected,UPI,15555.96
904700,711944,2025-04-23,,,original payment,4612.07
904701,709826,2025-10-02,Quality Issue,Rejected,,13141.49
904702,711443,2025-05-11,,Rejected,Bank Transfer,312.12
904703,707143,2025-02-04,,,Store Credit,1190.85
904704,705593,2025-05-27,Wrong Item,approved,original payment,1616.33
904705,715869,2025-10-15,size issue,Approved,Bank Transfer,2453.05
904706,705566,2024-10-30,Not as Expected,Rejected,Store Credit,4615.77
904707,703152,2025-09-01,Late Delivery,requested,Bank Transfer,961.96
904708,715251,2024-01-29,Quality Issue,approved,original payment,1118.26
904709,708604,2025-08-07,Quality Issue,approved,UPI,42116.0
904710,714132,2024-09-19,,Completed,Store Credit,1030.38
904711,719302,2025-11-03,Damaged,Completed,Original Payment,7730.32
904712,702020,2025-06-30,Size Issue,approved,UPI,1147.98
904713,713686,2024-12-25,Quality Issue,Requested,,3878.99
904714,703228,2024-08-22,size issue,Requested,Bank Transfer,2480.14
904715,719600,2025-10-06,Wrong Item,requested,Original Payment,7201.36
904716,715226,2025-12-26,damaged,Requested,Bank Transfer,1428.15
904717,703181,2025-08-12,Changed Mind,Requested,original payment,8696.76
904718,714164,2025-02-20,Size Issue,,Store Credit,3443.18
904719,719148,2025-07-27,Late Delivery,Approved,,2678.4
904720,708306,2024-09-10,Wrong Item,Completed,UPI,866.06
904721,710962,2024-02-24,Duplicate Order,requested,Original Payment,1974.39
904722,703107,2024-02-27,Quality Issue,Completed,,1114.84
904723,718101,2024-03-20,Late Delivery,approved,UPI,1227.27
904724,705675,2024-07-29,Not as Expected,requested,,14352.15
904725,700296,2024-08-24,Not as Expected,Approved,Bank Transfer,0.0
904726,717713,2024-03-02,Size Issue,Completed,,1286.28
904727,703894,2025-04-04,Duplicate Order,,original payment,3483.68
904728,702903,2025-05-10,damaged,Requested,UPI,1022.8
904729,707574,2024-11-05,Changed Mind,Approved,Store Credit,2821.25
904730,713520,2025-03-27,Duplicate Order,Approved,,0.0
904731,713003,2024-05-18,Quality Issue,approved,original payment,2018.27
904732,719916,2025-08-03,Wrong Item,Rejected,,38297.38
904733,717124,2024-04-27,Changed Mind,approved,,939.1
904734,713094,2024-06-03,Wrong Item,Completed,original payment,3302.57
904735,714843,2024-02-17,damaged,,Original Payment,4137.25
904736,706062,2024-10-16,,approved,UPI,4459.36
904737,701748,2024-07-25,,Rejected,Bank Transfer,2115.18
904738,701460,2025-05-24,Not as Expected,Requested,Store Credit,1849.09
904739,703534,2025-02-16,damaged,,,2027.47
904740,717530,2024-04-10,Wrong Item,Requested,,648.04
904741,709718,2025-04-21,size issue,Rejected,original payment,4437.34
904742,707865,2024-09-29,Damaged,Rejected,UPI,966.23
904743,707679,2025-01-01,,Approved,Store Credit,10012.51
904744,704322,2024-08-09,Changed Mind,Rejected,Bank Transfer,1230.32
904745,715353,2024-08-08,Quality Issue,Completed,UPI,8619.88
904746,701248,2025-05-29,Size Issue,approved,UPI,7512.15
904747,707633,2024-03-19,Changed Mind,Approved,Original Payment,9923.47
904748,711880,2025-10-20,damaged,requested,,4841.97
904749,716986,2024-12-04,Not as Expected,approved,Store Credit,3780.24
904750,706762,2025-12-05,damaged,Rejected,Original Payment,221877.09
904751,712192,2025-10-22,Changed Mind,Approved,original payment,3784.76
904752,711986,2024-10-08,Size Issue,Requested,UPI,11057.88
904753,705249,2024-10-09,Damaged,Completed,,5775.72
904754,718278,2024-04-04,Duplicate Order,Rejected,Bank Transfer,1899.63
904755,701063,2024-02-11,Size Issue,approved,,2951.84
904756,701717,2024-07-02,Duplicate Order,Completed,UPI,2010.92
904757,712246,2024-12-19,Late Delivery,Requested,UPI,3329.23
904758,701261,2025-07-09,Not as Expected,Requested,original payment,1181.29
904759,713097,2024-10-17,size issue,requested,,5268.74
904760,716261,2024-02-24,Not as Expected,approved,Store Credit,8830.81
904761,718342,2024-08-10,damaged,Rejected,UPI,6568.21
904762,711295,2025-09-11,Late Delivery,requested,,3174.21
904763,703664,2024-05-30,Quality Issue,Rejected,,9567.69
904764,711903,2025-07-15,Wrong Item,,Bank Transfer,2318.08
904765,711951,2024-12-11,Duplicate Order,approved,original payment,1674.72
904766,700681,2025-04-30,Changed Mind,approved,original payment,16939.31
904767,716074,2024-01-08,Wrong Item,Approved,,3379.4
904768,712093,2025-08-25,Wrong Item,Rejected,Bank Transfer,7353.9
904769,716374,2024-12-15,Quality Issue,Approved,Bank Transfer,1565.52
904770,709660,2025-01-05,,Requested,,3340.28
904771,705258,2024-02-07,Changed Mind,Completed,UPI,3744.36
904772,710160,2024-02-19,Quality Issue,requested,Store Credit,11982.33
904773,710949,2024-08-16,Changed Mind,,original payment,3500.29
904774,701936,2024-02-06,Duplicate Order,,Bank Transfer,5237.39
904775,712838,2025-05-18,,Requested,Store Credit,3823.4
904776,715741,2025-07-17,Quality Issue,Completed,Original Payment,1555.07
904777,704472,2025-01-19,Quality Issue,approved,,1125.16
904778,705630,2025-08-17,Duplicate Order,Requested,UPI,27936.31
904779,712404,2024-04-05,Late Delivery,Rejected,Store Credit,9209.81
904780,714735,2025-04-05,Changed Mind,Approved,Original Payment,2435.45
904781,707979,2024-03-23,Size Issue,Rejected,UPI,2987.48
904782,701040,2024-02-21,Changed Mind,approved,Bank Transfer,17009.22
904783,701894,2024-08-06,Wrong Item,Approved,Bank Transfer,10162.86
904784,707259,2025-07-14,Changed Mind,,UPI,14701.53
904785,706748,2025-04-29,Changed Mind,Completed,,5984.95
904786,700945,2024-08-29,Quality Issue,approved,Original Payment,3090.72
904787,700073,2025-06-16,,Rejected,UPI,5303.37
904788,714709,2025-01-04,Duplicate Order,Completed,Original Payment,5455.49
904789,709046,2024-06-22,Late Delivery,Rejected,UPI,2747.38
904790,718909,2024-11-05,,requested,UPI,5218.86
904791,711901,2025-11-29,Late Delivery,requested,UPI,6551.36
904792,715330,2025-03-23,Wrong Item,Completed,,1891.92
904793,717647,2025-07-27,Wrong Item,Rejected,Original Payment,2307.83
904794,709872,2024-02-16,Late Delivery,approved,Original Payment,1209.12
904795,714380,2025-02-04,Size Issue,Completed,Store Credit,7673.18
904796,719054,2025-09-28,Changed Mind,Requested,Original Payment,36044.99
904797,717014,2024-11-08,Wrong Item,,UPI,6647.12
904798,709393,2025-11-05,,approved,,11045.88
904799,716769,2024-05-25,Wrong Item,Rejected,Bank Transfer,1307.8
904800,701292,2024-04-01,Wrong Item,,Bank Transfer,4708.64
904801,713430,2025-10-03,size issue,requested,original payment,290.53
904802,710558,2024-08-27,,,Bank Transfer,6909.77
904803,701365,2025-06-27,damaged,approved,Original Payment,3058.5
904804,717628,2024-04-07,Late Delivery,Rejected,Bank Transfer,900.15
904805,709598,2024-08-29,size issue,requested,Bank Transfer,5454.09
904806,716047,2025-12-24,Duplicate Order,requested,Original Payment,2952.5
904807,708590,2025-08-21,Quality Issue,Approved,original payment,3515.12
904808,710714,2024-04-26,Changed Mind,Approved,original payment,2717.63
904809,710537,2024-06-20,,Rejected,Store Credit,1610.94
904810,712137,2024-08-08,Duplicate Order,Rejected,,4507.89
904811,704688,2025-11-07,Changed Mind,requested,Bank Transfer,2836.34
904812,714651,2025-10-20,Size Issue,Rejected,,911.27
904813,703042,2025-12-31,Size Issue,Approved,Store Credit,7036.58
904814,700017,2025-03-11,Wrong Item,Requested,original payment,1328.87
904815,712270,2025-03-09,Duplicate Order,Completed,Store Credit,1239.62
904816,712918,2024-10-21,Size Issue,Approved,Store Credit,7800.51
904817,715445,2025-01-04,Not as Expected,Rejected,original payment,3263.99
904818,711249,2025-09-27,,Requested,Store Credit,6988.9
904819,713295,2025-06-10,Wrong Item,,,1282.68
904820,709797,2025-03-26,Not as Expected,Approved,Store Credit,411.75
904821,718356,2024-03-09,damaged,Approved,Store Credit,1514.96
904822,704950,2024-01-25,size issue,,UPI,5050.7
904823,717459,2024-10-31,size issue,Rejected,,11176.97
904824,706404,2025-12-01,Quality Issue,approved,Store Credit,2709047.64
904825,717603,2025-07-07,,,Bank Transfer,4241.92
904826,716946,2024-06-22,,Requested,Store Credit,5259.35
904827,706384,2025-09-02,Late Delivery,requested,Store Credit,3311.8
904828,713952,2025-08-09,Late Delivery,Completed,Store Credit,8062.29
904829,713677,2024-05-27,Size Issue,Requested,UPI,4302.66
904830,701513,2025-06-11,Wrong Item,requested,UPI,21164.25
904831,717483,2024-03-24,Late Delivery,Approved,Original Payment,327.55
904832,714781,2025-01-20,Size Issue,,Bank Transfer,7903.92
904833,716302,2025-07-06,Duplicate Order,,original payment,8592.77
904834,717783,2025-03-28,,Rejected,Store Credit,9483.01
904835,708575,2024-01-24,Size Issue,approved,Bank Transfer,3314.01
904836,700205,2025-08-23,,approved,original payment,9172.62
904837,706875,2025-11-03,Quality Issue,Approved,original payment,196.3
904838,702703,2024-08-26,Changed Mind,,Store Credit,5473.09
904839,705887,2025-09-23,size issue,Completed,original payment,2095.64
904840,702213,2024-08-06,Wrong Item,requested,original payment,565.97
904841,706327,2025-01-04,,approved,Original Payment,3199.78
904842,717744,2025-07-16,damaged,requested,Original Payment,2409.77
904843,710161,2025-08-12,Damaged,,,3155.3
904844,707226,2026-01-20,Wrong Item,approved,Original Payment,3957.73
904845,707363,2026-01-10,Late Delivery,Completed,Store Credit,4432.51
904846,705693,2025-10-05,Wrong Item,,Store Credit,1966.68
904847,703325,2025-08-08,damaged,Requested,UPI,2542.09
904848,707012,2024-10-22,Not as Expected,Completed,original payment,3349.75
904849,708155,2026-01-01,Late Delivery,,Store Credit,881.88
904850,701412,2025-01-07,Late Delivery,approved,original payment,943.76
904851,719537,2025-11-02,Late Delivery,,original payment,2229.45
904852,710715,2025-12-02,Duplicate Order,approved,Store Credit,3789.84
904853,703586,2025-03-16,Wrong Item,Rejected,Original Payment,812.59
904854,709438,2024-11-14,,Rejected,Bank Transfer,12020.19
904855,700038,2025-03-27,Quality Issue,Approved,original payment,7476.0
904856,713885,2025-07-19,Damaged,Rejected,UPI,7073.96
904857,702596,2024-06-11,Size Issue,approved,Original Payment,3990.52
904858,713476,2025-08-04,Not as Expected,Requested,UPI,4593.59
904859,715826,2025-11-16,Not as Expected,Completed,Original Payment,4966.78
904860,716190,2025-07-16,Damaged,requested,,320.24
904861,713666,2024-05-26,Duplicate Order,Approved,original payment,386.88
904862,700730,2024-09-03,Duplicate Order,Completed,Bank Transfer,12776.22
904863,716153,2025-12-12,Changed Mind,Rejected,Original Payment,7574.35
904864,713412,2025-04-10,,,,1215.06
904865,712919,2025-08-06,Quality Issue,Rejected,,699.75
904866,706653,2025-04-28,Wrong Item,Requested,original payment,1237.6
904867,704983,2024-10-23,Size Issue,Rejected,UPI,22738.25
904868,712508,2024-04-24,size issue,approved,Store Credit,343.94
904869,706691,2025-12-12,Duplicate Order,Completed,,27496.89
904870,707535,2025-10-05,Late Delivery,Approved,Bank Transfer,1741.27
904871,705559,2025-01-09,size issue,Rejected,Original Payment,357.48
904872,714551,2025-12-07,damaged,requested,Original Payment,252.82
904873,709943,2025-11-06,Duplicate Order,Completed,Store Credit,1139.45
904874,700713,2025-03-17,Duplicate Order,,Store Credit,2543.47
904875,708365,2025-11-22,damaged,Rejected,,2813.03
904876,714431,2024-07-01,Late Delivery,requested,Bank Transfer,6794.23
904877,701185,2025-04-07,Quality Issue,Approved,original payment,8329.15
904878,718688,2024-09-18,Late Delivery,approved,Store Credit,8158.31
904879,704750,2025-11-16,Changed Mind,requested,original payment,43023.45
904880,703863,2024-08-14,size issue,Approved,Store Credit,29529.16
904881,706372,2025-10-27,Late Delivery,Completed,UPI,5936.62
904882,716417,2025-04-10,size issue,Approved,Original Payment,5975.41
904883,711580,2024-12-11,Duplicate Order,Completed,Bank Transfer,1629.38
904884,716917,2025-07-02,Quality Issue,Requested,UPI,2470.09
904885,716588,2025-12-03,Late Delivery,requested,Bank Transfer,5001.89
904886,714652,2025-11-30,Duplicate Order,Approved,Original Payment,15320.56
904887,709550,2025-11-09,Damaged,,Bank Transfer,5738.44
904888,711111,2024-09-06,Wrong Item,Approved,Bank Transfer,14326.83
904889,701264,2025-03-16,,,,15319.43
904890,711095,2024-01-27,Quality Issue,,original payment,8764.67
904891,704060,2024-11-02,damaged,Completed,,3089.42
904892,702501,2024-09-27,Wrong Item,Approved,Original Payment,1845.16
904893,707966,2025-09-22,Changed Mind,Requested,Store Credit,2001.81
904894,719297,2025-01-18,damaged,Rejected,Store Credit,2415.38
904895,705333,2024-07-28,Wrong Item,Rejected,UPI,5172.59
904896,712089,2024-09-10,Late Delivery,approved,UPI,424.15
904897,714579,2024-03-12,size issue,,original payment,1280.06
904898,719175,2024-06-04,damaged,approved,UPI,4760.78
904899,708781,2025-08-29,Wrong Item,,Original Payment,19080.46
904900,707217,2025-06-03,Late Delivery,Completed,Original Payment,15102.12
904901,719721,2024-12-15,Wrong Item,Completed,Bank Transfer,8477.23
904902,702018,2024-12-26,,requested,Store Credit,1574.7
904903,702072,2025-02-15,Damaged,Approved,Original Payment,995.43
904904,703473,2025-07-30,Changed Mind,Completed,original payment,1662.78
904905,710741,2024-07-29,Changed Mind,requested,,2101.48
904906,704571,2025-11-28,Changed Mind,requested,Bank Transfer,46133.26
904907,705556,2025-10-14,Wrong Item,requested,UPI,2493.73
904908,711196,2024-08-10,Damaged,,Bank Transfer,22919.75
904909,714366,2024-10-31,Duplicate Order,Rejected,original payment,3480.45
904910,710305,2025-03-17,Changed Mind,requested,UPI,0.0
904911,708852,2024-09-11,size issue,requested,Original Payment,7607.4
904912,711638,2025-03-14,Late Delivery,Rejected,Bank Transfer,3100.4
904913,715153,2025-10-06,Size Issue,approved,UPI,225.99
904914,714177,2026-01-05,Late Delivery,Approved,,8829.28
904915,702953,2024-07-15,,approved,UPI,4929.29
904916,714810,2025-11-08,Quality Issue,approved,UPI,1827.15
904917,716280,2024-05-20,Duplicate Order,approved,Store Credit,3168.4
904918,719252,2025-11-03,Not as Expected,requested,Original Payment,7538.73
904919,715954,2024-12-10,Not as Expected,Completed,Bank Transfer,4118.84
904920,706978,2024-06-18,Late Delivery,requested,Bank Transfer,933.22
904921,708846,2024-07-03,,Completed,Store Credit,10217.73
904922,715934,2024-03-25,Late Delivery,Completed,Original Payment,0.0
904923,703375,2024-03-21,Wrong Item,Requested,Store Credit,470.0
904924,713567,2024-12-08,Not as Expected,Rejected,UPI,395.09
904925,701326,2025-12-08,Size Issue,Rejected,UPI,5028.54
904926,709722,2025-02-19,Late Delivery,Completed,original payment,6494.95
904927,718968,2025-01-04,Size Issue,Requested,Bank Transfer,2682.12
904928,707037,2025-10-25,Duplicate Order,Approved,UPI,605.95
904929,712701,2024-02-15,size issue,Rejected,Store Credit,4492.33
904930,702840,2024-11-28,damaged,,original payment,4028.55
904931,705152,2024-10-25,Duplicate Order,requested,original payment,8215.47
904932,706940,2025-09-30,Not as Expected,,Store Credit,0.0
904933,714313,2024-01-23,Damaged,Approved,UPI,1449.5
904934,700225,2025-02-08,Wrong Item,Completed,original payment,32433.91
904935,712630,2024-03-12,Duplicate Order,requested,Bank Transfer,7651.45
904936,715277,2025-05-03,Quality Issue,Requested,UPI,7280.1
904937,704008,2024-07-17,Late Delivery,,Bank Transfer,6123.58
904938,709905,2025-03-28,,,original payment,2545.3
904939,708184,2025-08-28,Wrong Item,approved,,4064.93
904940,711215,2025-03-18,Late Delivery,Rejected,,4890.65
904941,715394,2024-12-01,Not as Expected,Approved,Store Credit,781.03
904942,714325,2025-06-19,Size Issue,requested,,1548.75
904943,707136,2025-05-04,damaged,approved,Store Credit,877.82
904944,712151,2026-01-10,Late Delivery,requested,UPI,13848.21
904945,707381,2025-11-01,Not as Expected,Rejected,original payment,4239.28
904946,702201,2025-10-26,Wrong Item,Requested,Store Credit,525.47
904947,700336,2026-01-18,Quality Issue,requested,Original Payment,7315.98
904948,705178,2025-07-10,damaged,Approved,Original Payment,34173.51
904949,712442,2024-05-27,Wrong Item,Completed,Bank Transfer,17100.98
904950,717085,2025-03-30,Wrong Item,Requested,original payment,1465.53
904951,700471,2024-03-23,Size Issue,Requested,UPI,11628.91
904952,712301,2025-01-19,Quality Issue,Approved,Store Credit,515.44
904953,709154,2025-01-28,Wrong Item,,UPI,3784.31
904954,708035,2024-03-15,Changed Mind,Requested,Original Payment,4128.46
904955,717998,2025-05-11,Not as Expected,Completed,Original Payment,3615.52
904956,705259,2025-07-20,Changed Mind,requested,,2796.9
904957,703754,2024-12-31,Duplicate Order,Requested,,642.5
904958,714019,2024-02-07,Changed Mind,Rejected,Store Credit,2626.69
904959,717997,2024-04-09,damaged,Approved,,168.4
904960,718795,2025-11-25,damaged,Approved,UPI,1348.76
904961,711566,2025-03-04,Size Issue,Completed,,6033.95
904962,714562,2025-10-07,Size Issue,Rejected,Store Credit,6541.27
904963,719080,2024-09-28,damaged,Requested,UPI,3947.62
904964,718847,2025-10-05,Quality Issue,Requested,original payment,11568.51
904965,707413,2025-07-25,Wrong Item,approved,UPI,2606.1
904966,703852,2025-10-05,damaged,Rejected,Original Payment,598.69
904967,718270,2025-09-12,Changed Mind,Rejected,Store Credit,3567.21
904968,715369,2025-05-15,Late Delivery,,Store Credit,4536.45
904969,711976,2024-06-02,Not as Expected,Approved,Bank Transfer,1151.25
904970,702003,2024-09-03,damaged,Approved,original payment,6351.39
904971,715422,2024-10-23,Duplicate Order,Approved,Original Payment,4870.35
904972,704166,2025-06-30,,Requested,,1500.03
904973,711175,2025-10-20,Size Issue,,Bank Transfer,7544.25
904974,710984,2025-03-10,size issue,Requested,UPI,1257.65
904975,713979,2025-05-17,Duplicate Order,,original payment,900.99
904976,712624,2025-06-09,Damaged,,Bank Transfer,1888.41
904977,714261,2025-12-10,Duplicate Order,Completed,Store Credit,1561.08
904978,706947,2025-07-20,Damaged,,,2608.6
904979,710275,2024-03-26,Duplicate Order,Rejected,Original Payment,0.0
904980,719110,2025-03-09,size issue,,Original Payment,3009.64
904981,713761,2025-08-18,Duplicate Order,Approved,Bank Transfer,9424.67
904982,719464,2024-12-01,,Requested,Store Credit,3739.95
904983,715637,2024-07-13,Late Delivery,Rejected,,6243.19
904984,702952,2024-06-25,Wrong Item,Approved,,710.38
904985,710107,2025-02-02,Not as Expected,Requested,UPI,39393.46
904986,707758,2025-08-06,,Approved,UPI,37441.82
904987,715072,2024-07-08,,,UPI,8439.42
904988,702064,2024-03-14,size issue,Completed,UPI,1327494.01
904989,718528,2025-08-05,Quality Issue,requested,,934.85
904990,705978,2024-06-01,Size Issue,Approved,Store Credit,4703.05
904991,719409,2024-10-29,Late Delivery,Rejected,original payment,3760.56
904992,707292,2025-05-02,Changed Mind,Approved,Store Credit,4483.67
904993,714817,2026-01-17,Changed Mind,,UPI,2317.53
904994,708113,2025-12-29,damaged,requested,,4826.37
904995,705205,2025-10-27,Changed Mind,requested,Bank Transfer,552.32
904996,700589,2024-07-13,Late Delivery,Completed,,2328.54
904997,714721,2025-11-22,,approved,Original Payment,1795.49
904998,715218,2025-11-26,damaged,requested,Store Credit,3241.51
904999,713956,2024-08-01,Changed Mind,approved,Original Payment,5017.67
905000,713850,2024-09-24,size issue,approved,Bank Transfer,772010.76
905001,702328,2024-07-02,Quality Issue,Approved,,1282.63
905002,710530,2024-10-24,size issue,Completed,Store Credit,10484.35
905003,706905,2025-05-04,Not as Expected,approved,UPI,10822.92
905004,713583,2025-08-28,Changed Mind,,,2823.87
905005,713465,2024-08-18,Damaged,Requested,UPI,4195.44
905006,702006,2024-11-09,,Completed,Original Payment,13331.56
905007,701293,2025-07-08,Not as Expected,,Bank Transfer,1461.81
905008,718133,2025-10-09,damaged,Rejected,,3620.41
905009,702150,2025-07-31,Wrong Item,,original payment,7685.54
905010,701530,2025-07-30,damaged,Requested,original payment,8180.1
905011,717936,2024-08-29,Quality Issue,requested,original payment,7614.37
905012,719462,2024-10-08,Size Issue,Requested,Bank Transfer,24466.02
905013,712182,2026-01-03,Changed Mind,requested,original payment,6387.39
905014,713813,2024-08-17,,,original payment,13144.4
905015,705868,2024-03-15,Late Delivery,approved,Bank Transfer,9729.77
905016,717960,2025-07-27,,approved,Store Credit,16568.51
905017,703831,2025-06-21,size issue,Completed,original payment,1108.88
905018,703563,2024-07-23,Damaged,requested,Original Payment,3396.28
905019,702911,2024-07-15,damaged,approved,,13859.3
905020,715456,2025-02-23,,,Store Credit,19678.98
905021,701626,2025-04-28,damaged,approved,Store Credit,2300.88
905022,719336,2024-12-05,Changed Mind,Completed,,4713.28
905023,708332,2025-07-05,Late Delivery,Approved,Original Payment,2841.48
905024,718128,2024-09-26,Size Issue,,Original Payment,0.0
905025,716865,2024-06-29,Not as Expected,Completed,UPI,1756.6
905026,715948,2025-03-10,damaged,requested,UPI,18746.45
905027,707157,2024-06-13,Changed Mind,Completed,Original Payment,3648.5
905028,700284,2025-09-24,damaged,Requested,UPI,1116.99
905029,713858,2024-04-14,Not as Expected,Approved,Store Credit,4735.14
905030,716589,2025-11-20,Damaged,,,10190.82
905031,706644,2025-11-18,damaged,approved,original payment,10471.72
905032,706499,2024-06-12,,Completed,original payment,1588.22
905033,710428,2025-12-02,Damaged,approved,UPI,939.7
905034,700694,2025-02-07,Not as Expected,requested,Original Payment,2076.7
905035,705334,2025-05-18,Size Issue,Requested,,4598.88
905036,715275,2025-03-04,Not as Expected,Requested,Bank Transfer,1624.73
905037,704117,2025-09-14,Not as Expected,Rejected,Store Credit,8147.38
905038,700928,2024-12-12,Quality Issue,requested,Original Payment,3567.33
905039,706578,2024-04-10,Duplicate Order,,Bank Transfer,2702.89
905040,709010,2024-04-22,Duplicate Order,Completed,UPI,3153.81
905041,718875,2025-03-14,,approved,Original Payment,1646.72
905042,711839,2025-11-06,Quality Issue,,Original Payment,7518.55
905043,714962,2024-09-26,Changed Mind,requested,UPI,4725.2
905044,707741,2025-08-23,Not as Expected,approved,,7427.02
905045,704428,2025-01-14,Not as Expected,Completed,UPI,2445.92
905046,711123,2024-08-20,Size Issue,approved,,1030.18
905047,717565,2024-03-04,Duplicate Order,requested,UPI,4517.02
905048,704249,2024-06-17,damaged,approved,UPI,8417.83
905049,714767,2025-10-14,Damaged,,Original Payment,5189.58
905050,708951,2025-03-25,Duplicate Order,,Original Payment,1026.52
905051,718164,2024-01-16,Quality Issue,Approved,Original Payment,10595.53
905052,715742,2025-10-21,Size Issue,,Store Credit,5387.12
905053,717034,2025-03-28,Wrong Item,Completed,Store Credit,475.53
905054,707370,2025-08-27,Changed Mind,Rejected,,449.35
905055,702403,2025-06-08,Quality Issue,Requested,,818.19
905056,702177,2025-06-25,damaged,Requested,UPI,11604.26
905057,701668,2024-08-30,,Completed,,4939.73
905058,712574,2024-04-13,Wrong Item,approved,original payment,4462.58
905059,707138,2025-03-01,damaged,,original payment,13188.71
905060,708674,2024-01-19,Changed Mind,Approved,,513.99
905061,710179,2025-12-28,size issue,Requested,Bank Transfer,8702.25
905062,706087,2024-02-27,damaged,Approved,Store Credit,4854.49
905063,702800,2025-06-16,,Requested,Bank Transfer,497.87
905064,708197,2024-11-19,damaged,requested,Store Credit,3148.61
905065,703651,2026-01-11,Late Delivery,requested,UPI,20370.74
905066,700120,2025-12-14,,requested,original payment,1361.91
905067,718821,2024-05-08,,Completed,original payment,1051.38
905068,709379,2025-06-20,damaged,Requested,UPI,19713.73
905069,706844,2025-05-11,damaged,Completed,Bank Transfer,1422.67
905070,719024,2024-05-19,size issue,Rejected,Store Credit,3878.6
905071,711627,2025-03-09,Not as Expected,requested,UPI,5063.82
905072,718018,2025-06-18,,Rejected,,1043.66
905073,712530,2024-12-18,Size Issue,Rejected,Store Credit,1706.79
905074,702751,2024-09-30,Damaged,requested,Original Payment,5389.45
905075,710620,2025-06-05,Wrong Item,approved,Bank Transfer,816.97
905076,707281,2024-04-27,,Requested,UPI,307.37
905077,715914,2025-05-08,Duplicate Order,Rejected,Original Payment,9229.85
905078,700777,2025-07-09,Late Delivery,,Original Payment,11675.83
905079,704734,2024-08-07,Duplicate Order,Approved,original payment,2246.6
905080,713031,2025-02-20,Not as Expected,Requested,UPI,1352157.86
905081,708655,2024-05-13,damaged,Completed,Store Credit,1551.18
905082,704651,2025-02-15,Not as Expected,Approved,Store Credit,5327.68
905083,708437,2024-10-26,,Approved,,10922.75
905084,711194,2024-10-05,size issue,,,2575.3
905085,713305,2024-12-24,Size Issue,Rejected,UPI,11113.37
905086,700656,2025-01-21,Size Issue,,Store Credit,8369.85
905087,700138,2024-11-16,,requested,original payment,1700.41
905088,719639,2025-06-25,Damaged,Approved,Original Payment,9858.43
905089,714520,2025-08-01,size issue,Approved,Original Payment,1689.64
905090,714617,2025-12-15,size issue,Requested,UPI,2536.07
905091,707588,2024-10-06,Quality Issue,Completed,,618.55
905092,712136,2024-07-17,Late Delivery,Rejected,Bank Transfer,1718.19
905093,703972,2025-10-20,Late Delivery,requested,Store Credit,1141.56
905094,716922,2025-06-28,Late Delivery,,UPI,430.8
905095,713888,2024-01-08,Duplicate Order,Requested,UPI,516.77
905096,718249,2024-12-16,Damaged,approved,,10322.41
905097,716489,2024-04-15,Quality Issue,Rejected,,0.0
905098,705366,2024-04-14,Changed Mind,approved,,8520.71
905099,713346,2024-12-28,Damaged,approved,Store Credit,6368.33
905100,718488,2024-08-21,Duplicate Order,requested,original payment,8588.41
905101,711806,2025-12-18,Size Issue,,original payment,8880.75
905102,706681,2025-12-29,Duplicate Order,Requested,UPI,0.0
905103,716328,2025-08-31,size issue,Rejected,,1244.97
905104,717924,2024-03-07,Damaged,Approved,Original Payment,4214.84
905105,700343,2024-08-26,damaged,Rejected,Bank Transfer,611.8
905106,715961,2024-08-11,,Completed,,5103.07
905107,704576,2024-07-18,Quality Issue,approved,Original Payment,1150.55
905108,714114,2024-04-04,Quality Issue,approved,Original Payment,2323.35
905109,708721,2024-05-12,Quality Issue,,original payment,2997.39
905110,702277,2025-01-06,Duplicate Order,approved,UPI,2517.1
905111,708669,2025-02-17,Changed Mind,Rejected,original payment,6242.07
905112,715102,2024-12-03,damaged,requested,,1017.8
905113,714532,2025-05-06,Changed Mind,approved,,4888.95
905114,709760,2025-08-28,Not as Expected,requested,original payment,6523.17
905115,716320,2025-08-16,Damaged,Rejected,,6267.66
905116,717953,2024-05-11,Wrong Item,Approved,Bank Transfer,5861.77
905117,710103,2025-08-31,Changed Mind,,Store Credit,1233.36
905118,706299,2025-05-22,Not as Expected,Requested,Bank Transfer,706.49
905119,713772,2025-04-22,size issue,Approved,original payment,2027.5
905120,716010,2024-10-27,Size Issue,approved,UPI,1413.01
905121,710824,2025-08-21,damaged,approved,,5884.19
905122,707188,2024-12-15,Size Issue,Completed,UPI,4113.44
905123,719866,2024-05-11,Duplicate Order,approved,Store Credit,9601.2
905124,715396,2024-03-02,Duplicate Order,requested,Original Payment,25668.3
905125,706177,2026-01-17,Quality Issue,Approved,,191.2
905126,704584,2025-03-09,Quality Issue,Approved,Original Payment,2834.13
905127,701852,2025-07-26,Late Delivery,Completed,,9894.75
905128,703738,2025-08-24,Changed Mind,approved,Store Credit,6053.39
905129,707740,2024-09-06,Not as Expected,requested,Store Credit,2127.44
905130,704417,2025-10-11,,Rejected,,10722.05
905131,711892,2025-08-05,Late Delivery,,original payment,1110.27
905132,714689,2025-08-28,Quality Issue,Rejected,Original Payment,556.94
905133,702265,2025-12-23,Changed Mind,Approved,,9682.46
905134,705934,2024-12-30,Duplicate Order,,original payment,645.82
905135,702172,2025-09-26,Duplicate Order,Rejected,UPI,49150.63
905136,715938,2025-11-08,Changed Mind,Approved,Original Payment,27387.64
905137,702981,2025-08-11,size issue,Requested,Original Payment,1313.04
905138,703771,2025-05-14,Duplicate Order,,Bank Transfer,5663.63
905139,715669,2024-08-01,Quality Issue,Requested,Store Credit,6248.87
905140,718986,2024-10-16,,Requested,,1961.32
905141,702463,2024-10-09,Changed Mind,,UPI,4238.19
905142,710290,2024-07-07,Duplicate Order,,Bank Transfer,3877.68
905143,704762,2024-06-06,Late Delivery,Requested,,2015.64
905144,706206,2024-07-18,Duplicate Order,Approved,original payment,5808.16
905145,710324,2024-03-23,Damaged,Approved,Store Credit,1983.6
905146,707894,2025-04-07,Damaged,approved,Store Credit,11106.14
905147,715537,2025-06-07,Quality Issue,Rejected,Bank Transfer,4123.11
905148,712193,2024-05-20,Size Issue,approved,Original Payment,3379.79
905149,702494,2024-12-30,Damaged,Completed,original payment,6212.17
905150,719019,2025-05-02,Quality Issue,approved,original payment,1317.66
905151,709974,2025-07-12,Duplicate Order,,UPI,4415.74
905152,701526,2024-03-01,size issue,requested,original payment,3914.99
905153,702845,2025-10-15,Size Issue,Rejected,original payment,3861.58
905154,707437,2024-11-22,Size Issue,Rejected,,2765.07
905155,702402,2024-11-12,,Requested,Bank Transfer,476.92
905156,701760,2024-07-27,Quality Issue,Approved,original payment,1245.83
905157,714111,2024-02-23,Size Issue,approved,UPI,5803.53
905158,703148,2025-07-24,Wrong Item,Completed,Store Credit,0.0
905159,707035,2025-10-01,Late Delivery,approved,Original Payment,8549.4
905160,719278,2024-08-31,Wrong Item,Requested,UPI,1131.0
905161,712441,2025-12-18,Size Issue,Rejected,Bank Transfer,1152.32
905162,714109,2024-03-06,Size Issue,Approved,UPI,0.0
905163,716000,2024-08-30,Size Issue,Approved,Original Payment,5711.46
905164,719593,2025-06-14,damaged,,Original Payment,788.14
905165,708920,2025-09-23,Damaged,Approved,UPI,1250.51
905166,713091,2025-12-06,Changed Mind,approved,original payment,20697.81
905167,701971,2025-08-03,Not as Expected,Rejected,Bank Transfer,20227.74
905168,708086,2025-11-26,Quality Issue,,Bank Transfer,567.84
905169,708554,2025-04-30,Duplicate Order,Rejected,Original Payment,4534.34
905170,713294,2025-07-02,Duplicate Order,approved,original payment,14858.21
905171,718195,2025-11-25,Size Issue,Approved,original payment,7640.83
905172,715652,2024-08-29,Wrong Item,Requested,,12900.92
905173,700582,2024-11-14,Wrong Item,,Original Payment,1446.86
905174,710190,2024-06-04,Wrong Item,Rejected,Original Payment,7494.88
905175,708394,2024-02-10,Size Issue,approved,Bank Transfer,4298.8
905176,702193,2025-11-23,Quality Issue,approved,UPI,9070.28
905177,713732,2025-06-29,damaged,requested,Bank Transfer,8853.99
905178,711547,2025-07-20,Changed Mind,Completed,Store Credit,9271.64
905179,702802,2024-08-03,Not as Expected,requested,Bank Transfer,0.0
905180,711006,2025-04-01,Wrong Item,approved,,2506.69
905181,710526,2024-07-23,Not as Expected,approved,UPI,14710.76
905182,702983,2025-03-28,Changed Mind,Approved,Original Payment,4860.62
905183,701490,2024-01-22,Quality Issue,Completed,Store Credit,231.27
905184,715629,2024-10-27,Late Delivery,,original payment,1364.94
905185,709322,2025-01-22,Damaged,Completed,original payment,0.0
905186,718546,2025-01-24,Duplicate Order,requested,Original Payment,5191.27
905187,713750,2025-12-14,Wrong Item,Approved,,6361.38
905188,718477,2025-08-22,damaged,Requested,Bank Transfer,14119.38
905189,710756,2025-04-30,Size Issue,Completed,Bank Transfer,1008.23
905190,706368,2024-05-26,Wrong Item,approved,Original Payment,7318.83
905191,717339,2025-08-04,Quality Issue,Approved,Original Payment,3380.1
905192,718090,2025-04-16,Not as Expected,approved,Store Credit,-500.0
905193,719238,2024-09-13,Damaged,Requested,Store Credit,3253.81
905194,714390,2024-11-25,damaged,Completed,Original Payment,888.12
905195,705990,2025-06-15,Damaged,requested,Bank Transfer,6252.82
905196,717925,2024-03-08,damaged,approved,UPI,4241.74
905197,719883,2025-07-04,Quality Issue,approved,original payment,4490.83
905198,710965,2025-10-06,Duplicate Order,Approved,UPI,663.55
905199,704446,2024-01-20,Duplicate Order,approved,UPI,1477.16
905200,710388,2025-01-04,Wrong Item,,Store Credit,7187.36
905201,716607,2025-11-23,damaged,approved,Bank Transfer,2773.42
905202,717681,2025-11-06,Quality Issue,Completed,UPI,11884.62
905203,719638,2024-02-19,damaged,requested,Bank Transfer,4254.35
905204,703743,2024-02-07,Wrong Item,Rejected,UPI,2118.92
905205,705413,2025-12-30,Damaged,Rejected,Store Credit,3050.59
905206,708298,2025-03-09,Quality Issue,Approved,,3306.15
905207,717432,2024-06-10,Changed Mind,,original payment,4635.05
905208,701294,2024-04-17,Changed Mind,approved,Original Payment,57730.19
905209,701013,2024-08-23,Duplicate Order,,UPI,7351.9
905210,707612,2025-11-24,Late Delivery,requested,Bank Transfer,2507.85
905211,702214,2025-03-19,Not as Expected,requested,original payment,3800.52
905212,712925,2024-03-09,Quality Issue,Completed,,1904.88
905213,701633,2025-04-08,,,Bank Transfer,5267.61
905214,713897,2025-10-17,size issue,approved,,3181.28
905215,709194,2024-12-12,Wrong Item,Approved,original payment,669.21
905216,707703,2025-04-14,Duplicate Order,,Bank Transfer,4496.7
905217,718896,2024-09-21,Quality Issue,Rejected,original payment,499.36
905218,707421,2025-11-17,Changed Mind,requested,UPI,6175.57
905219,701436,2024-09-16,Changed Mind,approved,,3475.51
905220,709645,2025-09-15,Size Issue,Rejected,UPI,20982.15
905221,714423,2025-09-28,Size Issue,requested,Store Credit,3180.45
905222,711859,2024-01-22,Damaged,approved,,569.55
905223,708260,2025-08-21,Size Issue,approved,Store Credit,21144.46
905224,712211,2025-02-23,Late Delivery,Requested,Bank Transfer,5729.86
905225,702798,2025-09-30,size issue,,UPI,0.0
905226,715426,2025-08-03,Damaged,approved,Original Payment,2403.86
905227,719711,2024-12-05,Changed Mind,Rejected,UPI,7941.14
905228,710708,2024-08-13,Late Delivery,approved,Store Credit,1198.4
905229,716841,2025-02-27,Late Delivery,Rejected,UPI,8574.88
905230,700885,2024-05-02,Size Issue,,Store Credit,2550.45
905231,710188,2024-03-14,Not as Expected,Approved,Bank Transfer,2657.94
905232,717431,2025-02-24,Late Delivery,Completed,Bank Transfer,5037.19
905233,701005,2024-01-23,Damaged,Rejected,Bank Transfer,1395.48
905234,716933,2025-12-14,,Completed,,7037.01
905235,704236,2024-04-08,Quality Issue,approved,original payment,10395.74
905236,705316,2025-02-08,Duplicate Order,requested,Bank Transfer,1103.1
905237,704002,2025-12-31,,approved,Original Payment,0.0
905238,711048,2024-07-03,damaged,approved,Original Payment,2363.86
905239,702599,2024-11-26,damaged,Completed,Original Payment,34737.07
905240,717908,2024-06-23,Duplicate Order,,Original Payment,2413.19
905241,701774,2025-10-31,Wrong Item,requested,Bank Transfer,11493.2
905242,715624,2025-10-10,Wrong Item,,Original Payment,0.0
905243,717285,2024-08-12,Changed Mind,requested,,8731.96
905244,711952,2025-08-18,,Requested,,848.28
905245,714017,2025-01-06,Changed Mind,Completed,UPI,4600.65
905246,702358,2024-02-24,Damaged,Completed,UPI,0.0
905247,719747,2025-08-24,Size Issue,requested,,1073.88
905248,713657,2025-01-01,size issue,Rejected,original payment,4175.22
905249,718142,2025-06-11,size issue,Approved,UPI,3210.26
905250,712143,2024-11-17,Late Delivery,Requested,Bank Transfer,3095.97
905251,718306,2025-05-30,Not as Expected,approved,Original Payment,999999.0
905252,709629,2024-05-08,size issue,Requested,UPI,1369.97
905253,714281,2025-08-05,Not as Expected,Approved,Store Credit,3754.14
905254,713317,2025-08-31,Wrong Item,approved,Bank Transfer,0.0
905255,706611,2025-12-27,Wrong Item,requested,Bank Transfer,19607.92
905256,708239,2024-02-07,Changed Mind,Requested,original payment,933.54
905257,705778,2024-08-02,Damaged,Approved,original payment,6093.31
905258,713300,2024-09-28,Size Issue,,original payment,20386.49
905259,704638,2025-07-26,Quality Issue,,UPI,1253.83
905260,708963,2024-03-03,size issue,requested,Original Payment,12077.0
905261,705341,2025-11-22,damaged,Rejected,Original Payment,470.67
905262,711338,2024-09-08,Duplicate Order,,,1598.2
905263,703334,2024-01-30,Not as Expected,,Original Payment,6243.49
905264,706605,2025-04-14,Size Issue,Approved,original payment,981.35
905265,710828,2024-06-04,damaged,approved,Store Credit,1222.91
905266,705354,2025-04-04,Size Issue,Rejected,original payment,1609.35
905267,702030,2025-07-11,Size Issue,,Store Credit,17309.14
905268,709712,2024-03-07,,,Original Payment,27426.73
905269,704501,2025-10-27,size issue,Rejected,,290.95
905270,719984,2025-11-01,Size Issue,,UPI,383.98
905271,711840,2024-09-01,damaged,requested,Store Credit,11375.56
905272,713258,2024-05-31,Wrong Item,Requested,original payment,1568.15
905273,715432,2024-03-15,Size Issue,requested,Original Payment,1920.38
905274,706541,2024-10-19,damaged,approved,original payment,3481.99
905275,716654,2025-02-16,Size Issue,Requested,,5160.5
905276,719909,2025-12-19,Changed Mind,Rejected,Store Credit,7502.91
905277,705918,2025-11-20,size issue,Approved,,4105.35
905278,706358,2024-10-16,Changed Mind,requested,Original Payment,1103.42
905279,710336,2025-02-12,Changed Mind,approved,Original Payment,2030.21
905280,712185,2025-10-24,Not as Expected,,original payment,3977.24
905281,711018,2024-11-26,size issue,requested,Original Payment,2826.2
905282,711294,2024-10-31,Not as Expected,Rejected,Original Payment,853.22
905283,706640,2024-09-29,Late Delivery,Requested,,2425.41
905284,717127,2025-12-05,Size Issue,Requested,,1461.22
905285,712208,2025-10-03,damaged,Approved,UPI,717.75
905286,701196,2025-04-12,Size Issue,Completed,,27620.06
905287,704165,2025-08-25,Wrong Item,,,2828.62
905288,715708,2025-07-23,Size Issue,approved,original payment,2338.75
905289,701590,2024-08-03,Size Issue,Completed,original payment,361.06
905290,704549,2024-12-20,Not as Expected,Completed,original payment,1819.67
905291,705697,2025-11-15,size issue,Requested,Original Payment,9678.77
905292,704792,2024-09-18,Size Issue,Rejected,Store Credit,190.06
905293,705828,2025-10-20,Quality Issue,,Original Payment,1783.54
905294,703374,2024-03-26,Not as Expected,requested,,1093.53
905295,706830,2024-11-25,Duplicate Order,,original payment,5293.43
905296,706180,2025-09-01,Late Delivery,Requested,Store Credit,1599.53
905297,707630,2025-10-08,Wrong Item,approved,original payment,581.05
905298,704967,2024-05-27,Changed Mind,Approved,,1119.58
905299,716264,2025-05-29,Late Delivery,Requested,Bank Transfer,1193.93
905300,719934,2024-01-31,Duplicate Order,requested,Original Payment,912.38
905301,719707,2025-11-17,size issue,requested,,1242.03
905302,709106,2024-03-17,Changed Mind,Approved,Bank Transfer,2038.57
905303,704908,2025-06-24,damaged,approved,original payment,10415.38
905304,716931,2025-09-06,,Approved,UPI,23112.13
905305,715572,2025-04-23,Late Delivery,requested,UPI,4105.45
905306,714067,2024-10-17,Size Issue,Requested,original payment,748.66
905307,702272,2025-11-12,Changed Mind,,,5998.74
905308,702560,2024-01-22,Quality Issue,requested,original payment,2455.51
905309,704705,2024-10-19,size issue,Requested,,2238.05
905310,715604,2024-08-09,Quality Issue,Rejected,UPI,2008.19
905311,707631,2025-01-29,Duplicate Order,Requested,Original Payment,-500.0
905312,710136,2025-10-31,size issue,approved,UPI,1201.19
905313,715154,2024-04-19,Changed Mind,Completed,original payment,3661.56
905314,718432,2024-02-27,Size Issue,Completed,Store Credit,5167.84
905315,719087,2024-10-23,Wrong Item,Approved,Original Payment,3984.23
905316,718666,2025-01-17,Quality Issue,requested,Store Credit,1590.99
905317,716734,2024-03-31,Duplicate Order,Rejected,Original Payment,1844.09
905318,714252,2024-04-06,Wrong Item,Rejected,UPI,18706.84
905319,712593,2025-02-15,size issue,Rejected,Original Payment,1274.57
905320,701809,2024-12-26,Not as Expected,Requested,,11881.15
905321,700210,2024-10-22,Damaged,Completed,,25252.03
905322,701552,2025-01-20,Late Delivery,approved,Bank Transfer,14068.17
905323,711554,2025-09-08,Damaged,requested,Bank Transfer,4492.09
905324,704245,2024-08-28,Wrong Item,requested,Bank Transfer,12945.56
905325,715133,2024-01-26,Size Issue,Completed,UPI,8054.59
905326,714489,2024-04-09,Wrong Item,,,8529.0
905327,706296,2024-05-23,Duplicate Order,approved,Store Credit,13193.67
905328,710065,2024-02-01,Wrong Item,Rejected,Bank Transfer,405.19
905329,709646,2024-06-27,Quality Issue,,UPI,953.33
905330,711816,2024-04-23,Quality Issue,,UPI,3197.71
905331,710801,2024-11-10,damaged,,Original Payment,1001.08
905332,705957,2024-06-10,Late Delivery,requested,UPI,832.25
905333,715835,2025-02-22,,Requested,Store Credit,1984.41
905334,707293,2025-04-26,Wrong Item,,Original Payment,226.14
905335,710206,2025-07-20,damaged,approved,Store Credit,13502.75
905336,717008,2024-03-05,Late Delivery,approved,Bank Transfer,2817.54
905337,707968,2024-03-09,Duplicate Order,,Original Payment,47881.1
905338,713474,2025-01-15,Size Issue,requested,original payment,5034.37
905339,716976,2024-01-29,Duplicate Order,Completed,original payment,2543.27
905340,703864,2025-05-13,Changed Mind,approved,Bank Transfer,1218.17
905341,710950,2026-01-28,,requested,Original Payment,20758.45
905342,719673,2025-06-01,Damaged,Approved,,13700.61
905343,716600,2025-09-23,Duplicate Order,Rejected,UPI,412.7
905344,708879,2024-10-31,damaged,Completed,Store Credit,15982.99
905345,707672,2024-06-22,Quality Issue,,UPI,778.56
905346,700152,2025-09-02,damaged,Approved,UPI,4185.7
905347,716002,2024-02-21,Duplicate Order,requested,,3604.27
905348,712010,2024-11-16,Quality Issue,Requested,,3361.54
905349,718881,2024-04-03,damaged,Requested,Bank Transfer,7240.92
905350,703191,2024-07-28,size issue,Completed,original payment,1244.22
905351,700077,2024-06-19,size issue,approved,original payment,413.37
905352,707174,2024-03-21,,Requested,UPI,980.51
905353,714548,2024-11-05,damaged,approved,Bank Transfer,0.0
905354,703592,2024-12-29,Damaged,Completed,Bank Transfer,0.0
905355,704467,2024-07-01,size issue,Completed,UPI,1973.81
905356,713930,2024-12-22,size issue,Requested,,1176.79
905357,712655,2024-05-19,Late Delivery,Approved,original payment,3223.44
905358,712436,2024-04-15,Changed Mind,Requested,UPI,80532.93
905359,711469,2025-08-27,Not as Expected,Approved,Store Credit,16048.72
905360,701448,2025-07-04,Damaged,Rejected,Original Payment,2144.33
905361,713672,2025-02-25,Duplicate Order,approved,original payment,8767.42
905362,717774,2025-05-17,Quality Issue,Approved,Store Credit,3730.54
905363,715363,2024-03-08,Changed Mind,,UPI,10997.14
905364,705479,2024-08-12,Late Delivery,Rejected,UPI,376.15
905365,708374,2024-02-04,Duplicate Order,Approved,Store Credit,1175.66
905366,714820,2025-12-09,,,Store Credit,1768.64
905367,716058,2024-07-08,Late Delivery,Approved,,51889.22
905368,709296,2025-11-26,Late Delivery,Approved,Bank Transfer,6309.52
905369,711367,2025-08-19,Not as Expected,Requested,,5899.07
905370,717601,2025-10-05,Duplicate Order,Rejected,Original Payment,2698.6
905371,703440,2024-10-03,damaged,Completed,original payment,6327.22
905372,716196,2024-02-19,Quality Issue,requested,,1823.89
905373,714813,2024-09-28,Damaged,Completed,UPI,2418.71
905374,704650,2026-01-07,Size Issue,Rejected,Bank Transfer,0.0
905375,708584,2025-01-06,,Approved,,5599.13
905376,703751,2025-11-28,Wrong Item,Approved,Store Credit,401.13
905377,704793,2025-01-25,Damaged,Rejected,,6386.58
905378,702679,2024-09-09,Late Delivery,Rejected,UPI,812.2
905379,708230,2025-07-10,Late Delivery,Approved,Store Credit,12739.78
905380,717103,2025-10-22,Quality Issue,Rejected,Bank Transfer,1802.78
905381,714712,2025-09-04,Quality Issue,Rejected,,1107.54
905382,708480,2025-04-05,Size Issue,,Store Credit,1862.05
905383,704656,2025-06-15,Wrong Item,requested,Store Credit,2178.58
905384,716843,2025-01-30,damaged,Rejected,UPI,3230.9
905385,713335,2025-09-19,Changed Mind,Rejected,Store Credit,13889.2
905386,719113,2026-01-23,Damaged,Approved,UPI,2735.88
905387,702921,2024-06-19,Not as Expected,requested,Store Credit,677.46
905388,708529,2025-01-11,Damaged,,original payment,2843.65
905389,708440,2025-04-24,size issue,Rejected,original payment,4507.28
905390,714454,2025-10-08,,Requested,Bank Transfer,1189.1
905391,719247,2024-07-21,damaged,Approved,UPI,42564.99
905392,719352,2025-07-24,size issue,Completed,original payment,1659.07
905393,717168,2024-06-20,Late Delivery,Rejected,,6390.69
905394,705280,2025-04-03,size issue,,,29558.98
905395,702316,2024-07-23,Wrong Item,requested,,3627.57
905396,707051,2025-01-13,Late Delivery,,Original Payment,3389.16
905397,715559,2024-08-01,Damaged,requested,Store Credit,1727.47
905398,714474,2025-06-29,damaged,approved,,0.0
905399,709513,2025-04-08,Late Delivery,approved,Store Credit,0.0
905400,716820,2025-11-07,,approved,Store Credit,2258.6
905401,717541,2025-06-23,Not as Expected,requested,original payment,34306.67
905402,708146,2024-08-05,Duplicate Order,Rejected,UPI,1306.77
905403,700862,2024-09-22,Size Issue,Approved,Store Credit,4865.96
905404,703192,2024-12-17,Duplicate Order,requested,,9872.84
905405,716422,2025-10-06,Wrong Item,,,9545.67
905406,707594,2025-11-05,Size Issue,Rejected,,6761.9
905407,702467,2024-10-24,,requested,Original Payment,27131.86
905408,707670,2025-09-20,,Approved,original payment,12121.48
905409,713789,2024-12-12,damaged,Requested,Store Credit,3848.57
905410,713659,2024-04-27,Quality Issue,Requested,Store Credit,7822.66
905411,717538,2025-04-08,Duplicate Order,Approved,original payment,2064.21
905412,713382,2024-12-29,Size Issue,Completed,Original Payment,6201.89
905413,709265,2025-09-23,Duplicate Order,Approved,Store Credit,3362.59
905414,709682,2024-02-07,,approved,,1862.89
905415,700925,2025-07-20,Size Issue,Completed,Original Payment,5636.83
905416,713765,2025-04-13,Size Issue,,,5502.73
905417,716550,2024-08-19,Damaged,Requested,UPI,2185.53
905418,711450,2025-02-23,size issue,Requested,Store Credit,4540.44
905419,709364,2024-04-21,Late Delivery,Requested,UPI,552.4
905420,715503,2024-11-13,size issue,Rejected,Bank Transfer,8684.55
905421,704813,2024-07-21,Wrong Item,Approved,Bank Transfer,5007.59
905422,717095,2024-12-21,Changed Mind,approved,Store Credit,9395.2
905423,715703,2025-12-31,Duplicate Order,approved,Bank Transfer,7862.32
905424,714872,2024-02-20,Damaged,requested,Store Credit,4868.47
905425,700556,2024-08-07,Duplicate Order,Completed,Store Credit,1502.95
905426,710164,2025-08-30,Damaged,Rejected,Store Credit,2695.47
905427,702290,2025-10-13,Changed Mind,,Bank Transfer,3827.95
905428,714784,2025-11-09,Wrong Item,Completed,Bank Transfer,2827.89
905429,707005,2025-02-19,Size Issue,Approved,Store Credit,2135.64
905430,705025,2026-01-18,damaged,Completed,Bank Transfer,12391.08
905431,707517,2025-02-01,Size Issue,requested,original payment,4727.7
905432,702327,2024-11-14,Late Delivery,Rejected,UPI,1038.48
905433,718817,2025-09-17,Wrong Item,approved,original payment,1092.74
905434,716650,2024-03-24,Size Issue,Requested,UPI,5088.77
905435,712954,2024-04-24,Damaged,Completed,Store Credit,19738.91
905436,701651,2024-04-17,Damaged,Completed,Original Payment,451.81
905437,718298,2025-03-23,Wrong Item,Rejected,original payment,708.8
905438,704484,2024-10-04,Quality Issue,Rejected,UPI,1356.15
905439,703687,2025-10-31,Late Delivery,Rejected,original payment,12737.58
905440,701685,2024-08-19,Changed Mind,,Store Credit,1068.97
905441,714106,2025-02-24,size issue,Completed,Original Payment,7752.82
905442,714855,2024-04-08,Changed Mind,approved,,11873.18
905443,700362,2024-08-06,,requested,UPI,4232.71
905444,701444,2025-06-01,Quality Issue,approved,UPI,3775.02
905445,702906,2024-02-28,Wrong Item,Approved,UPI,11156.89
905446,717250,2025-03-01,Duplicate Order,Rejected,UPI,761.73
905447,719761,2025-06-28,damaged,Approved,Store Credit,25679.42
905448,711060,2024-05-13,size issue,,Original Payment,3434.23
905449,708582,2024-01-26,Late Delivery,Rejected,UPI,4618.54
905450,719777,2024-08-30,damaged,Rejected,,1470.05
905451,713650,2024-11-08,Damaged,,Original Payment,3713.77
905452,717706,2025-04-25,Changed Mind,requested,Store Credit,3460.64
905453,713697,2024-12-12,Not as Expected,,UPI,4663.32
905454,711463,2025-02-16,Size Issue,Rejected,Bank Transfer,46773.48
905455,707765,2025-05-20,damaged,requested,original payment,7893.76
905456,706713,2025-08-31,,Approved,original payment,11805.78
905457,718316,2024-03-19,Duplicate Order,Approved,,9991.24
905458,718674,2025-09-07,Duplicate Order,Approved,,4302.99
905459,709762,2024-08-01,Not as Expected,approved,UPI,5830.82
905460,707903,2025-11-27,Size Issue,Rejected,UPI,2238.65
905461,703623,2025-12-03,,Approved,Original Payment,9039.04
905462,705573,2024-08-30,,Requested,Store Credit,999999.0
905463,719410,2024-09-06,damaged,,UPI,493.28
905464,706712,2024-12-09,Size Issue,Rejected,UPI,936.49
905465,706982,2024-12-15,Size Issue,Completed,Store Credit,4230.07
905466,701986,2024-07-22,size issue,Rejected,UPI,3242.46
905467,713268,2024-07-02,Wrong Item,,Store Credit,25889.46
905468,719206,2024-11-08,Late Delivery,approved,Store Credit,116.56
905469,714927,2025-10-03,Not as Expected,approved,Bank Transfer,5458.22
905470,711877,2024-07-15,,approved,original payment,3181.21
905471,710099,2024-09-12,size issue,approved,UPI,40486.88
905472,714774,2024-02-27,Duplicate Order,approved,Original Payment,2844.25
905473,709604,2024-06-26,size issue,,UPI,2495.85
905474,707149,2025-12-08,Damaged,Approved,Original Payment,477.66
905475,708327,2024-05-21,Damaged,approved,,3987.96
905476,712429,2026-01-11,Late Delivery,,original payment,1225.56
905477,713842,2024-12-04,Wrong Item,Approved,UPI,4669.57
905478,715212,2025-05-26,Wrong Item,Approved,,1035.95
905479,710358,2025-12-02,Size Issue,Requested,original payment,28899.63
905480,700751,2025-11-13,Damaged,Completed,Store Credit,814.23
905481,715163,2025-12-28,Quality Issue,requested,Original Payment,432.07
905482,702051,2024-03-28,,Approved,Store Credit,6427.6
905483,714847,2026-01-15,Late Delivery,approved,UPI,1825.66
905484,715551,2024-10-15,Duplicate Order,,UPI,1824.82
905485,719782,2025-03-26,Size Issue,requested,Store Credit,1940.98
905486,704558,2026-01-03,,requested,Bank Transfer,1706.87
905487,715074,2025-07-29,Size Issue,requested,UPI,6844.57
905488,712347,2025-02-04,Quality Issue,,Bank Transfer,1473.94
905489,703669,2025-01-30,Wrong Item,Completed,original payment,1916.39
905490,711919,2025-06-16,Damaged,,,601.8
905491,710776,2025-02-27,,approved,Bank Transfer,8051.47
905492,718727,2024-01-30,Wrong Item,approved,Bank Transfer,11003.98
905493,707916,2025-10-31,Duplicate Order,Requested,Store Credit,3854.66
905494,700010,2024-04-23,Duplicate Order,Approved,,3360.41
905495,702323,2024-11-05,,,Store Credit,3670.26
905496,710851,2025-05-16,Late Delivery,requested,Store Credit,651.9
905497,707834,2025-04-01,Quality Issue,Completed,original payment,13974.11
905498,705996,2024-10-04,Late Delivery,requested,,8105.1
905499,709825,2025-08-13,Size Issue,Rejected,Bank Transfer,3594.98
905500,707790,2025-01-07,,requested,Original Payment,1741.69
905501,707687,2025-01-06,Late Delivery,approved,Original Payment,1597.28
905502,717804,2025-03-12,damaged,approved,Store Credit,7437.01
905503,701647,2024-06-14,Changed Mind,Rejected,Store Credit,0.0
905504,712951,2025-11-19,Duplicate Order,approved,Store Credit,4488.6
905505,703842,2025-11-14,Quality Issue,Completed,Original Payment,36454.55
905506,707481,2025-01-01,Duplicate Order,Rejected,,3472.05
905507,715978,2025-09-10,Duplicate Order,Completed,Original Payment,3529.4
905508,710650,2025-07-03,Not as Expected,Requested,Bank Transfer,22688.1
905509,703708,2025-02-06,Changed Mind,requested,UPI,1742.63
905510,715550,2025-09-18,size issue,requested,Store Credit,937.3
905511,705950,2026-01-02,Quality Issue,requested,original payment,9747.49
905512,707307,2025-09-26,Wrong Item,requested,original payment,762.54
905513,711517,2025-11-16,Late Delivery,Completed,original payment,2983.82
905514,705302,2024-10-29,size issue,Requested,,2770.84
905515,716540,2024-01-30,Changed Mind,approved,,34888.0
905516,706321,2025-11-09,Duplicate Order,requested,UPI,2934.1
905517,704134,2024-11-20,Duplicate Order,requested,Bank Transfer,6334.73
905518,713264,2025-07-12,,requested,Store Credit,10653.78
905519,702230,2025-09-09,Duplicate Order,approved,UPI,1958.23
905520,708859,2025-09-02,Duplicate Order,Requested,UPI,1407.05
905521,708816,2025-07-09,,Rejected,,1043.89
905522,703487,2025-06-01,Duplicate Order,,,5045.44
905523,702932,2025-03-29,size issue,requested,,5764.72
905524,709093,2025-09-10,Late Delivery,Completed,Original Payment,8001.34
905525,717529,2024-08-11,Wrong Item,approved,original payment,12050.95
905526,712448,2024-12-06,Duplicate Order,Completed,Store Credit,4475.65
905527,711437,2024-12-29,Quality Issue,Rejected,Store Credit,9078.2
905528,706132,2024-03-22,Not as Expected,,UPI,5555.07
905529,701263,2024-04-13,Quality Issue,Completed,Original Payment,1141.44
905530,702444,2024-10-31,size issue,Requested,Original Payment,3939.77
905531,702909,2024-02-04,Wrong Item,Completed,UPI,6408.3
905532,704018,2024-10-21,Late Delivery,approved,UPI,5140.73
905533,713895,2024-02-13,Duplicate Order,approved,UPI,5025.14
905534,710395,2024-11-24,Damaged,Completed,Bank Transfer,999999.0
905535,705679,2025-06-07,Duplicate Order,Rejected,,15505.41
905536,719490,2024-11-29,Size Issue,Approved,Original Payment,18430.77
905537,701996,2024-12-26,Size Issue,approved,UPI,720.64
905538,704837,2024-10-29,size issue,requested,,3646.49
905539,703566,2024-01-21,damaged,approved,Bank Transfer,960.03
905540,706572,2024-04-09,damaged,requested,Store Credit,2016.31
905541,710414,2024-04-08,Not as Expected,approved,Original Payment,1454.79
905542,706387,2024-03-16,Quality Issue,Completed,Original Payment,0.0
905543,717205,2025-11-13,size issue,Approved,Original Payment,7054.45
905544,701081,2024-01-28,Duplicate Order,approved,original payment,2232.33
905545,718740,2025-12-30,Wrong Item,Approved,Original Payment,3645.63
905546,706529,2024-10-12,Damaged,,original payment,19514.86
905547,715535,2025-03-11,Damaged,,original payment,9020.72
905548,700459,2025-04-05,Late Delivery,approved,UPI,3971.52
905549,714733,2024-07-24,Late Delivery,Approved,,4459.3
905550,700863,2024-07-17,Duplicate Order,requested,,0.0
905551,713552,2025-06-26,size issue,Approved,Bank Transfer,1316.31
905552,712836,2025-08-16,Quality Issue,approved,Original Payment,11544.95
905553,706507,2024-10-21,Wrong Item,Completed,Bank Transfer,11481.7
905554,703410,2025-09-12,damaged,,,21478.7
905555,715963,2026-01-12,Wrong Item,Approved,Store Credit,4435.96
905556,708434,2025-09-02,Damaged,Completed,Bank Transfer,4091.79
905557,701207,2024-12-09,Not as Expected,requested,Store Credit,385.07
905558,702184,2024-11-07,Late Delivery,Approved,Bank Transfer,987.62
905559,700806,2024-11-25,Not as Expected,requested,original payment,2608.43
905560,718198,2025-03-01,size issue,Completed,Bank Transfer,1428.18
905561,718287,2025-05-29,Size Issue,requested,Bank Transfer,4139.86
905562,706433,2025-10-29,damaged,requested,original payment,6091.59
905563,709778,2024-11-17,Size Issue,Requested,original payment,8655.11
905564,717435,2025-12-25,size issue,Completed,original payment,4973.83
905565,714638,2025-10-30,Wrong Item,requested,Bank Transfer,2232.52
905566,703690,2024-07-17,Damaged,requested,Bank Transfer,10066.55
905567,706071,2025-04-09,Size Issue,requested,Store Credit,9312.2
905568,717773,2025-10-24,damaged,Completed,,0.0
905569,713971,2025-11-11,,Rejected,original payment,14857.77
905570,713544,2025-08-09,Size Issue,Completed,UPI,886.93
905571,710233,2025-07-29,Changed Mind,approved,original payment,8419.73
905572,707789,2024-12-13,Wrong Item,,Store Credit,789.31
905573,714753,2024-05-07,Quality Issue,requested,original payment,3240.48
905574,714599,2024-04-01,Size Issue,requested,UPI,2635.19
905575,711001,2025-12-16,Damaged,Completed,Bank Transfer,2423.07
905576,713045,2024-09-18,Not as Expected,approved,Store Credit,0.0
905577,716496,2024-04-14,Late Delivery,Rejected,Store Credit,2327.88
905578,712793,2024-02-25,Late Delivery,requested,Original Payment,1568.81
905579,705820,2025-07-27,Duplicate Order,,UPI,721.19
905580,714050,2025-11-13,Damaged,,,2390.21
905581,716294,2025-08-24,,,original payment,0.0
905582,711797,2024-09-17,Duplicate Order,Completed,Store Credit,1032.82
905583,700441,2024-11-20,damaged,requested,,7873.76
905584,701222,2024-12-29,Duplicate Order,requested,Bank Transfer,7758.3
905585,702084,2025-09-11,Not as Expected,Approved,UPI,20186.02
905586,712534,2024-04-12,size issue,Requested,,1481.85
905587,714051,2024-02-16,Changed Mind,,original payment,3731.18
905588,706352,2024-08-27,Duplicate Order,,Original Payment,2588.29
905589,707326,2024-07-30,Changed Mind,Requested,,2070.03
905590,715977,2024-09-10,,Rejected,,3543.79
905591,705781,2025-12-19,Changed Mind,Requested,Bank Transfer,616.86
905592,719137,2025-03-03,Size Issue,Rejected,Original Payment,1341.29
905593,712065,2024-07-29,,Rejected,Store Credit,20415.77
905594,710870,2025-05-21,Changed Mind,requested,Original Payment,1110.51
905595,716713,2024-01-04,Not as Expected,Completed,Store Credit,4049.5
905596,712014,2025-06-10,Not as Expected,,Original Payment,4342.04
905597,716488,2025-06-08,Damaged,requested,Bank Transfer,2555.57
905598,717190,2025-07-25,Wrong Item,,original payment,4621.31
905599,700308,2025-08-23,Quality Issue,,,9558.32
905600,715504,2025-05-06,Damaged,approved,Original Payment,234.8
905601,708646,2025-11-24,Quality Issue,requested,original payment,6279.16
905602,700168,2025-12-17,Size Issue,approved,Original Payment,8670.19
905603,706475,2024-04-12,Not as Expected,Completed,,1206.09
905604,710514,2025-05-25,damaged,Rejected,original payment,2597.03
905605,701109,2024-07-25,Changed Mind,Requested,UPI,435.21
905606,704436,2024-10-17,Wrong Item,Completed,UPI,3918.23
905607,711771,2024-11-14,Changed Mind,requested,Store Credit,3886.33
905608,709280,2025-09-14,Not as Expected,approved,Bank Transfer,768.61
905609,716102,2024-12-08,Duplicate Order,Rejected,original payment,3485.64
905610,719964,2025-04-27,Wrong Item,,Bank Transfer,5273.67
905611,701559,2024-09-07,,Requested,original payment,1265.28
905612,709596,2024-09-06,Not as Expected,Rejected,original payment,1649.0
905613,701878,2024-07-07,Not as Expected,Requested,Original Payment,0.0
905614,718834,2025-04-19,damaged,approved,Original Payment,1239.63
905615,717334,2025-02-05,Damaged,Approved,UPI,2094.18
905616,708626,2024-10-21,Wrong Item,approved,,1065.02
905617,707042,2024-12-21,,requested,,6037.94
905618,704016,2025-02-19,Changed Mind,Completed,Bank Transfer,13573.23
905619,717131,2024-03-26,damaged,requested,original payment,0.0
905620,712804,2025-09-15,,approved,Original Payment,4147.08
905621,708901,2025-02-16,,Rejected,original payment,9590.75
905622,712329,2025-01-14,Size Issue,,UPI,6046.54
905623,707570,2025-08-10,damaged,,Store Credit,3962.47
905624,709252,2024-03-17,Size Issue,Requested,Original Payment,1182.4
905625,714499,2025-12-13,Damaged,Requested,Original Payment,7925.04
905626,709523,2025-08-16,Wrong Item,Requested,Bank Transfer,19239.65
905627,719956,2025-04-22,Size Issue,approved,Bank Transfer,24816.03
905628,707796,2025-04-22,,Completed,Original Payment,3169.13
905629,707878,2025-02-12,Wrong Item,Rejected,,5741.18
905630,709564,2024-01-23,damaged,,original payment,8632.73
905631,716255,2024-09-22,,Approved,Store Credit,1879.08
905632,714785,2024-06-13,Late Delivery,Requested,Store Credit,780.32
905633,712623,2024-06-17,Changed Mind,Requested,UPI,13997.94
905634,701397,2025-10-26,Duplicate Order,Completed,Bank Transfer,4947.6
905635,705699,2025-03-28,Size Issue,approved,original payment,535.12
905636,710278,2024-05-26,Size Issue,requested,,7421.95
905637,705117,2025-01-18,Size Issue,requested,original payment,43867.79
905638,705421,2025-10-25,Quality Issue,approved,Bank Transfer,3919.32
905639,710424,2025-03-10,Changed Mind,requested,Store Credit,7891.77
905640,700970,2024-08-13,Changed Mind,Rejected,Original Payment,0.0
905641,718690,2024-03-02,Quality Issue,Approved,original payment,32574.51
905642,718173,2024-02-23,damaged,Rejected,,3618.64
905643,710044,2024-03-14,,,Bank Transfer,2438.72
905644,711980,2024-10-13,Late Delivery,Requested,Bank Transfer,3955.03
905645,705061,2024-06-27,Not as Expected,,UPI,1919.47
905646,710983,2024-09-03,Size Issue,,,18153.77
905647,713574,2024-05-11,size issue,Rejected,UPI,682.42
905648,701418,2024-10-23,Changed Mind,Approved,original payment,26084.87
905649,707467,2025-07-18,Duplicate Order,approved,Store Credit,4653.2
905650,718463,2024-02-10,Damaged,Requested,original payment,3190.88
905651,709989,2024-08-31,damaged,Approved,,3429.71
905652,713871,2025-06-26,Wrong Item,Completed,original payment,1348.59
905653,718758,2025-03-25,,,original payment,6447.78
905654,719506,2024-05-12,Duplicate Order,approved,Original Payment,1407.19
905655,713787,2025-03-28,Quality Issue,,original payment,3440.59
905656,715112,2024-02-29,Size Issue,Approved,Store Credit,1073.45
905657,706528,2024-07-30,Wrong Item,approved,original payment,2176.88
905658,712555,2024-02-16,size issue,Completed,original payment,938.17
905659,711814,2025-05-19,Damaged,Approved,original payment,999999.0
905660,714060,2024-04-18,Damaged,Completed,,1020.99
905661,705598,2024-11-17,Late Delivery,approved,Store Credit,2575.97
905662,711761,2024-06-18,Size Issue,Completed,Original Payment,1749.35
905663,710773,2025-01-05,Late Delivery,Completed,UPI,1405.66
905664,705960,2024-11-18,size issue,Rejected,Original Payment,4610.87
905665,711933,2025-02-27,Size Issue,Completed,Bank Transfer,727.75
905666,718049,2025-09-05,Late Delivery,Requested,original payment,0.0
905667,705743,2025-02-24,Changed Mind,Approved,Store Credit,502.18
905668,704981,2024-08-14,Duplicate Order,Approved,Bank Transfer,1396.42
905669,709703,2024-11-28,damaged,requested,original payment,8776.37
905670,708162,2025-12-23,Late Delivery,Requested,original payment,1020.5
905671,703505,2024-02-06,Late Delivery,Completed,Store Credit,3232.49
905672,711888,2025-12-15,size issue,Rejected,UPI,10023.96
905673,715788,2025-03-02,Duplicate Order,Completed,Store Credit,15786.08
905674,711081,2024-09-22,Size Issue,,Store Credit,1481.72
905675,719879,2025-04-21,Quality Issue,requested,original payment,10157.38
905676,700621,2025-05-23,Damaged,approved,Bank Transfer,636.8
905677,702838,2024-08-13,,Completed,Original Payment,1054.29
905678,714400,2025-11-18,Wrong Item,Requested,Original Payment,13361.92
905679,709728,2024-12-06,,approved,Store Credit,3011.91
905680,719055,2024-03-06,Wrong Item,Rejected,Store Credit,2903.95
905681,713202,2024-04-26,Damaged,Requested,original payment,4953.72
905682,701642,2025-05-23,Damaged,Rejected,UPI,868.52
905683,700424,2025-08-03,damaged,approved,original payment,2090.96
905684,710633,2024-07-21,Late Delivery,approved,original payment,676.53
905685,710516,2025-11-07,Duplicate Order,Approved,Original Payment,1568.54
905686,709201,2025-09-18,Late Delivery,approved,UPI,8200.43
905687,700509,2024-04-10,Damaged,Requested,Bank Transfer,2962.86
905688,705493,2024-06-05,Wrong Item,Rejected,original payment,2083.06
905689,716193,2026-01-06,Changed Mind,Approved,Store Credit,803.87
905690,714463,2025-07-29,damaged,requested,,4823.88
905691,708024,2024-02-02,Damaged,approved,Original Payment,-500.0
905692,712334,2025-12-07,Quality Issue,Requested,Original Payment,11578.36
905693,708141,2024-08-27,size issue,Approved,original payment,3921.79
905694,706599,2025-06-04,Quality Issue,Completed,Original Payment,2580.22
905695,703584,2025-06-26,damaged,,original payment,1787.08
905696,715586,2024-04-21,Wrong Item,Rejected,Bank Transfer,2812.66
905697,713156,2024-02-19,Damaged,Completed,Bank Transfer,657.32
905698,711206,2024-10-27,Wrong Item,approved,original payment,20976.93
905699,708982,2025-07-31,Size Issue,requested,,3945.89
905700,708509,2024-05-06,Changed Mind,approved,UPI,1479.54
905701,705109,2024-11-05,Size Issue,requested,Original Payment,1921.25
905702,708092,2025-11-28,Not as Expected,requested,Original Payment,3181.15
905703,717615,2025-04-01,,Requested,UPI,4346.29
905704,717558,2025-08-12,Not as Expected,,UPI,6344.47
905705,706583,2024-12-25,size issue,requested,Original Payment,4824.96
905706,708531,2024-03-14,Damaged,,Original Payment,6845.56
905707,705110,2024-02-04,size issue,approved,UPI,922.56
905708,707496,2024-07-28,Damaged,Approved,Original Payment,1858.35
905709,700281,2025-05-07,Duplicate Order,Approved,original payment,2055.35
905710,705542,2024-10-20,Size Issue,requested,Original Payment,670.97
905711,719023,2024-09-25,Changed Mind,Requested,Store Credit,824.32
905712,719012,2024-01-25,Late Delivery,approved,Bank Transfer,742.1
905713,709212,2024-06-13,Damaged,Rejected,Original Payment,785.32
905714,702521,2024-06-11,damaged,Completed,Store Credit,2918.28
905715,718851,2025-10-04,size issue,Completed,Store Credit,2021.18
905716,711452,2025-05-23,Duplicate Order,Approved,original payment,1573.53
905717,700968,2024-01-15,Late Delivery,requested,Store Credit,5069.82
905718,719771,2026-01-02,,approved,UPI,2148.31
905719,713079,2024-12-31,size issue,Rejected,Original Payment,11840.15
905720,718262,2025-09-12,damaged,Completed,Bank Transfer,1943.72
905721,714554,2025-03-10,Changed Mind,approved,Bank Transfer,5630.96
905722,704381,2024-08-31,,,UPI,9859.53
905723,719495,2024-04-21,Not as Expected,approved,Store Credit,1157.89
905724,716913,2025-09-12,Damaged,Approved,original payment,3270.18
905725,700501,2026-01-11,Damaged,Rejected,original payment,1615.16
905726,703128,2025-06-05,damaged,Approved,,5453.71
905727,709278,2025-12-30,Changed Mind,requested,Store Credit,6155.21
905728,718606,2025-11-09,Wrong Item,Completed,Store Credit,11010.45
905729,708623,2025-08-07,size issue,Requested,Store Credit,4683.46
905730,716049,2025-07-18,Late Delivery,Approved,Bank Transfer,0.0
905731,714724,2025-10-13,Changed Mind,Approved,Store Credit,9130.66
905732,707931,2024-03-03,Late Delivery,requested,UPI,11244.14
905733,718871,2025-05-13,Wrong Item,Completed,original payment,1024.75
905734,713953,2024-10-03,Not as Expected,Requested,UPI,11187.33
905735,702747,2025-02-15,Quality Issue,approved,Bank Transfer,999999.0
905736,714185,2025-07-08,Not as Expected,Requested,original payment,5353.16
905737,700837,2025-05-24,Changed Mind,requested,,367.72
905738,714246,2025-11-03,size issue,requested,UPI,2318.63
905739,703647,2024-07-13,damaged,requested,,31052.84
905740,713323,2024-02-01,,Approved,original payment,1485.3
905741,717422,2026-01-06,Duplicate Order,,original payment,1221.23
905742,709766,2024-08-15,Wrong Item,Approved,UPI,2561.54
905743,701555,2024-05-11,Changed Mind,Approved,UPI,982.76
905744,708222,2025-06-09,Damaged,Completed,,902.74
905745,713247,2024-04-21,Size Issue,approved,Original Payment,3009.32
905746,708511,2025-08-16,size issue,approved,Bank Transfer,8672.59
905747,706398,2024-11-01,Size Issue,approved,original payment,2734.87
905748,712243,2025-05-27,Size Issue,requested,original payment,3900.61
905749,714127,2025-09-21,Size Issue,Completed,original payment,3814.41
905750,703628,2024-12-22,Wrong Item,requested,,2349.66
905751,710718,2024-05-03,Not as Expected,Completed,original payment,0.0
905752,703658,2024-07-23,Size Issue,approved,Original Payment,0.0
905753,706176,2025-05-29,Changed Mind,requested,UPI,23166.73
905754,709879,2024-11-24,Wrong Item,requested,original payment,1055.58
905755,715246,2024-12-18,Quality Issue,,Original Payment,9800.34
905756,705949,2025-05-14,Not as Expected,Rejected,Original Payment,4291.78
905757,710318,2024-05-01,Duplicate Order,approved,,5354.92
905758,713027,2024-11-16,Wrong Item,,,6205.14
905759,716558,2024-01-28,Quality Issue,Requested,,1628.0
905760,718524,2024-04-13,Changed Mind,Rejected,Store Credit,1744.51
905761,714738,2025-03-13,,Completed,original payment,1622628.25
905762,715132,2025-01-12,Wrong Item,Rejected,Original Payment,8212.03
905763,719079,2025-03-14,Changed Mind,requested,Original Payment,1334.86
905764,702864,2024-04-09,Late Delivery,Requested,,3843.01
905765,717995,2024-03-24,Late Delivery,Approved,Store Credit,3813.47
905766,703613,2024-05-19,,requested,UPI,7126.85
905767,703978,2025-06-09,Quality Issue,Requested,original payment,2075.66
905768,704412,2024-09-12,Quality Issue,Completed,Original Payment,1856.39
905769,703783,2024-01-11,Size Issue,Rejected,,0.0
905770,703038,2025-10-10,Wrong Item,approved,Original Payment,10777.29
905771,716256,2025-04-25,Not as Expected,requested,Store Credit,3492.67
905772,713232,2024-03-22,damaged,,Bank Transfer,718470.17
905773,715228,2024-11-10,damaged,Approved,Original Payment,4520.04
905774,716142,2025-05-24,Duplicate Order,Rejected,,11056.89
905775,701930,2025-12-13,Late Delivery,,,4140.36
905776,719387,2024-08-22,Wrong Item,Rejected,original payment,6121.04
905777,704823,2024-02-10,Not as Expected,Requested,original payment,22557.12
905778,706222,2025-08-28,Size Issue,Rejected,,2034.88
905779,716188,2024-02-03,size issue,requested,Original Payment,973.68
905780,708949,2025-03-18,Changed Mind,Completed,UPI,947.43
905781,708796,2025-01-13,,requested,Store Credit,6071.0
905782,711621,2025-11-26,Size Issue,Rejected,UPI,651.88
905783,707832,2025-05-29,size issue,Rejected,UPI,6859.72
905784,702660,2025-12-29,,Requested,Bank Transfer,3888.14
905785,705752,2024-08-25,damaged,Rejected,original payment,4340.84
905786,703279,2024-07-11,size issue,Completed,,982.16
905787,700643,2025-10-28,Late Delivery,Approved,UPI,0.0
905788,719288,2024-12-20,Damaged,Completed,original payment,235.11
905789,719526,2024-04-01,Late Delivery,requested,Bank Transfer,999999.0
905790,717178,2025-11-16,Not as Expected,approved,original payment,5109.61
905791,717279,2024-10-18,Wrong Item,Approved,Bank Transfer,3436.82
905792,708993,2024-03-09,Late Delivery,Completed,UPI,4690.42
905793,711844,2025-07-29,Changed Mind,,Bank Transfer,28120.2
905794,715955,2025-07-04,Quality Issue,approved,original payment,934.42
905795,706488,2025-01-07,Not as Expected,requested,Original Payment,1979.01
905796,716772,2024-11-13,,Completed,UPI,1523.96
905797,707653,2024-01-27,Duplicate Order,Approved,Bank Transfer,2195.19
905798,704963,2024-12-29,Late Delivery,requested,Store Credit,2157.22
905799,704473,2024-07-16,damaged,requested,Store Credit,9421.21
905800,714062,2024-05-08,Changed Mind,Rejected,original payment,1656.83
905801,700804,2025-07-01,Wrong Item,requested,Original Payment,4580.67
905802,706516,2024-07-04,,Completed,Bank Transfer,1684.46
905803,711417,2024-06-13,Quality Issue,requested,UPI,3422.42
905804,702843,2024-08-27,Duplicate Order,Completed,UPI,3785.44
905805,707220,2025-09-25,Changed Mind,requested,Store Credit,2830.9
905806,714337,2025-09-28,Wrong Item,Approved,original payment,9148.36
905807,707222,2024-08-21,Size Issue,Completed,Store Credit,5104.65
905808,715368,2024-07-06,Late Delivery,Rejected,Original Payment,15870.06
905809,713626,2025-02-28,Duplicate Order,Requested,Original Payment,8725.13
905810,705151,2024-02-19,Damaged,approved,UPI,3069.92
905811,701233,2024-10-19,Late Delivery,Completed,original payment,4103.49
905812,718487,2024-05-19,size issue,Completed,,6944.49
905813,705857,2025-03-02,Changed Mind,Requested,original payment,544.21
905814,718403,2024-05-24,size issue,requested,original payment,738.78
905815,701814,2025-09-22,Duplicate Order,Requested,UPI,4051.52
905816,706795,2025-09-26,,,UPI,2577.59
905817,706487,2025-11-03,Quality Issue,Approved,original payment,311.0
905818,717735,2025-02-13,size issue,requested,original payment,17555.82
905819,710175,2024-08-14,size issue,Rejected,Bank Transfer,35884.84
905820,713169,2024-02-08,,,Bank Transfer,18010.23
905821,704136,2025-01-28,damaged,,,718.25
905822,704958,2025-12-07,,,Original Payment,5791.39
905823,706950,2025-05-30,Quality Issue,requested,Store Credit,3145412.99
905824,709290,2024-02-23,Quality Issue,Rejected,Original Payment,1313.22
905825,716040,2024-12-18,Quality Issue,,Bank Transfer,17595.21
905826,705487,2024-03-08,Damaged,Requested,UPI,8198.16
905827,712414,2025-05-19,,Completed,,3615.51
905828,704522,2024-08-03,size issue,Approved,Store Credit,5602.38
905829,713182,2024-05-16,Duplicate Order,approved,,6807.56
905830,717851,2024-05-12,size issue,Completed,Bank Transfer,2725.23
905831,704227,2024-11-13,Quality Issue,Approved,original payment,2538.31
905832,711912,2024-01-26,Changed Mind,Completed,Bank Transfer,19533.68
905833,703357,2024-03-12,Wrong Item,approved,,1258.92
905834,718099,2025-03-02,Changed Mind,Rejected,UPI,878.53
905835,705999,2025-11-04,Changed Mind,requested,UPI,2547.17
905836,705843,2025-09-08,Quality Issue,,original payment,4648.42
905837,717248,2025-09-09,Damaged,Approved,Store Credit,1283.58
905838,718499,2025-09-28,Damaged,approved,original payment,756.1
905839,701381,2024-05-27,damaged,approved,Original Payment,1290.37
905840,707198,2024-10-26,,Completed,original payment,608.81
905841,719287,2025-02-23,Not as Expected,,Store Credit,6357.49
905842,714054,2024-11-02,,Completed,Store Credit,302.61
905843,702256,2025-06-10,,approved,UPI,105773.95
905844,704906,2025-02-05,Changed Mind,,original payment,2667.79
905845,719344,2024-09-08,Wrong Item,,,8671.44
905846,715095,2025-05-04,Changed Mind,approved,,1508.9
905847,701295,2024-07-03,Wrong Item,Approved,UPI,5972.31
905848,708360,2024-03-17,Wrong Item,approved,original payment,4590.57
905849,719885,2025-04-24,Damaged,Rejected,UPI,1519.64
905850,709858,2024-01-24,Size Issue,Rejected,Original Payment,7940.84
905851,716977,2025-11-23,Damaged,Requested,Original Payment,1552.41
905852,705380,2024-08-10,damaged,requested,Original Payment,4092.73
905853,704720,2024-07-27,Wrong Item,Rejected,Store Credit,20165.88
905854,713652,2025-10-02,Wrong Item,Approved,Bank Transfer,606.24
905855,718365,2024-02-19,size issue,Requested,original payment,2363.65
905856,710347,2025-04-28,Late Delivery,approved,Bank Transfer,2459.25
905857,703155,2024-10-10,damaged,requested,UPI,6443.34
905858,707698,2025-01-23,Changed Mind,Approved,original payment,3660.84
905859,719713,2024-10-27,Not as Expected,Approved,Store Credit,3397.74
905860,708810,2025-06-21,Wrong Item,Approved,Store Credit,1542.33
905861,715398,2025-09-15,Changed Mind,Completed,original payment,2336.91
905862,700994,2024-10-17,Size Issue,requested,,1365.46
905863,704420,2023-11-05,Late Delivery,Approved,Store Credit,55992.72
905864,711734,2025-03-06,,approved,Bank Transfer,7438.36
905865,708228,2025-06-04,Late Delivery,,Store Credit,824.29
905866,704669,2025-09-16,Quality Issue,Completed,Bank Transfer,3667.37
905867,719973,2025-06-07,damaged,,Bank Transfer,2516.32
905868,705242,2024-05-10,Quality Issue,Completed,Original Payment,7628.63
905869,711134,2025-03-28,Duplicate Order,Requested,Bank Transfer,2414.89
905870,719608,2024-10-12,Size Issue,approved,,6237.82
905871,704130,2024-03-08,Size Issue,Rejected,original payment,11496.39
905872,700873,2025-12-09,Quality Issue,Rejected,Original Payment,3140.14
905873,700340,2024-02-07,Late Delivery,requested,Bank Transfer,0.0
905874,712715,2025-05-06,damaged,Rejected,Bank Transfer,552.49
905875,714135,2024-03-23,Duplicate Order,Rejected,UPI,9699.47
905876,705607,2026-01-19,Quality Issue,Rejected,,4394.63
905877,708508,2024-12-27,,Completed,Original Payment,2387.02
905878,718563,2024-03-24,Quality Issue,approved,Original Payment,2245.61
905879,708685,2025-11-02,,,original payment,29835.89
905880,716274,2024-02-18,Duplicate Order,Completed,Store Credit,5248.34
905881,718322,2024-04-06,Not as Expected,Rejected,original payment,15663.17
905882,715739,2025-12-26,Late Delivery,Requested,Bank Transfer,1824.31
905883,706817,2025-11-21,,,UPI,3635.82
905884,707201,2025-07-31,Duplicate Order,Completed,UPI,32313.02
905885,712423,2025-07-03,Damaged,,original payment,1305146.64
905886,715631,2025-09-13,damaged,Approved,original payment,1370.31
905887,703638,2025-07-06,Wrong Item,Approved,,906.82
905888,707523,2025-12-26,Damaged,Approved,Original Payment,12876.24
905889,701671,2024-01-04,Damaged,,original payment,308.63
905890,701277,2024-10-11,size issue,Rejected,,21555.17
905891,705496,2025-12-12,Quality Issue,approved,UPI,15756.8
905892,717549,2024-08-14,Duplicate Order,Requested,,3005.1
905893,714779,2024-12-04,Quality Issue,,Bank Transfer,344.49
905894,710802,2024-10-23,Changed Mind,Requested,original payment,1924.74
905895,717839,2024-05-09,,Completed,,7553.26
905896,718323,2024-02-15,Wrong Item,Approved,Original Payment,2538.44
905897,714286,2024-06-13,size issue,Requested,original payment,0.0
905898,700553,2025-08-11,Late Delivery,approved,original payment,20974.52
905899,715679,2024-03-03,Changed Mind,,UPI,4570.17
905900,711323,2024-06-11,Not as Expected,Requested,original payment,477.99
905901,719823,2024-05-31,Not as Expected,Completed,original payment,10428.15
905902,710420,2024-05-04,size issue,Requested,UPI,1020.92
905903,706260,2025-10-29,Quality Issue,Requested,UPI,962.38
905904,700757,2024-10-27,Size Issue,approved,UPI,32722.41
905905,717282,2024-02-05,damaged,Requested,Original Payment,5089.23
905906,716839,2024-07-28,Not as Expected,Requested,UPI,368.28
905907,711460,2025-12-10,Late Delivery,approved,Bank Transfer,8825.29
905908,713350,2024-12-13,Late Delivery,Rejected,,912.77
905909,711536,2024-05-22,Quality Issue,approved,original payment,2707.4
905910,716091,2025-06-27,,Requested,Original Payment,431.83
905911,706802,2024-11-24,damaged,Approved,Bank Transfer,3983082.01
905912,700914,2025-12-19,Not as Expected,Approved,,9439.99
905913,708941,2024-11-02,Not as Expected,Completed,,2542.54
905914,702145,2025-01-28,damaged,approved,,5649.87
905915,718798,2024-11-18,Changed Mind,Approved,Store Credit,2127.33
905916,709624,2024-03-10,damaged,Completed,original payment,4835.04
905917,718814,2025-07-05,damaged,Requested,Store Credit,3992.26
905918,709648,2025-06-12,size issue,requested,Store Credit,13497.08
905919,712818,2026-01-13,size issue,,original payment,0.0
905920,712986,2025-01-24,Not as Expected,Completed,UPI,2381.89
905921,702324,2024-08-27,Damaged,Completed,Bank Transfer,4131.27
905922,708075,2024-10-14,Damaged,Completed,Store Credit,701.53
905923,700770,2024-11-30,Late Delivery,Completed,Bank Transfer,1197.12
905924,712599,2025-11-07,damaged,approved,,2539.71
905925,718775,2025-02-04,size issue,Completed,original payment,0.0
905926,709711,2024-09-24,Size Issue,Completed,UPI,1231790.25
905927,714590,2025-04-10,Late Delivery,Rejected,Bank Transfer,4936.75
905928,710961,2025-02-11,Changed Mind,Completed,Bank Transfer,21407.43
905929,701205,2024-02-22,damaged,Completed,,7254.89
905930,708025,2025-12-17,damaged,approved,Original Payment,4437.82
905931,703621,2024-12-23,Duplicate Order,Requested,original payment,9954.25
905932,704778,2025-03-31,Duplicate Order,Completed,UPI,1632.64
905933,714710,2024-06-16,Wrong Item,approved,UPI,2204897.04
905934,715716,2024-10-29,,Completed,,3065.34
905935,711067,2026-01-21,,approved,Original Payment,2018.45
905936,707213,2024-01-08,Late Delivery,Rejected,Original Payment,28969.22
905937,717495,2025-02-09,Late Delivery,requested,Original Payment,1637.79
905938,710413,2025-11-16,Size Issue,Requested,original payment,1122.61
905939,715425,2025-02-06,Not as Expected,Requested,Store Credit,0.0
905940,714492,2024-07-11,Damaged,Rejected,Store Credit,1799236.44
905941,714105,2025-01-19,,Requested,,7216.53
905942,708417,2024-04-10,Not as Expected,Requested,,278.02
905943,710849,2024-12-17,Not as Expected,requested,,547.3
905944,702318,2024-01-17,Not as Expected,approved,Bank Transfer,8308.36
905945,709752,2025-05-11,Changed Mind,requested,Store Credit,2708.83
905946,715970,2024-03-09,,Approved,Bank Transfer,18440.24
905947,718279,2024-08-02,Quality Issue,requested,,3966.74
905948,710015,2024-08-04,Quality Issue,requested,Original Payment,1335.37
905949,701759,2024-07-12,,Approved,,3872.57
905950,710051,2024-02-10,Changed Mind,Completed,Original Payment,2887.51
905951,714197,2025-07-09,Not as Expected,Approved,original payment,1949.95
905952,706864,2024-02-26,Changed Mind,Completed,Store Credit,13022.84
905953,701958,2024-04-18,Not as Expected,Requested,Store Credit,17602.56
905954,704708,2025-05-26,size issue,Rejected,Store Credit,3565.67
905955,712789,2025-12-31,Damaged,requested,original payment,1792.29
905956,706665,2025-07-06,damaged,approved,UPI,259.57
905957,700803,2025-03-06,Damaged,requested,original payment,1196.0
905958,709041,2024-06-13,Quality Issue,approved,UPI,1466.12
905959,701074,2025-06-07,Duplicate Order,approved,,11088.43
905960,713550,2025-05-03,Duplicate Order,,Bank Transfer,1671.27
905961,712183,2025-05-17,Wrong Item,approved,Original Payment,922.85
905962,705706,2025-06-05,Size Issue,approved,Original Payment,1535498.99
905963,716684,2025-11-27,size issue,Approved,Bank Transfer,2289.01
905964,707891,2025-07-08,size issue,requested,Bank Transfer,6803.52
905965,700369,2025-01-16,Size Issue,,Bank Transfer,0.0
905966,704659,2024-03-11,Not as Expected,requested,Store Credit,999999.0
905967,706787,2025-04-17,Not as Expected,Requested,original payment,3470.18
905968,719860,2024-11-06,Duplicate Order,Rejected,original payment,1814.55
905969,713005,2026-01-10,Wrong Item,Rejected,original payment,1640.17
905970,718649,2024-03-03,,requested,,5987.44
905971,701643,2025-12-23,Late Delivery,approved,,5920.24
905972,715563,2025-02-25,Duplicate Order,Requested,,20644.04
905973,717299,2025-02-06,Not as Expected,Approved,original payment,9829.21
905974,706242,2024-07-15,Quality Issue,Completed,,1117.69
905975,709333,2024-07-29,Size Issue,Completed,Bank Transfer,0.0
905976,715839,2025-02-28,damaged,Requested,,1972.71
905977,704064,2025-02-11,Damaged,Rejected,UPI,12921.23
905978,719839,2025-07-23,Duplicate Order,Rejected,original payment,27190.11
905979,702896,2024-12-20,,Completed,original payment,5372.27
905980,709197,2025-01-05,Damaged,Completed,,1523.9
905981,719646,2024-12-02,Changed Mind,approved,Original Payment,11219.71
905982,711146,2024-10-21,Late Delivery,Rejected,Store Credit,18972.42
905983,710685,2025-10-02,Wrong Item,Rejected,Bank Transfer,376.91
905984,707422,2025-07-26,Size Issue,Rejected,Original Payment,21391.23
905985,718877,2024-05-12,Not as Expected,requested,UPI,1832.17
905986,705919,2024-11-08,Damaged,requested,Bank Transfer,1064.69
905987,711662,2024-06-28,Duplicate Order,approved,original payment,3315.9
905988,713033,2026-01-16,damaged,approved,original payment,2519.04
905989,715096,2025-11-10,Duplicate Order,Completed,Store Credit,1900.6
905990,702639,2024-07-29,Size Issue,,,36551.84
905991,707123,2025-04-12,,approved,Store Credit,13896.46
905992,714430,2025-04-04,damaged,approved,Store Credit,21151.01
905993,707676,2024-01-17,Duplicate Order,requested,,4700.13
905994,704726,2024-04-04,Wrong Item,Completed,,-500.0
905995,712352,2025-10-14,Quality Issue,Completed,,223.87
905996,712596,2025-12-13,damaged,Completed,Store Credit,25635.09
905997,704352,2025-12-16,Late Delivery,Approved,Bank Transfer,13172.49
905998,703960,2025-06-25,Quality Issue,Approved,UPI,2323.88
905999,706910,2025-08-03,Late Delivery,Rejected,,2949.75
906000,712124,2024-12-08,,Requested,Store Credit,138579.21
906001,718120,2024-05-12,Changed Mind,approved,,1312.45
906002,700067,2024-03-20,Damaged,Completed,,1660.04
906003,704531,2024-04-10,Not as Expected,approved,original payment,2474.16
906004,716207,2026-01-19,Damaged,Approved,original payment,3623.08
906005,711631,2026-01-20,damaged,Rejected,UPI,3263.39
906006,719945,2024-05-19,Not as Expected,,original payment,1754.96
906007,712644,2024-11-27,Late Delivery,requested,original payment,3382.44
906008,703676,2025-04-04,Size Issue,Rejected,,12136.68
906009,709075,2024-07-11,Damaged,,original payment,2433.61
906010,708736,2025-06-06,Quality Issue,Completed,Original Payment,3636.8
906011,712283,2025-03-24,Duplicate Order,approved,Store Credit,6799.25
906012,714335,2024-10-18,Not as Expected,Rejected,UPI,16519.56
906013,706066,2024-11-06,,,,1701.78
906014,710504,2025-09-15,Damaged,Rejected,Original Payment,7902.91
906015,714944,2025-01-31,Late Delivery,Completed,Bank Transfer,498.76
906016,718308,2024-10-01,Quality Issue,Rejected,Store Credit,4846.68
906017,711201,2024-05-12,Quality Issue,,,1061.76
906018,701632,2024-04-01,Quality Issue,Completed,,3055.15
906019,700359,2024-02-28,Duplicate Order,approved,Store Credit,5727.71
906020,700265,2025-04-30,,requested,original payment,475.27
906021,709345,2026-01-14,Not as Expected,Completed,Original Payment,5752.62
906022,707156,2025-01-13,size issue,Approved,original payment,4850.58
906023,714209,2024-01-12,Changed Mind,Completed,Store Credit,1143.85
906024,717216,2024-07-25,Wrong Item,Completed,original payment,3537.7
906025,704235,2025-05-23,Quality Issue,Requested,,411.63
906026,712884,2025-12-25,Wrong Item,Approved,UPI,10642.55
906027,711322,2024-01-31,Duplicate Order,Rejected,UPI,470.66
906028,712854,2024-11-26,Size Issue,,UPI,862.8
906029,701716,2024-03-14,Not as Expected,Approved,Bank Transfer,2708.1
906030,711487,2024-11-07,,Requested,original payment,5052.34
906031,702472,2025-01-26,Late Delivery,,original payment,11520.21
906032,715573,2024-03-10,Size Issue,Rejected,,749.89
906033,711664,2025-12-06,Late Delivery,requested,Bank Transfer,1763.71
906034,709486,2024-03-08,Damaged,Rejected,UPI,6124.78
906035,709809,2025-08-30,Changed Mind,Approved,Original Payment,16512.33
906036,716349,2024-04-17,Changed Mind,Approved,Bank Transfer,5178.42
906037,706073,2024-09-10,Wrong Item,Requested,Store Credit,5773.52
906038,719756,2025-03-07,Late Delivery,Rejected,UPI,1518.88
906039,700457,2024-02-22,size issue,Completed,UPI,0.0
906040,701262,2024-12-12,size issue,Rejected,original payment,6871.22
906041,710492,2024-05-26,Damaged,approved,original payment,10716.62
906042,704222,2025-06-12,Not as Expected,Requested,,5391.89
906043,711464,2025-07-31,Size Issue,,Original Payment,2768.31
906044,708735,2024-03-12,Size Issue,Rejected,,15349.54
906045,709941,2025-01-15,size issue,approved,,8779.89
906046,706683,2024-02-17,Quality Issue,Completed,Store Credit,4947.07
906047,705382,2025-02-15,,approved,Store Credit,2897.64
906048,702063,2024-08-29,Size Issue,requested,Bank Transfer,10635.22
906049,706944,2025-08-19,Late Delivery,Requested,Bank Transfer,2648.77
906050,710642,2025-01-10,,requested,Bank Transfer,5506.9
906051,716995,2024-07-28,Wrong Item,approved,Bank Transfer,4961.78
906052,700330,2025-03-29,size issue,Completed,Store Credit,4813.44
906053,719280,2025-09-16,Late Delivery,Completed,original payment,2951.75
906054,702300,2024-10-19,Wrong Item,Rejected,Bank Transfer,4066.04
906055,702312,2024-05-17,,Completed,original payment,0.0
906056,712069,2024-10-29,Wrong Item,Rejected,original payment,1295.93
906057,700403,2024-06-18,Duplicate Order,,Original Payment,4920.58
906058,700294,2026-01-03,Duplicate Order,Requested,,20987.75
906059,703274,2025-03-21,Damaged,Approved,UPI,7694.58
906060,714189,2025-10-14,Wrong Item,requested,Original Payment,3017.63
906061,719936,2024-06-10,Wrong Item,approved,UPI,2468.45
906062,705769,2024-12-22,damaged,Completed,Store Credit,1054.04
906063,709822,2024-04-21,Quality Issue,Approved,Store Credit,4935.2
906064,707730,2025-07-23,size issue,Rejected,,1041.95
906065,704668,2024-04-18,Quality Issue,Rejected,Bank Transfer,442.07
906066,700237,2025-09-06,size issue,Approved,Store Credit,22139.71
906067,717636,2025-01-31,size issue,Approved,,3295.74
906068,710700,2024-03-28,Damaged,Requested,Store Credit,1324.01
906069,713135,2025-11-18,Late Delivery,requested,Store Credit,5079.59
906070,709224,2025-07-29,Duplicate Order,Rejected,,1572.19
906071,706169,2024-11-29,Duplicate Order,Requested,Store Credit,4104.8
906072,708608,2025-04-29,Changed Mind,Requested,Original Payment,407.12
906073,712806,2024-10-14,damaged,Rejected,Store Credit,1668.21
906074,712047,2024-05-18,Not as Expected,,Original Payment,2937.99
906075,704243,2024-03-06,damaged,requested,Store Credit,6916.66
906076,711702,2025-10-23,Changed Mind,Rejected,Original Payment,4323.98
906077,711819,2025-12-21,Not as Expected,Requested,,1340.64
906078,704909,2024-12-29,Late Delivery,Requested,Bank Transfer,2171.14
906079,706167,2024-08-21,Quality Issue,,,622.05
906080,702097,2024-01-25,Late Delivery,approved,Bank Transfer,5996.28
906081,712034,2024-02-01,Not as Expected,,UPI,5663.69
906082,710782,2025-08-21,Size Issue,Completed,UPI,857.31
906083,702249,2024-02-04,,Rejected,Store Credit,3427.98
906084,707533,2025-12-27,Changed Mind,approved,Original Payment,13485.01
906085,703169,2024-09-29,Late Delivery,requested,Original Payment,1861.15
906086,710104,2024-12-27,Changed Mind,Approved,Bank Transfer,2836.25
906087,701683,2024-08-18,Duplicate Order,Rejected,,3222.19
906088,710191,2024-11-09,Quality Issue,approved,original payment,1164.04
906089,705135,2024-05-31,,requested,Original Payment,8203.58
906090,715123,2024-05-28,Quality Issue,requested,Bank Transfer,6372.52
906091,714254,2024-07-06,Duplicate Order,,Original Payment,32505.94
906092,714211,2024-08-13,Size Issue,Rejected,Original Payment,3614.81
906093,702336,2024-12-17,Duplicate Order,Completed,original payment,4096.32
906094,717258,2025-11-19,Quality Issue,approved,Bank Transfer,799.48
906095,708187,2025-01-07,Not as Expected,Approved,Bank Transfer,9890.92
906096,703728,2024-09-07,Changed Mind,,UPI,6349.13
906097,704591,2025-08-07,Size Issue,,original payment,5258.15
906098,712495,2024-06-16,Damaged,approved,original payment,2569.98
906099,705208,2025-10-07,Changed Mind,requested,original payment,4364345.06
906100,709794,2024-04-08,damaged,,Store Credit,6574.13
906101,717485,2025-08-16,Changed Mind,Completed,,2531.8
906102,716757,2024-06-16,Damaged,approved,Original Payment,2275.83
906103,709195,2025-10-09,size issue,Completed,original payment,11075.97
906104,718585,2024-05-20,,approved,,2522.09
906105,704565,2024-06-18,Not as Expected,requested,,3275.38
906106,704126,2024-01-17,Late Delivery,Approved,Store Credit,823.27
906107,710429,2025-12-18,Quality Issue,Approved,original payment,607.21
906108,706289,2024-06-25,Wrong Item,Approved,Store Credit,610.37
906109,714940,2024-06-19,Size Issue,Completed,Store Credit,1001.23
906110,718809,2024-12-08,size issue,approved,,1866.45
906111,715304,2024-09-22,Size Issue,requested,,1132.97
906112,700657,2024-02-07,Size Issue,Rejected,Store Credit,1266.65
906113,716879,2024-02-15,Changed Mind,,Bank Transfer,2323.79
906114,712051,2024-12-27,size issue,Completed,Original Payment,1635.88
906115,706343,2025-06-10,Late Delivery,,,9401.82
906116,711882,2024-06-01,Late Delivery,Rejected,Original Payment,1268.72
906117,702477,2024-07-04,,requested,Bank Transfer,1833.44
906118,709584,2024-11-10,Changed Mind,approved,Bank Transfer,780.44
906119,719733,2024-08-12,Damaged,Rejected,,2466.65
906120,716746,2025-12-11,Size Issue,Rejected,Bank Transfer,4755.6
906121,712493,2024-05-31,Damaged,Rejected,Store Credit,8374.12
906122,717580,2025-01-30,Quality Issue,,Bank Transfer,2369.49
906123,717229,2024-05-22,Late Delivery,Requested,Original Payment,1268.6
906124,719897,2024-12-09,,approved,Original Payment,1784.28
906125,702977,2024-07-21,,Requested,original payment,6813.91
906126,700619,2024-09-21,Changed Mind,,Bank Transfer,1817.17
906127,712388,2024-07-09,size issue,requested,Original Payment,1596.13
906128,703008,2024-12-11,Quality Issue,,Bank Transfer,4869.3
906129,710957,2025-03-29,Duplicate Order,Completed,Bank Transfer,3031.07
906130,716677,2024-03-13,Changed Mind,Completed,UPI,0.0
906131,706939,2025-08-27,Not as Expected,Rejected,original payment,2657.76
906132,700107,2025-08-13,Damaged,requested,original payment,2457.82
906133,702555,2024-01-29,Damaged,Approved,original payment,6000.75
906134,703376,2024-04-28,damaged,approved,,15992.52
906135,718840,2024-10-14,Not as Expected,Rejected,,20952.35
906136,708501,2025-07-06,Changed Mind,approved,Store Credit,3898.62
906137,701562,2025-11-13,Changed Mind,Completed,,5253.31
906138,703298,2025-06-10,Size Issue,approved,Store Credit,26005.69
906139,715695,2025-01-16,Late Delivery,approved,Original Payment,1416.31
906140,710675,2024-08-02,Damaged,Completed,,2643.14
906141,705445,2026-01-15,Quality Issue,requested,,642652.09
906142,700187,2024-11-09,Changed Mind,requested,,4933.73
906143,710422,2024-03-18,Late Delivery,Approved,Original Payment,456.9
906144,702986,2024-01-15,damaged,Approved,UPI,17541.63
906145,706422,2026-01-25,Wrong Item,requested,UPI,3233.97
906146,700102,2025-01-06,Changed Mind,requested,original payment,3486.87
906147,718263,2024-08-09,Duplicate Order,Completed,UPI,1249.75
906148,715003,2024-08-02,damaged,,Store Credit,6424.56
906149,708998,2025-10-31,Changed Mind,requested,original payment,874.22
906150,705040,2024-05-08,Duplicate Order,Requested,original payment,6831.96
906151,712005,2025-10-06,Wrong Item,Requested,Original Payment,2076.62
906152,717372,2025-11-22,Changed Mind,approved,Store Credit,0.0
906153,703990,2025-12-14,Changed Mind,requested,UPI,2358.29
906154,715910,2024-10-29,damaged,Requested,Bank Transfer,548.31
906155,715384,2025-07-26,Damaged,Rejected,Store Credit,23028.45
906156,711921,2025-06-10,Wrong Item,,Original Payment,1670.4
906157,710151,2026-01-05,Not as Expected,,Original Payment,29688.95
906158,717996,2025-02-03,damaged,,Original Payment,5120.85
906159,718880,2025-10-06,Duplicate Order,Requested,original payment,1751.28
906160,701750,2024-02-24,Not as Expected,,original payment,1828.77
906161,704723,2025-05-12,Damaged,Rejected,Bank Transfer,479.62
906162,708261,2025-02-20,Duplicate Order,approved,Store Credit,13638.19
906163,707425,2025-05-28,size issue,Rejected,original payment,12604.96
906164,708017,2025-05-05,damaged,Rejected,UPI,6312.65
906165,704509,2025-09-18,Size Issue,Completed,Bank Transfer,9943.4
906166,716407,2024-09-21,,,Bank Transfer,621.32
906167,714634,2025-09-12,Size Issue,Completed,Store Credit,9899.36
906168,717749,2025-04-18,damaged,approved,original payment,1854.12
906169,716331,2025-07-06,,approved,Store Credit,8252.45
906170,711337,2025-05-18,Not as Expected,Approved,Store Credit,26047.27
906171,709479,2024-09-29,Changed Mind,Approved,Bank Transfer,4325.34
906172,705799,2024-06-13,Quality Issue,Rejected,Store Credit,3213965.86
906173,715433,2025-12-29,Wrong Item,Rejected,Bank Transfer,5423.19
906174,716680,2025-02-17,Size Issue,Rejected,Bank Transfer,13218.52
906175,711708,2025-04-18,Quality Issue,Approved,Bank Transfer,6934.1
906176,719585,2025-04-08,Changed Mind,Completed,,8623.54
906177,712568,2025-08-26,Size Issue,Completed,Store Credit,2464.78
906178,701853,2025-11-03,Quality Issue,Approved,Store Credit,2208.97
906179,704152,2024-06-19,,approved,Original Payment,13066.61
906180,701334,2025-12-19,Wrong Item,,Store Credit,4184.8
906181,707268,2024-03-31,Damaged,Rejected,original payment,1823.95
906182,718066,2025-04-19,damaged,Approved,,6896.41
906183,710317,2024-11-28,Late Delivery,Completed,Original Payment,4374.86
906184,703922,2024-03-27,Quality Issue,Requested,original payment,1503.63
906185,718459,2024-12-19,Wrong Item,requested,Bank Transfer,6425.38
906186,714900,2025-03-30,Damaged,approved,Original Payment,14418.39
906187,707007,2025-06-09,Size Issue,requested,Store Credit,3210.25
906188,710738,2024-09-11,damaged,Approved,UPI,22580.28
906189,702590,2024-03-28,Size Issue,Requested,original payment,4144.68
906190,704621,2024-04-21,size issue,Rejected,UPI,1669.87
906191,716618,2024-08-31,damaged,,original payment,1923.27
906192,710337,2025-09-22,Late Delivery,Requested,,22084.73
906193,713578,2025-11-01,damaged,,,11011.8
906194,700135,2025-06-07,Damaged,requested,Store Credit,3867.93
906195,702894,2024-08-16,Damaged,,UPI,3436.68
906196,711640,2025-03-04,Duplicate Order,requested,,2145.91
906197,703187,2024-07-08,size issue,Requested,Store Credit,4549.94
906198,700919,2024-12-06,Quality Issue,Completed,Original Payment,2048.83
906199,713856,2024-12-23,Damaged,Approved,,6676.43
906200,702234,2025-12-02,Changed Mind,,,1512361.47
906201,719239,2024-10-31,Not as Expected,requested,Store Credit,5103.54
906202,702173,2025-05-27,size issue,Rejected,Store Credit,13473.63
906203,705169,2024-09-23,Changed Mind,Approved,original payment,8601.95
906204,701467,2025-04-10,Size Issue,Completed,Store Credit,398.37
906205,707861,2025-08-02,Size Issue,Requested,,2244.11
906206,700507,2024-11-23,Damaged,Requested,,8077.48
906207,708545,2024-03-10,Changed Mind,,original payment,11932.47
906208,701373,2025-09-29,,Requested,,3897.95
906209,717505,2025-07-05,Size Issue,Completed,Original Payment,9449.1
906210,713837,2024-08-28,Wrong Item,requested,original payment,2094.96
906211,704124,2025-02-27,Late Delivery,Requested,Original Payment,3303.22
906212,718898,2024-02-03,size issue,Completed,Original Payment,1165.15
906213,702579,2025-12-20,Duplicate Order,approved,Store Credit,20481.09
906214,701280,2024-02-14,Late Delivery,requested,Bank Transfer,7485.92
906215,707082,2024-02-11,,Completed,UPI,4657.38
906216,704461,2024-05-29,,,Store Credit,517.16
906217,707466,2024-12-13,Duplicate Order,,Original Payment,3482.54
906218,705806,2025-01-07,Not as Expected,approved,Store Credit,4733.58
906219,705575,2025-12-20,Changed Mind,Rejected,UPI,33873.86
906220,704081,2025-07-27,Wrong Item,Approved,UPI,1020.53
906221,702773,2024-08-08,Quality Issue,Requested,Original Payment,9703.66
906222,716086,2024-08-08,size issue,Approved,,178.29
906223,706213,2025-03-29,damaged,requested,Original Payment,1939.27
906224,705172,2024-02-02,Quality Issue,Approved,original payment,4042.88
906225,718034,2025-06-06,Wrong Item,Requested,Bank Transfer,15310.74
906226,707808,2025-01-18,Not as Expected,,,4315.49
906227,718751,2025-08-03,Changed Mind,Requested,Store Credit,1581.85
906228,702423,2025-04-25,Size Issue,Rejected,Original Payment,2879.41
906229,705319,2024-12-29,Duplicate Order,requested,UPI,3701.8
906230,714947,2025-08-31,,Rejected,Bank Transfer,295.87
906231,700548,2025-01-13,Wrong Item,approved,Original Payment,5333.56
906232,717173,2025-12-02,,requested,Original Payment,7071.15
906233,717871,2025-10-05,size issue,Requested,Store Credit,5238.1
906234,713994,2025-03-26,Damaged,,Store Credit,4526.16
906235,710809,2025-01-27,damaged,requested,Bank Transfer,0.0
906236,717333,2025-02-28,Not as Expected,,,6080.27
906237,713424,2025-01-31,damaged,,UPI,3549.16
906238,716079,2026-01-22,Size Issue,Requested,UPI,18034.62
906239,701414,2025-12-21,Quality Issue,Requested,Original Payment,6832.28
906240,713906,2024-12-07,Duplicate Order,Approved,,1187.29
906241,700545,2025-09-04,damaged,Approved,Original Payment,5554.12
906242,716957,2024-06-14,size issue,,UPI,1103.78
906243,707771,2024-06-18,Late Delivery,Rejected,Store Credit,0.0
906244,702130,2025-01-14,size issue,Requested,original payment,7502.01
906245,706729,2025-08-03,Not as Expected,Requested,UPI,2259.44
906246,704749,2025-07-13,Size Issue,Completed,UPI,4043.11
906247,704854,2025-04-20,Changed Mind,Rejected,Bank Transfer,5206.79
906248,716878,2024-07-01,Wrong Item,Approved,Original Payment,2153.65
906249,711207,2025-11-04,Duplicate Order,requested,Store Credit,5668.28
906250,709338,2024-08-18,Changed Mind,requested,UPI,6234.75
906251,701842,2025-10-19,Quality Issue,Completed,UPI,15535.34
906252,703356,2025-08-22,Late Delivery,,Original Payment,0.0
906253,700858,2025-09-10,damaged,requested,Bank Transfer,4936.67
906254,715765,2024-09-10,Quality Issue,Rejected,original payment,2663.73
906255,711143,2024-11-12,Size Issue,approved,,1883.97
906256,706147,2024-07-02,,Rejected,,1609.83
906257,706310,2025-08-18,,Requested,,3854.42
906258,716519,2024-05-05,Not as Expected,Approved,Store Credit,4484.91
906259,714568,2024-08-18,Size Issue,requested,Original Payment,56758.07
906260,714601,2024-11-25,Changed Mind,Completed,original payment,10768.23
906261,706267,2024-01-18,damaged,approved,original payment,4419.99
906262,705081,2024-03-07,Duplicate Order,Approved,Store Credit,20390.46
906263,713890,2024-05-06,,approved,Store Credit,2231.83
906264,709122,2025-11-04,Damaged,Approved,UPI,2347.75
906265,709552,2025-03-07,damaged,Approved,Store Credit,905.99
906266,707986,2025-05-11,Quality Issue,,Original Payment,3172.51
906267,704969,2025-03-17,damaged,Completed,Bank Transfer,3399.35
906268,705295,2025-03-09,Duplicate Order,Rejected,Store Credit,4581.9
906269,709521,2024-01-26,damaged,requested,Bank Transfer,2068182.89
906270,717655,2024-05-02,damaged,approved,UPI,2458.44
906271,701721,2024-10-03,Quality Issue,approved,Original Payment,2234.57
906272,716882,2024-09-12,Late Delivery,Rejected,,6512.1
906273,701488,2024-08-16,Size Issue,approved,Bank Transfer,2166.83
906274,716135,2025-10-14,Not as Expected,requested,Bank Transfer,933.29
906275,713525,2025-03-11,,,,-500.0
906276,701486,2024-12-07,Duplicate Order,requested,original payment,1494.59
906277,704483,2024-05-31,Not as Expected,approved,UPI,7016.95
906278,704924,2025-12-21,Late Delivery,Requested,Bank Transfer,6128.82
906279,704305,2024-05-22,Quality Issue,Rejected,Bank Transfer,6920.92
906280,716185,2025-05-13,damaged,Completed,original payment,1660.62
906281,712219,2024-11-23,Late Delivery,,Original Payment,6009.88
906282,718627,2024-09-07,Late Delivery,Rejected,UPI,1137.33
906283,718108,2024-03-26,Late Delivery,Completed,UPI,6867.24
906284,718228,2025-12-21,Duplicate Order,Rejected,Original Payment,2878.7
906285,702750,2025-12-28,Size Issue,Rejected,original payment,1407710.69
906286,707615,2025-09-24,Damaged,Completed,UPI,73447.22
906287,704718,2024-03-20,,Requested,Store Credit,913.48
906288,708786,2024-04-22,Duplicate Order,,,1920.3
906289,717050,2024-02-24,damaged,Requested,Bank Transfer,5940.51
906290,709611,2024-03-22,Wrong Item,Rejected,UPI,1215.97
906291,705722,2024-04-26,Quality Issue,Requested,Bank Transfer,14009.08
906292,701872,2024-01-15,Wrong Item,Rejected,,3625.26
906293,709124,2024-05-30,Changed Mind,Requested,Original Payment,7657.37
906294,714502,2024-07-01,,Completed,Original Payment,13594.46
906295,700707,2025-04-01,Not as Expected,Approved,UPI,2741.82
906296,715901,2024-09-16,damaged,Rejected,UPI,5642.81
906297,709888,2024-11-05,Wrong Item,Approved,Store Credit,36550.38
906298,709231,2025-01-12,Duplicate Order,Completed,UPI,603.67
906299,702164,2024-02-23,Changed Mind,Completed,Bank Transfer,159.83
906300,716484,2025-04-30,Not as Expected,requested,Store Credit,2405.44
906301,703536,2024-11-22,Size Issue,Requested,UPI,6898.53
906302,714496,2024-02-14,Wrong Item,approved,Original Payment,1055.54
906303,703386,2025-09-07,Changed Mind,requested,original payment,4949.73
906304,714344,2024-08-14,Duplicate Order,Requested,Store Credit,36949.25
906305,719191,2024-09-30,Not as Expected,Rejected,Original Payment,6662.68
906306,706088,2025-07-04,Not as Expected,requested,UPI,2829.97
906307,705007,2024-03-29,size issue,Rejected,Bank Transfer,7255.62
906308,705557,2025-04-11,Duplicate Order,Rejected,original payment,2862.75
906309,709006,2024-04-23,Damaged,Approved,Bank Transfer,6249.09
906310,708958,2024-04-25,Quality Issue,approved,,2669.31
906311,707613,2024-08-20,Damaged,Approved,original payment,1023.15
906312,717821,2025-06-28,Late Delivery,approved,,7561.95
906313,707385,2024-02-15,damaged,Approved,,822.01
906314,700440,2024-05-13,Duplicate Order,Completed,Store Credit,3282.69
906315,707458,2024-10-11,Changed Mind,Completed,UPI,288.92
906316,718151,2024-05-02,size issue,Completed,Original Payment,0.0
906317,717260,2025-05-15,,Requested,UPI,2754.59
906318,718136,2025-08-21,size issue,approved,Original Payment,1342.87
906319,709003,2024-04-14,Not as Expected,Rejected,Original Payment,16178.83
906320,712482,2024-08-03,Quality Issue,,UPI,4047.96
906321,715103,2025-05-23,size issue,Rejected,Original Payment,1917.54
906322,716296,2024-10-15,Quality Issue,approved,Original Payment,5140.9
906323,709205,2024-05-07,Wrong Item,requested,Bank Transfer,7270.46
906324,709450,2024-11-20,damaged,approved,Original Payment,18672.35
906325,709237,2024-04-23,size issue,requested,Original Payment,0.0
906326,714096,2025-03-23,,,Store Credit,4247.52
906327,710938,2024-05-17,Quality Issue,Rejected,Store Credit,609.66
906328,711987,2025-05-26,Quality Issue,Requested,,10278.77
906329,710123,2025-06-03,Wrong Item,approved,original payment,414.28
906330,713056,2024-02-10,Wrong Item,Completed,Original Payment,13201.08
906331,702513,2024-01-22,Duplicate Order,Rejected,,1597.26
906332,710881,2025-07-02,Changed Mind,Approved,Store Credit,5431.6
906333,702420,2024-07-23,Not as Expected,Requested,Store Credit,24471.26
906334,716036,2025-04-06,Duplicate Order,Rejected,original payment,7542.49
906335,719694,2024-06-17,Damaged,Approved,,4356.43
906336,706315,2024-09-27,Wrong Item,approved,,2846.34
906337,700981,2024-12-01,size issue,approved,Original Payment,2491.51
906338,706804,2025-10-06,Wrong Item,Requested,Bank Transfer,7599.97
906339,713683,2024-05-29,size issue,Approved,UPI,1617.29
906340,713230,2024-06-30,damaged,Completed,original payment,1879.31
906341,701848,2024-03-18,damaged,approved,original payment,1382.23
906342,704499,2025-04-26,Duplicate Order,Approved,Original Payment,6244.76
906343,710520,2025-10-31,damaged,Rejected,,4337.76
906344,709230,2025-03-13,Size Issue,Rejected,Store Credit,402.36
906345,714967,2024-04-19,size issue,requested,,1475.22
906346,714113,2024-08-22,Not as Expected,approved,UPI,1987.44
906347,714422,2024-09-09,Late Delivery,Approved,Bank Transfer,0.0
906348,708207,2025-06-20,Not as Expected,approved,UPI,874.41
906349,701003,2024-09-13,Damaged,Completed,UPI,1744.04
906350,701115,2025-01-15,Size Issue,Rejected,Bank Transfer,1799.44
906351,713629,2024-10-22,Changed Mind,Approved,,646.36
906352,706018,2024-02-22,Duplicate Order,Completed,Original Payment,2550.57
906353,700904,2024-05-14,Size Issue,Approved,Bank Transfer,0.0
906354,702465,2024-07-15,size issue,Requested,Bank Transfer,740.36
906355,703382,2025-10-28,Size Issue,Completed,UPI,12618.51
906356,711592,2024-04-01,Damaged,requested,Bank Transfer,5226.08
906357,705246,2025-12-29,Quality Issue,Approved,Original Payment,3728.64
906358,706818,2024-11-11,size issue,Rejected,Original Payment,37201.58
906359,706493,2025-08-09,damaged,Approved,,50826.53
906360,708902,2024-01-24,Not as Expected,Completed,Original Payment,23394.66
906361,716972,2025-07-12,damaged,Approved,UPI,3964.89
906362,713700,2024-10-16,Late Delivery,Completed,Store Credit,748.74
906363,700496,2024-09-18,Size Issue,requested,,5312.28
906364,705639,2024-11-11,,,original payment,646.76
906365,703549,2025-12-16,Late Delivery,Rejected,UPI,10323.51
906366,711438,2025-11-29,Changed Mind,,Original Payment,58755.87
906367,714668,2024-10-19,size issue,Completed,original payment,24070.16
906368,717359,2024-08-02,Wrong Item,Approved,Original Payment,109.51
906369,712585,2025-10-20,Wrong Item,Rejected,original payment,5471.1
906370,719908,2026-01-03,size issue,,Original Payment,2650.1
906371,703887,2024-09-06,size issue,,Store Credit,19204.18
906372,701139,2024-02-13,Wrong Item,Rejected,,43323.39
906373,703822,2024-01-28,Wrong Item,,,5061.22
906374,707055,2025-02-19,,,Store Credit,816.97
906375,702333,2024-05-24,,requested,Original Payment,3036.63
906376,700127,2025-12-08,size issue,approved,UPI,1345.84
906377,705804,2024-04-05,Damaged,Completed,Store Credit,20861.06
906378,711495,2025-02-01,Late Delivery,Rejected,Original Payment,3945.13
906379,707219,2025-12-09,Damaged,Requested,,4291.86
906380,714330,2025-01-14,,Requested,original payment,674.48
906381,713083,2024-03-02,Damaged,Requested,Original Payment,2358.41
906382,711168,2024-02-04,Quality Issue,Rejected,Store Credit,9035.1
906383,706468,2024-05-04,Damaged,Rejected,original payment,99.14
906384,703430,2024-03-14,Size Issue,requested,Store Credit,4715.05
906385,700857,2025-06-26,size issue,Rejected,,31345.63
906386,702778,2025-01-21,Late Delivery,,Bank Transfer,5718.71
906387,706337,2024-04-28,damaged,,Bank Transfer,3687.45
906388,707710,2025-12-21,Duplicate Order,approved,Store Credit,33318.94
906389,708073,2025-07-30,Size Issue,Approved,Bank Transfer,402.95
906390,719904,2025-10-12,Not as Expected,requested,original payment,16076.17
906391,711687,2025-10-13,Size Issue,requested,,1428.35
906392,719040,2025-10-07,Duplicate Order,,original payment,987.75
906393,719980,2024-07-11,Damaged,Approved,Store Credit,17146.07
906394,715953,2024-04-11,Size Issue,requested,Store Credit,796.97
906395,704416,2025-04-07,Not as Expected,Approved,Original Payment,10330.61
906396,700671,2024-05-11,,,UPI,5400.07
906397,703981,2024-03-05,Not as Expected,requested,Bank Transfer,6597.45
906398,715391,2024-11-24,size issue,Rejected,UPI,4501.53
906399,711189,2024-08-09,damaged,Completed,original payment,4122.01
906400,702626,2024-06-12,Changed Mind,requested,UPI,1364.89
906401,705998,2025-09-22,Quality Issue,Rejected,Store Credit,197154.75
906402,705926,2024-11-21,,Completed,Bank Transfer,1544.51
906403,715149,2026-01-07,size issue,Rejected,Bank Transfer,721.07
906404,712079,2024-02-22,Not as Expected,Approved,Bank Transfer,1843.01
906405,704181,2024-09-01,,Rejected,Bank Transfer,4022.75
906406,716997,2024-10-07,Size Issue,Requested,Store Credit,301.81
906407,707077,2025-03-11,Size Issue,requested,UPI,6151.05
906408,706783,2024-07-29,Duplicate Order,,Original Payment,8692.16
906409,718079,2026-01-03,Wrong Item,Approved,Store Credit,2474.67
906410,708967,2025-02-20,Changed Mind,Approved,original payment,7322.7
906411,717646,2025-10-22,size issue,approved,Original Payment,706.03
906412,719930,2024-11-30,Damaged,Completed,original payment,0.0
906413,704519,2024-04-05,Not as Expected,requested,Store Credit,7302.98
906414,703225,2025-10-12,,Rejected,Store Credit,27381.17
906415,714124,2024-01-18,Changed Mind,Rejected,Store Credit,723.81
906416,702269,2024-09-12,,,Store Credit,820.79
906417,701067,2024-10-01,Damaged,requested,Original Payment,4083.26
906418,715956,2025-06-14,Late Delivery,Completed,UPI,0.0
906419,710667,2024-07-31,Late Delivery,,Bank Transfer,3522.31
906420,701580,2024-10-22,Late Delivery,approved,Store Credit,538.98
906421,718002,2025-07-25,Changed Mind,Approved,Store Credit,878.27
906422,719237,2025-02-13,Not as Expected,,,4423.49
906423,701705,2025-11-09,,,Bank Transfer,1059.67
906424,702997,2025-03-17,Late Delivery,Approved,original payment,4049.54
906425,707619,2025-07-10,damaged,Approved,Store Credit,938.39
906426,709251,2026-01-10,damaged,Completed,original payment,2305.82
906427,700990,2024-11-26,Late Delivery,Approved,original payment,15570.34
906428,706814,2025-09-25,Not as Expected,Completed,Original Payment,6468.62
906429,717365,2025-03-28,Wrong Item,requested,,8266.81
906430,702767,2024-07-30,Late Delivery,Approved,Bank Transfer,4423.18
906431,703804,2024-10-16,damaged,Approved,original payment,15841.11
906432,717407,2025-02-08,Size Issue,requested,Bank Transfer,8200.56
906433,719216,2024-11-13,Changed Mind,Requested,original payment,20934.96
906434,712590,2025-08-29,size issue,,UPI,575.72
906435,700324,2024-04-19,Wrong Item,Rejected,,4149.63
906436,712799,2025-07-02,Not as Expected,Approved,Original Payment,2898.64
906437,706514,2026-01-07,Size Issue,Requested,Bank Transfer,415.31
906438,710068,2024-04-19,,Requested,,1062.97
906439,715719,2024-06-18,Changed Mind,,original payment,12997.13
906440,713446,2025-10-02,Quality Issue,Completed,Original Payment,8453.79
906441,702847,2026-01-19,size issue,,Store Credit,6337.96
906442,714641,2025-12-16,Size Issue,,Original Payment,2079.72
906443,710419,2025-11-21,Quality Issue,Completed,Original Payment,1990.05
906444,711288,2025-10-27,Quality Issue,Requested,Original Payment,1483.12
906445,708392,2024-01-23,Damaged,Requested,Bank Transfer,2083.63
906446,703432,2024-03-09,Size Issue,requested,,26156.66
906447,712174,2025-08-24,Duplicate Order,Requested,UPI,3618.1
906448,709373,2025-05-28,Quality Issue,,Store Credit,368.85
906449,713941,2024-09-12,Changed Mind,approved,Original Payment,1127.92
906450,717272,2025-07-24,Wrong Item,Rejected,Store Credit,2613.34
906451,701604,2024-05-20,damaged,requested,Original Payment,1571.79
906452,717963,2024-05-02,size issue,Rejected,Store Credit,4029.31
906453,715777,2024-11-05,Damaged,approved,UPI,3844.27
906454,708891,2025-12-31,size issue,requested,Original Payment,2645.9
906455,701840,2025-01-02,Damaged,Completed,UPI,941.14
906456,705501,2025-02-14,Not as Expected,requested,Store Credit,839.35
906457,718007,2025-03-19,Wrong Item,Completed,,15608.07
906458,712166,2024-03-31,damaged,Completed,UPI,1472.22
906459,710284,2024-11-10,Duplicate Order,approved,Store Credit,9843.3
906460,719566,2024-08-11,Wrong Item,,Bank Transfer,14051.79
906461,704772,2025-09-06,Changed Mind,approved,Bank Transfer,9331.92
906462,707590,2026-01-03,Damaged,Rejected,Bank Transfer,7835.0
906463,716512,2025-03-29,Damaged,requested,UPI,1015.64
906464,713391,2024-07-08,Size Issue,Completed,UPI,32659.12
906465,705631,2025-05-27,Wrong Item,approved,Original Payment,7787.62
906466,717770,2024-02-17,Not as Expected,Approved,Bank Transfer,4180.07
906467,708324,2024-08-03,Size Issue,Completed,UPI,37439.7
906468,703965,2024-09-27,Wrong Item,,Original Payment,506.79
906469,711226,2025-03-20,Changed Mind,approved,,5706.88
906470,711259,2024-03-02,size issue,Rejected,original payment,1734.29
906471,717241,2024-10-03,size issue,requested,UPI,2613.89
906472,718187,2024-11-18,Duplicate Order,,,4459.7
906473,713521,2025-04-13,Changed Mind,requested,Bank Transfer,2117.08
906474,714991,2024-08-27,Late Delivery,Rejected,Bank Transfer,563.98
906475,707033,2026-01-24,,approved,Original Payment,1765.29
906476,710402,2025-06-03,Changed Mind,requested,original payment,737.34
906477,716601,2024-11-26,size issue,,Original Payment,5008.34
906478,716418,2024-12-15,,Rejected,UPI,1972.65
906479,719109,2024-10-27,Size Issue,requested,Original Payment,7560.59
906480,701926,2025-04-01,Size Issue,requested,Store Credit,218.79
906481,714361,2025-07-07,damaged,,,1336.76
906482,702319,2025-11-01,Quality Issue,Rejected,original payment,763.22
906483,714224,2025-03-25,Size Issue,Requested,,13256.72
906484,712106,2025-09-10,Wrong Item,Requested,Store Credit,22655.26
906485,707751,2024-11-12,Late Delivery,requested,original payment,3840.63
906486,700398,2024-08-09,Quality Issue,Requested,Store Credit,3496.17
906487,701284,2024-10-13,Size Issue,,Store Credit,32748.64
906488,719699,2024-06-20,Wrong Item,requested,original payment,2584.07
906489,714231,2024-11-02,Changed Mind,Rejected,Store Credit,3290.8
906490,703826,2025-04-15,Size Issue,,Bank Transfer,16598.58
906491,704093,2024-02-16,Changed Mind,,Bank Transfer,4858.44
906492,719431,2025-09-16,size issue,,Bank Transfer,2657.86
906493,712396,2025-12-15,Changed Mind,Rejected,Bank Transfer,6299.61
906494,715845,2025-01-06,Late Delivery,,UPI,3595.32
906495,704303,2024-04-21,damaged,Requested,Store Credit,19445.15
906496,707119,2025-10-07,,Requested,Bank Transfer,0.0
906497,709747,2025-04-16,Late Delivery,requested,,7216.18
906498,717002,2024-02-16,Not as Expected,requested,UPI,2048.67
906499,710549,2024-09-24,,Rejected,Original Payment,2008.51
906500,710335,2024-11-07,Late Delivery,Completed,Original Payment,2585.09
903738,711392,2025-01-17,damaged,Approved,Store Credit,2543.89
900487,715638,2025-01-16,Changed Mind,Requested,UPI,1520.06
900274,712511,2024-04-19,Changed Mind,requested,Original Payment,3698.26
905605,701109,2024-07-25,Changed Mind,Requested,UPI,435.21
900886,701564,2024-03-01,Damaged,Rejected,,2699.84
904608,705502,2024-02-07,size issue,Rejected,UPI,4347.77
900073,713917,2024-09-25,Duplicate Order,Requested,Store Credit,3253.77
900018,715266,2025-03-14,Quality Issue,requested,Store Credit,1197.23
904619,707963,2024-02-07,Duplicate Order,Completed,UPI,3785.06
904633,705060,2025-07-24,Damaged,Approved,UPI,2105.12
901219,719497,2025-11-15,size issue,approved,Original Payment,4434.93
905348,712010,2024-11-16,Quality Issue,Requested,,3361.54
903372,706119,2024-07-28,Not as Expected,Requested,UPI,1009.29
901177,718239,2024-04-16,Damaged,,UPI,6673.62
906040,701262,2024-12-12,size issue,Rejected,original payment,6871.22
906301,703536,2024-11-22,Size Issue,Requested,UPI,6898.53
906437,706514,2026-01-07,Size Issue,Requested,Bank Transfer,415.31
901242,701601,2025-05-30,Changed Mind,Requested,original payment,4195.68
903422,702675,2024-06-30,Damaged,Requested,Store Credit,11589.69
904208,719858,2025-01-23,Not as Expected,Approved,Bank Transfer,0.0
902377,710575,2025-08-08,Changed Mind,Completed,UPI,1143.98
900323,718466,2025-02-06,damaged,,UPI,2304.46
901012,714116,2026-01-24,damaged,requested,original payment,1316.01
905179,702802,2024-08-03,Not as Expected,requested,Bank Transfer,0.0
901826,703319,2024-06-28,Not as Expected,Completed,,1239.04
904341,719963,2024-01-14,Wrong Item,Completed,Original Payment,23088.44
902041,704437,2025-05-04,damaged,Completed,UPI,3539.71
900112,716955,2025-07-19,Wrong Item,requested,UPI,4187.54
900368,712484,2025-06-13,Changed Mind,Completed,Original Payment,6054.76
902120,708421,2025-07-24,Wrong Item,Rejected,Original Payment,1766.48
901664,714009,2025-09-08,Quality Issue,,UPI,506.76
901565,706717,2024-11-15,Changed Mind,,Original Payment,7078.92
902771,709100,2024-10-05,Wrong Item,Approved,original payment,3509.23
904173,700008,2024-12-14,Wrong Item,Rejected,Store Credit,3700.73
902898,711939,2024-11-07,Damaged,Requested,UPI,2327.7
902296,719366,2026-01-07,Quality Issue,Approved,original payment,5938.93
902160,713311,2025-12-10,Not as Expected,requested,Original Payment,2325.76
904888,711111,2024-09-06,Wrong Item,Approved,Bank Transfer,14326.83
900545,715653,2024-06-03,Duplicate Order,approved,UPI,14454.0
902164,703594,2025-01-10,Duplicate Order,Requested,UPI,12768.62
900434,715792,2024-09-01,Damaged,Approved,UPI,2424.8
900165,702375,2025-07-09,size issue,requested,,819.71
905167,701971,2025-08-03,Not as Expected,Rejected,Bank Transfer,20227.74
903299,706419,2024-08-01,Changed Mind,Approved,,1804.28
905979,702896,2024-12-20,,Completed,original payment,5372.27
904908,711196,2024-08-10,Damaged,,Bank Transfer,22919.75
900954,715931,2025-12-21,Damaged,Rejected,UPI,4450.29
904291,714139,2024-05-30,size issue,requested,,6840.49
901546,710781,2024-06-26,Wrong Item,Completed,Original Payment,88.59
904422,708283,2024-10-02,Quality Issue,Completed,Store Credit,3199.01
